{"type": "FeatureCollection", "name": "/root/.local/share/mapswipe_workers/api/yes_maybe/yes_maybe_-M56eeMCZ5VeOHjJN4Bx.geojson", "crs": {"type": "name", "properties": {"name": "urn:ogc:def:crs:OGC:1.3:CRS84"}}, "features": [{"type": "Feature", "properties": {"id": 1}, "geometry": {"type": "Polygon", "coordinates": [[[15.9494019, -4.2902662, 0.0], [15.9507751, -4.2902662, 0.0], [15.9521484, -4.2902662, 0.0], [15.9521484, -4.2888967, 0.0], [15.9535217, -4.2888967, 0.0], [15.9535217, -4.2875273, 0.0], [15.954895, -4.2875273, 0.0], [15.954895, -4.2861579, 0.0], [15.9535217, -4.2861579, 0.0], [15.9521484, -4.2861579, 0.0], [15.9507751, -4.2861579, 0.0], [15.9494019, -4.2861579, 0.0], [15.9494019, -4.2875273, 0.0], [15.9494019, -4.2888967, 0.0], [15.9480286, -4.2888967, 0.0], [15.9480286, -4.2902662, 0.0], [15.9480286, -4.2916356, 0.0], [15.9494019, -4.2916356, 0.0], [15.9494019, -4.2902662, 0.0]], [[15.9521484, -4.2888967, 0.0], [15.9507751, -4.2888967, 0.0], [15.9507751, -4.2875273, 0.0], [15.9521484, -4.2875273, 0.0], [15.9521484, -4.2888967, 0.0]]]}}, {"type": "Feature", "properties": {"id": 2}, "geometry": {"type": "Polygon", "coordinates": [[[15.5882263, -4.2573989, 0.0], [15.5882263, -4.2560294, 0.0], [15.5882263, -4.2546598, 0.0], [15.5882263, -4.2532903, 0.0], [15.5882263, -4.2519208, 0.0], [15.5882263, -4.2505513, 0.0], [15.5882263, -4.2491818, 0.0], [15.5882263, -4.2478123, 0.0], [15.586853, -4.2478123, 0.0], [15.586853, -4.2464428, 0.0], [15.5882263, -4.2464428, 0.0], [15.5895996, -4.2464428, 0.0], [15.5909729, -4.2464428, 0.0], [15.5909729, -4.2478123, 0.0], [15.5923462, -4.2478123, 0.0], [15.5923462, -4.2464428, 0.0], [15.5937195, -4.2464428, 0.0], [15.5937195, -4.2478123, 0.0], [15.5937195, -4.2491818, 0.0], [15.5923462, -4.2491818, 0.0], [15.5909729, -4.2491818, 0.0], [15.5895996, -4.2491818, 0.0], [15.5895996, -4.2505513, 0.0], [15.5895996, -4.2519208, 0.0], [15.5909729, -4.2519208, 0.0], [15.5923462, -4.2519208, 0.0], [15.5923462, -4.2505513, 0.0], [15.5937195, -4.2505513, 0.0], [15.5937195, -4.2519208, 0.0], [15.5950928, -4.2519208, 0.0], [15.5950928, -4.2505513, 0.0], [15.5950928, -4.2491818, 0.0], [15.5950928, -4.2478123, 0.0], [15.5964661, -4.2478123, 0.0], [15.5964661, -4.2464428, 0.0], [15.5950928, -4.2464428, 0.0], [15.5950928, -4.2450732, 0.0], [15.5964661, -4.2450732, 0.0], [15.5978394, -4.2450732, 0.0], [15.5978394, -4.2437037, 0.0], [15.5978394, -4.2423342, 0.0], [15.5964661, -4.2423342, 0.0], [15.5964661, -4.2409647, 0.0], [15.5950928, -4.2409647, 0.0], [15.5950928, -4.2395951, 0.0], [15.5937195, -4.2395951, 0.0], [15.5937195, -4.2382256, 0.0], [15.5950928, -4.2382256, 0.0], [15.5950928, -4.2368561, 0.0], [15.5937195, -4.2368561, 0.0], [15.5923462, -4.2368561, 0.0], [15.5909729, -4.2368561, 0.0], [15.5909729, -4.2382256, 0.0], [15.5895996, -4.2382256, 0.0], [15.5895996, -4.2395951, 0.0], [15.5882263, -4.2395951, 0.0], [15.5882263, -4.2382256, 0.0], [15.5882263, -4.2368561, 0.0], [15.5895996, -4.2368561, 0.0], [15.5895996, -4.2354865, 0.0], [15.5882263, -4.2354865, 0.0], [15.586853, -4.2354865, 0.0], [15.5854797, -4.2354865, 0.0], [15.5841064, -4.2354865, 0.0], [15.5827332, -4.2354865, 0.0], [15.5827332, -4.2368561, 0.0], [15.5827332, -4.2382256, 0.0], [15.5827332, -4.2395951, 0.0], [15.5841064, -4.2395951, 0.0], [15.5841064, -4.2409647, 0.0], [15.5827332, -4.2409647, 0.0], [15.5813599, -4.2409647, 0.0], [15.5799866, -4.2409647, 0.0], [15.5786133, -4.2409647, 0.0], [15.57724, -4.2409647, 0.0], [15.5758667, -4.2409647, 0.0], [15.5758667, -4.2423342, 0.0], [15.5758667, -4.2437037, 0.0], [15.5758667, -4.2450732, 0.0], [15.5744934, -4.2450732, 0.0], [15.5744934, -4.2464428, 0.0], [15.5758667, -4.2464428, 0.0], [15.57724, -4.2464428, 0.0], [15.57724, -4.2478123, 0.0], [15.5786133, -4.2478123, 0.0], [15.5786133, -4.2491818, 0.0], [15.5786133, -4.2505513, 0.0], [15.57724, -4.2505513, 0.0], [15.57724, -4.2519208, 0.0], [15.5786133, -4.2519208, 0.0], [15.5786133, -4.2532903, 0.0], [15.5799866, -4.2532903, 0.0], [15.5799866, -4.2519208, 0.0], [15.5799866, -4.2505513, 0.0], [15.5799866, -4.2491818, 0.0], [15.5813599, -4.2491818, 0.0], [15.5813599, -4.2478123, 0.0], [15.5827332, -4.2478123, 0.0], [15.5841064, -4.2478123, 0.0], [15.5841064, -4.2464428, 0.0], [15.5854797, -4.2464428, 0.0], [15.5854797, -4.2478123, 0.0], [15.5854797, -4.2491818, 0.0], [15.5841064, -4.2491818, 0.0], [15.5841064, -4.2505513, 0.0], [15.5827332, -4.2505513, 0.0], [15.5827332, -4.2519208, 0.0], [15.5827332, -4.2532903, 0.0], [15.5841064, -4.2532903, 0.0], [15.5854797, -4.2532903, 0.0], [15.5854797, -4.2546598, 0.0], [15.5854797, -4.2560294, 0.0], [15.586853, -4.2560294, 0.0], [15.586853, -4.2573989, 0.0], [15.586853, -4.2587684, 0.0], [15.5882263, -4.2587684, 0.0], [15.5882263, -4.2573989, 0.0]], [[15.5854797, -4.2532903, 0.0], [15.5854797, -4.2519208, 0.0], [15.586853, -4.2519208, 0.0], [15.586853, -4.2532903, 0.0], [15.5854797, -4.2532903, 0.0]], [[15.5854797, -4.2491818, 0.0], [15.586853, -4.2491818, 0.0], [15.586853, -4.2505513, 0.0], [15.5854797, -4.2505513, 0.0], [15.5854797, -4.2491818, 0.0]]]}}, {"type": "Feature", "properties": {"id": 3}, "geometry": {"type": "Polygon", "coordinates": [[[15.7049561, -4.2108344, 0.0], [15.7049561, -4.212204, 0.0], [15.7063293, -4.212204, 0.0], [15.7077026, -4.212204, 0.0], [15.7077026, -4.2108344, 0.0], [15.7090759, -4.2108344, 0.0], [15.7090759, -4.2094648, 0.0], [15.7104492, -4.2094648, 0.0], [15.7104492, -4.2080952, 0.0], [15.7118225, -4.2080952, 0.0], [15.7118225, -4.2067256, 0.0], [15.7131958, -4.2067256, 0.0], [15.7131958, -4.205356, 0.0], [15.7145691, -4.205356, 0.0], [15.7145691, -4.2039865, 0.0], [15.7159424, -4.2039865, 0.0], [15.7159424, -4.2026169, 0.0], [15.7159424, -4.2012473, 0.0], [15.7145691, -4.2012473, 0.0], [15.7145691, -4.2026169, 0.0], [15.7131958, -4.2026169, 0.0], [15.7131958, -4.2012473, 0.0], [15.7131958, -4.1998777, 0.0], [15.7145691, -4.1998777, 0.0], [15.7159424, -4.1998777, 0.0], [15.7173157, -4.1998777, 0.0], [15.718689, -4.1998777, 0.0], [15.7200623, -4.1998777, 0.0], [15.7200623, -4.2012473, 0.0], [15.7214355, -4.2012473, 0.0], [15.7228088, -4.2012473, 0.0], [15.7228088, -4.2026169, 0.0], [15.7241821, -4.2026169, 0.0], [15.7255554, -4.2026169, 0.0], [15.7255554, -4.2012473, 0.0], [15.7241821, -4.2012473, 0.0], [15.7241821, -4.1998777, 0.0], [15.7228088, -4.1998777, 0.0], [15.7214355, -4.1998777, 0.0], [15.7214355, -4.198508, 0.0], [15.7214355, -4.1971384, 0.0], [15.7200623, -4.1971384, 0.0], [15.7200623, -4.198508, 0.0], [15.718689, -4.198508, 0.0], [15.7173157, -4.198508, 0.0], [15.7173157, -4.1971384, 0.0], [15.7159424, -4.1971384, 0.0], [15.7159424, -4.1957688, 0.0], [15.7159424, -4.1943992, 0.0], [15.7159424, -4.1930296, 0.0], [15.7173157, -4.1930296, 0.0], [15.7173157, -4.19166, 0.0], [15.7159424, -4.19166, 0.0], [15.7145691, -4.19166, 0.0], [15.7145691, -4.1930296, 0.0], [15.7131958, -4.1930296, 0.0], [15.7131958, -4.19166, 0.0], [15.7131958, -4.1902904, 0.0], [15.7145691, -4.1902904, 0.0], [15.7145691, -4.1889207, 0.0], [15.7131958, -4.1889207, 0.0], [15.7131958, -4.1875511, 0.0], [15.7118225, -4.1875511, 0.0], [15.7104492, -4.1875511, 0.0], [15.7104492, -4.1861815, 0.0], [15.7118225, -4.1861815, 0.0], [15.7131958, -4.1861815, 0.0], [15.7131958, -4.1848119, 0.0], [15.7118225, -4.1848119, 0.0], [15.7104492, -4.1848119, 0.0], [15.7104492, -4.1834422, 0.0], [15.7104492, -4.1820726, 0.0], [15.7104492, -4.180703, 0.0], [15.7090759, -4.180703, 0.0], [15.7077026, -4.180703, 0.0], [15.7063293, -4.180703, 0.0], [15.7063293, -4.1793333, 0.0], [15.7063293, -4.1779637, 0.0], [15.7049561, -4.1779637, 0.0], [15.7049561, -4.176594, 0.0], [15.7035828, -4.176594, 0.0], [15.7035828, -4.1752244, 0.0], [15.7022095, -4.1752244, 0.0], [15.7008362, -4.1752244, 0.0], [15.7008362, -4.176594, 0.0], [15.6994629, -4.176594, 0.0], [15.6994629, -4.1752244, 0.0], [15.6980896, -4.1752244, 0.0], [15.6980896, -4.176594, 0.0], [15.6980896, -4.1779637, 0.0], [15.6967163, -4.1779637, 0.0], [15.6967163, -4.1793333, 0.0], [15.6980896, -4.1793333, 0.0], [15.6980896, -4.180703, 0.0], [15.6967163, -4.180703, 0.0], [15.6967163, -4.1820726, 0.0], [15.695343, -4.1820726, 0.0], [15.6939697, -4.1820726, 0.0], [15.6925964, -4.1820726, 0.0], [15.6925964, -4.180703, 0.0], [15.6939697, -4.180703, 0.0], [15.6939697, -4.1793333, 0.0], [15.6925964, -4.1793333, 0.0], [15.6912231, -4.1793333, 0.0], [15.6898499, -4.1793333, 0.0], [15.6898499, -4.180703, 0.0], [15.6884766, -4.180703, 0.0], [15.6884766, -4.1820726, 0.0], [15.6884766, -4.1834422, 0.0], [15.6871033, -4.1834422, 0.0], [15.6871033, -4.1848119, 0.0], [15.6871033, -4.1861815, 0.0], [15.6884766, -4.1861815, 0.0], [15.6898499, -4.1861815, 0.0], [15.6912231, -4.1861815, 0.0], [15.6925964, -4.1861815, 0.0], [15.6925964, -4.1875511, 0.0], [15.6939697, -4.1875511, 0.0], [15.6939697, -4.1889207, 0.0], [15.6939697, -4.1902904, 0.0], [15.695343, -4.1902904, 0.0], [15.695343, -4.19166, 0.0], [15.6939697, -4.19166, 0.0], [15.6939697, -4.1930296, 0.0], [15.6925964, -4.1930296, 0.0], [15.6925964, -4.1943992, 0.0], [15.6912231, -4.1943992, 0.0], [15.6912231, -4.1957688, 0.0], [15.6898499, -4.1957688, 0.0], [15.6898499, -4.1971384, 0.0], [15.6898499, -4.198508, 0.0], [15.6912231, -4.198508, 0.0], [15.6912231, -4.1998777, 0.0], [15.6925964, -4.1998777, 0.0], [15.6925964, -4.2012473, 0.0], [15.6925964, -4.2026169, 0.0], [15.6939697, -4.2026169, 0.0], [15.6939697, -4.2012473, 0.0], [15.695343, -4.2012473, 0.0], [15.695343, -4.2026169, 0.0], [15.695343, -4.2039865, 0.0], [15.6967163, -4.2039865, 0.0], [15.6980896, -4.2039865, 0.0], [15.6980896, -4.205356, 0.0], [15.6994629, -4.205356, 0.0], [15.6994629, -4.2039865, 0.0], [15.6994629, -4.2026169, 0.0], [15.7008362, -4.2026169, 0.0], [15.7022095, -4.2026169, 0.0], [15.7022095, -4.2039865, 0.0], [15.7035828, -4.2039865, 0.0], [15.7049561, -4.2039865, 0.0], [15.7049561, -4.205356, 0.0], [15.7049561, -4.2067256, 0.0], [15.7035828, -4.2067256, 0.0], [15.7035828, -4.2080952, 0.0], [15.7049561, -4.2080952, 0.0], [15.7049561, -4.2094648, 0.0], [15.7063293, -4.2094648, 0.0], [15.7063293, -4.2108344, 0.0], [15.7049561, -4.2108344, 0.0]], [[15.7063293, -4.2094648, 0.0], [15.7063293, -4.2080952, 0.0], [15.7063293, -4.2067256, 0.0], [15.7077026, -4.2067256, 0.0], [15.7077026, -4.2080952, 0.0], [15.7077026, -4.2094648, 0.0], [15.7063293, -4.2094648, 0.0]], [[15.7022095, -4.2026169, 0.0], [15.7022095, -4.2012473, 0.0], [15.7035828, -4.2012473, 0.0], [15.7035828, -4.2026169, 0.0], [15.7022095, -4.2026169, 0.0]], [[15.7104492, -4.2012473, 0.0], [15.7104492, -4.1998777, 0.0], [15.7118225, -4.1998777, 0.0], [15.7118225, -4.2012473, 0.0], [15.7104492, -4.2012473, 0.0]], [[15.7090759, -4.1971384, 0.0], [15.7104492, -4.1971384, 0.0], [15.7104492, -4.198508, 0.0], [15.7090759, -4.198508, 0.0], [15.7090759, -4.1971384, 0.0]], [[15.7049561, -4.19166, 0.0], [15.7049561, -4.1902904, 0.0], [15.7035828, -4.1902904, 0.0], [15.7035828, -4.1889207, 0.0], [15.7049561, -4.1889207, 0.0], [15.7063293, -4.1889207, 0.0], [15.7077026, -4.1889207, 0.0], [15.7077026, -4.1902904, 0.0], [15.7077026, -4.19166, 0.0], [15.7063293, -4.19166, 0.0], [15.7049561, -4.19166, 0.0]], [[15.7104492, -4.19166, 0.0], [15.7104492, -4.1902904, 0.0], [15.7118225, -4.1902904, 0.0], [15.7118225, -4.19166, 0.0], [15.7104492, -4.19166, 0.0]], [[15.6994629, -4.1793333, 0.0], [15.6994629, -4.1779637, 0.0], [15.7008362, -4.1779637, 0.0], [15.7008362, -4.1793333, 0.0], [15.6994629, -4.1793333, 0.0]]]}}, {"type": "Feature", "properties": {"id": 4}, "geometry": {"type": "Polygon", "coordinates": [[[15.5648804, -4.2067256, 0.0], [15.5648804, -4.205356, 0.0], [15.5662537, -4.205356, 0.0], [15.5662537, -4.2039865, 0.0], [15.5662537, -4.2026169, 0.0], [15.567627, -4.2026169, 0.0], [15.567627, -4.2039865, 0.0], [15.5690002, -4.2039865, 0.0], [15.5703735, -4.2039865, 0.0], [15.5703735, -4.2026169, 0.0], [15.5717468, -4.2026169, 0.0], [15.5717468, -4.2012473, 0.0], [15.5703735, -4.2012473, 0.0], [15.5690002, -4.2012473, 0.0], [15.5690002, -4.1998777, 0.0], [15.5690002, -4.198508, 0.0], [15.5690002, -4.1971384, 0.0], [15.5690002, -4.1957688, 0.0], [15.567627, -4.1957688, 0.0], [15.5662537, -4.1957688, 0.0], [15.5648804, -4.1957688, 0.0], [15.5648804, -4.1971384, 0.0], [15.5648804, -4.198508, 0.0], [15.5635071, -4.198508, 0.0], [15.5621338, -4.198508, 0.0], [15.5621338, -4.1971384, 0.0], [15.5621338, -4.1957688, 0.0], [15.5621338, -4.1943992, 0.0], [15.5635071, -4.1943992, 0.0], [15.5648804, -4.1943992, 0.0], [15.5662537, -4.1943992, 0.0], [15.567627, -4.1943992, 0.0], [15.5690002, -4.1943992, 0.0], [15.5690002, -4.1930296, 0.0], [15.567627, -4.1930296, 0.0], [15.5662537, -4.1930296, 0.0], [15.5648804, -4.1930296, 0.0], [15.5635071, -4.1930296, 0.0], [15.5635071, -4.19166, 0.0], [15.5635071, -4.1902904, 0.0], [15.5635071, -4.1889207, 0.0], [15.5635071, -4.1875511, 0.0], [15.5648804, -4.1875511, 0.0], [15.5648804, -4.1861815, 0.0], [15.5662537, -4.1861815, 0.0], [15.567627, -4.1861815, 0.0], [15.5690002, -4.1861815, 0.0], [15.5690002, -4.1848119, 0.0], [15.5690002, -4.1834422, 0.0], [15.5703735, -4.1834422, 0.0], [15.5703735, -4.1820726, 0.0], [15.5690002, -4.1820726, 0.0], [15.5690002, -4.180703, 0.0], [15.5703735, -4.180703, 0.0], [15.5717468, -4.180703, 0.0], [15.5717468, -4.1793333, 0.0], [15.5717468, -4.1779637, 0.0], [15.5703735, -4.1779637, 0.0], [15.5703735, -4.1793333, 0.0], [15.5690002, -4.1793333, 0.0], [15.5690002, -4.1779637, 0.0], [15.567627, -4.1779637, 0.0], [15.5662537, -4.1779637, 0.0], [15.5662537, -4.176594, 0.0], [15.5662537, -4.1752244, 0.0], [15.567627, -4.1752244, 0.0], [15.567627, -4.1738548, 0.0], [15.5690002, -4.1738548, 0.0], [15.5690002, -4.1724851, 0.0], [15.567627, -4.1724851, 0.0], [15.567627, -4.1711155, 0.0], [15.5690002, -4.1711155, 0.0], [15.5690002, -4.1697458, 0.0], [15.5703735, -4.1697458, 0.0], [15.5717468, -4.1697458, 0.0], [15.5717468, -4.1683761, 0.0], [15.5703735, -4.1683761, 0.0], [15.5703735, -4.1670065, 0.0], [15.5717468, -4.1670065, 0.0], [15.5717468, -4.1656368, 0.0], [15.5731201, -4.1656368, 0.0], [15.5731201, -4.1642672, 0.0], [15.5731201, -4.1628975, 0.0], [15.5717468, -4.1628975, 0.0], [15.5703735, -4.1628975, 0.0], [15.5703735, -4.1642672, 0.0], [15.5703735, -4.1656368, 0.0], [15.5690002, -4.1656368, 0.0], [15.5690002, -4.1670065, 0.0], [15.5690002, -4.1683761, 0.0], [15.567627, -4.1683761, 0.0], [15.5662537, -4.1683761, 0.0], [15.5662537, -4.1697458, 0.0], [15.5648804, -4.1697458, 0.0], [15.5648804, -4.1683761, 0.0], [15.5635071, -4.1683761, 0.0], [15.5635071, -4.1697458, 0.0], [15.5621338, -4.1697458, 0.0], [15.5621338, -4.1711155, 0.0], [15.5607605, -4.1711155, 0.0], [15.5607605, -4.1697458, 0.0], [15.5593872, -4.1697458, 0.0], [15.5593872, -4.1683761, 0.0], [15.5580139, -4.1683761, 0.0], [15.5580139, -4.1697458, 0.0], [15.5580139, -4.1711155, 0.0], [15.5566406, -4.1711155, 0.0], [15.5566406, -4.1724851, 0.0], [15.5566406, -4.1738548, 0.0], [15.5566406, -4.1752244, 0.0], [15.5580139, -4.1752244, 0.0], [15.5580139, -4.176594, 0.0], [15.5566406, -4.176594, 0.0], [15.5552673, -4.176594, 0.0], [15.5552673, -4.1779637, 0.0], [15.553894, -4.1779637, 0.0], [15.5525208, -4.1779637, 0.0], [15.5525208, -4.1793333, 0.0], [15.5511475, -4.1793333, 0.0], [15.5511475, -4.1779637, 0.0], [15.5511475, -4.176594, 0.0], [15.5511475, -4.1752244, 0.0], [15.5525208, -4.1752244, 0.0], [15.5525208, -4.1738548, 0.0], [15.5525208, -4.1724851, 0.0], [15.5525208, -4.1711155, 0.0], [15.553894, -4.1711155, 0.0], [15.5552673, -4.1711155, 0.0], [15.5552673, -4.1697458, 0.0], [15.553894, -4.1697458, 0.0], [15.553894, -4.1683761, 0.0], [15.5552673, -4.1683761, 0.0], [15.5552673, -4.1670065, 0.0], [15.553894, -4.1670065, 0.0], [15.5525208, -4.1670065, 0.0], [15.5511475, -4.1670065, 0.0], [15.5497742, -4.1670065, 0.0], [15.5497742, -4.1656368, 0.0], [15.5484009, -4.1656368, 0.0], [15.5484009, -4.1642672, 0.0], [15.5484009, -4.1628975, 0.0], [15.5470276, -4.1628975, 0.0], [15.5456543, -4.1628975, 0.0], [15.544281, -4.1628975, 0.0], [15.5429077, -4.1628975, 0.0], [15.5429077, -4.1642672, 0.0], [15.5429077, -4.1656368, 0.0], [15.5429077, -4.1670065, 0.0], [15.5415344, -4.1670065, 0.0], [15.5415344, -4.1683761, 0.0], [15.5429077, -4.1683761, 0.0], [15.544281, -4.1683761, 0.0], [15.544281, -4.1697458, 0.0], [15.5429077, -4.1697458, 0.0], [15.5415344, -4.1697458, 0.0], [15.5401611, -4.1697458, 0.0], [15.5387878, -4.1697458, 0.0], [15.5374146, -4.1697458, 0.0], [15.5360413, -4.1697458, 0.0], [15.5360413, -4.1711155, 0.0], [15.534668, -4.1711155, 0.0], [15.534668, -4.1724851, 0.0], [15.534668, -4.1738548, 0.0], [15.5360413, -4.1738548, 0.0], [15.5360413, -4.1752244, 0.0], [15.5360413, -4.176594, 0.0], [15.5360413, -4.1779637, 0.0], [15.534668, -4.1779637, 0.0], [15.534668, -4.1793333, 0.0], [15.534668, -4.180703, 0.0], [15.5360413, -4.180703, 0.0], [15.5360413, -4.1793333, 0.0], [15.5374146, -4.1793333, 0.0], [15.5387878, -4.1793333, 0.0], [15.5387878, -4.180703, 0.0], [15.5387878, -4.1820726, 0.0], [15.5401611, -4.1820726, 0.0], [15.5415344, -4.1820726, 0.0], [15.5415344, -4.1834422, 0.0], [15.5415344, -4.1848119, 0.0], [15.5401611, -4.1848119, 0.0], [15.5401611, -4.1861815, 0.0], [15.5415344, -4.1861815, 0.0], [15.5415344, -4.1875511, 0.0], [15.5401611, -4.1875511, 0.0], [15.5401611, -4.1889207, 0.0], [15.5401611, -4.1902904, 0.0], [15.5415344, -4.1902904, 0.0], [15.5415344, -4.1889207, 0.0], [15.5429077, -4.1889207, 0.0], [15.5429077, -4.1902904, 0.0], [15.544281, -4.1902904, 0.0], [15.5456543, -4.1902904, 0.0], [15.5456543, -4.1889207, 0.0], [15.5470276, -4.1889207, 0.0], [15.5470276, -4.1902904, 0.0], [15.5484009, -4.1902904, 0.0], [15.5484009, -4.19166, 0.0], [15.5497742, -4.19166, 0.0], [15.5511475, -4.19166, 0.0], [15.5511475, -4.1930296, 0.0], [15.5497742, -4.1930296, 0.0], [15.5484009, -4.1930296, 0.0], [15.5484009, -4.1943992, 0.0], [15.5497742, -4.1943992, 0.0], [15.5497742, -4.1957688, 0.0], [15.5497742, -4.1971384, 0.0], [15.5484009, -4.1971384, 0.0], [15.5470276, -4.1971384, 0.0], [15.5456543, -4.1971384, 0.0], [15.5456543, -4.198508, 0.0], [15.5456543, -4.1998777, 0.0], [15.5456543, -4.2012473, 0.0], [15.5470276, -4.2012473, 0.0], [15.5470276, -4.2026169, 0.0], [15.5484009, -4.2026169, 0.0], [15.5484009, -4.2039865, 0.0], [15.5497742, -4.2039865, 0.0], [15.5497742, -4.2026169, 0.0], [15.5511475, -4.2026169, 0.0], [15.5511475, -4.2012473, 0.0], [15.5525208, -4.2012473, 0.0], [15.5525208, -4.2026169, 0.0], [15.5525208, -4.2039865, 0.0], [15.553894, -4.2039865, 0.0], [15.5552673, -4.2039865, 0.0], [15.5552673, -4.205356, 0.0], [15.5566406, -4.205356, 0.0], [15.5566406, -4.2067256, 0.0], [15.5580139, -4.2067256, 0.0], [15.5593872, -4.2067256, 0.0], [15.5607605, -4.2067256, 0.0], [15.5607605, -4.2080952, 0.0], [15.5621338, -4.2080952, 0.0], [15.5635071, -4.2080952, 0.0], [15.5648804, -4.2080952, 0.0], [15.5648804, -4.2067256, 0.0]], [[15.5429077, -4.1889207, 0.0], [15.5429077, -4.1875511, 0.0], [15.544281, -4.1875511, 0.0], [15.544281, -4.1889207, 0.0], [15.5429077, -4.1889207, 0.0]], [[15.5415344, -4.1820726, 0.0], [15.5415344, -4.180703, 0.0], [15.5415344, -4.1793333, 0.0], [15.5401611, -4.1793333, 0.0], [15.5401611, -4.1779637, 0.0], [15.5415344, -4.1779637, 0.0], [15.5415344, -4.176594, 0.0], [15.5429077, -4.176594, 0.0], [15.544281, -4.176594, 0.0], [15.5456543, -4.176594, 0.0], [15.5456543, -4.1779637, 0.0], [15.5456543, -4.1793333, 0.0], [15.5456543, -4.180703, 0.0], [15.5456543, -4.1820726, 0.0], [15.544281, -4.1820726, 0.0], [15.544281, -4.1834422, 0.0], [15.544281, -4.1848119, 0.0], [15.5429077, -4.1848119, 0.0], [15.5429077, -4.1834422, 0.0], [15.5429077, -4.1820726, 0.0], [15.5415344, -4.1820726, 0.0]], [[15.5511475, -4.1752244, 0.0], [15.5497742, -4.1752244, 0.0], [15.5497742, -4.1738548, 0.0], [15.5497742, -4.1724851, 0.0], [15.5497742, -4.1711155, 0.0], [15.5511475, -4.1711155, 0.0], [15.5511475, -4.1724851, 0.0], [15.5511475, -4.1738548, 0.0], [15.5511475, -4.1752244, 0.0]], [[15.5621338, -4.1711155, 0.0], [15.5635071, -4.1711155, 0.0], [15.5648804, -4.1711155, 0.0], [15.5648804, -4.1724851, 0.0], [15.5635071, -4.1724851, 0.0], [15.5635071, -4.1738548, 0.0], [15.5621338, -4.1738548, 0.0], [15.5621338, -4.1724851, 0.0], [15.5621338, -4.1711155, 0.0]], [[15.5621338, -4.1943992, 0.0], [15.5607605, -4.1943992, 0.0], [15.5593872, -4.1943992, 0.0], [15.5593872, -4.1930296, 0.0], [15.5607605, -4.1930296, 0.0], [15.5607605, -4.19166, 0.0], [15.5621338, -4.19166, 0.0], [15.5621338, -4.1930296, 0.0], [15.5621338, -4.1943992, 0.0]], [[15.5621338, -4.198508, 0.0], [15.5621338, -4.1998777, 0.0], [15.5621338, -4.2012473, 0.0], [15.5607605, -4.2012473, 0.0], [15.5607605, -4.1998777, 0.0], [15.5607605, -4.198508, 0.0], [15.5621338, -4.198508, 0.0]], [[15.5374146, -4.1752244, 0.0], [15.5387878, -4.1752244, 0.0], [15.5387878, -4.176594, 0.0], [15.5374146, -4.176594, 0.0], [15.5374146, -4.1752244, 0.0]], [[15.5401611, -4.1752244, 0.0], [15.5401611, -4.1738548, 0.0], [15.5415344, -4.1738548, 0.0], [15.5415344, -4.1752244, 0.0], [15.5401611, -4.1752244, 0.0]], [[15.5525208, -4.1957688, 0.0], [15.5525208, -4.1943992, 0.0], [15.5525208, -4.1930296, 0.0], [15.553894, -4.1930296, 0.0], [15.553894, -4.1943992, 0.0], [15.553894, -4.1957688, 0.0], [15.5525208, -4.1957688, 0.0]], [[15.5525208, -4.1998777, 0.0], [15.5511475, -4.1998777, 0.0], [15.5511475, -4.198508, 0.0], [15.5511475, -4.1971384, 0.0], [15.5525208, -4.1971384, 0.0], [15.5525208, -4.198508, 0.0], [15.553894, -4.198508, 0.0], [15.553894, -4.1998777, 0.0], [15.5525208, -4.1998777, 0.0]], [[15.5662537, -4.1793333, 0.0], [15.567627, -4.1793333, 0.0], [15.567627, -4.180703, 0.0], [15.5662537, -4.180703, 0.0], [15.5662537, -4.1793333, 0.0]], [[15.5511475, -4.1834422, 0.0], [15.5511475, -4.1820726, 0.0], [15.5525208, -4.1820726, 0.0], [15.5525208, -4.1834422, 0.0], [15.5511475, -4.1834422, 0.0]], [[15.5635071, -4.1820726, 0.0], [15.5635071, -4.180703, 0.0], [15.5648804, -4.180703, 0.0], [15.5648804, -4.1820726, 0.0], [15.5635071, -4.1820726, 0.0]], [[15.5607605, -4.1738548, 0.0], [15.5593872, -4.1738548, 0.0], [15.5593872, -4.1724851, 0.0], [15.5607605, -4.1724851, 0.0], [15.5607605, -4.1738548, 0.0]], [[15.5456543, -4.1656368, 0.0], [15.5470276, -4.1656368, 0.0], [15.5470276, -4.1670065, 0.0], [15.5456543, -4.1670065, 0.0], [15.5456543, -4.1656368, 0.0]]]}}, {"type": "Feature", "properties": {"id": 5}, "geometry": {"type": "Polygon", "coordinates": [[[15.586853, -4.1834422, 0.0], [15.586853, -4.1820726, 0.0], [15.5854797, -4.1820726, 0.0], [15.5841064, -4.1820726, 0.0], [15.5841064, -4.1834422, 0.0], [15.5841064, -4.1848119, 0.0], [15.5841064, -4.1861815, 0.0], [15.5854797, -4.1861815, 0.0], [15.586853, -4.1861815, 0.0], [15.5882263, -4.1861815, 0.0], [15.5882263, -4.1848119, 0.0], [15.5895996, -4.1848119, 0.0], [15.5895996, -4.1834422, 0.0], [15.5882263, -4.1834422, 0.0], [15.586853, -4.1834422, 0.0]], [[15.586853, -4.1834422, 0.0], [15.586853, -4.1848119, 0.0], [15.5854797, -4.1848119, 0.0], [15.5854797, -4.1834422, 0.0], [15.586853, -4.1834422, 0.0]]]}}, {"type": "Feature", "properties": {"id": 6}, "geometry": {"type": "Polygon", "coordinates": [[[15.5662537, -4.1231761, 0.0], [15.567627, -4.1231761, 0.0], [15.567627, -4.1218064, 0.0], [15.5662537, -4.1218064, 0.0], [15.5662537, -4.1204366, 0.0], [15.567627, -4.1204366, 0.0], [15.5690002, -4.1204366, 0.0], [15.5690002, -4.1190669, 0.0], [15.567627, -4.1190669, 0.0], [15.567627, -4.1176972, 0.0], [15.567627, -4.1163274, 0.0], [15.5690002, -4.1163274, 0.0], [15.5690002, -4.1149577, 0.0], [15.5690002, -4.1135879, 0.0], [15.5690002, -4.1122182, 0.0], [15.567627, -4.1122182, 0.0], [15.5662537, -4.1122182, 0.0], [15.5662537, -4.1108484, 0.0], [15.5662537, -4.1094786, 0.0], [15.5662537, -4.1081089, 0.0], [15.5648804, -4.1081089, 0.0], [15.5648804, -4.1067391, 0.0], [15.5662537, -4.1067391, 0.0], [15.5662537, -4.1053693, 0.0], [15.5648804, -4.1053693, 0.0], [15.5635071, -4.1053693, 0.0], [15.5621338, -4.1053693, 0.0], [15.5621338, -4.1067391, 0.0], [15.5607605, -4.1067391, 0.0], [15.5607605, -4.1053693, 0.0], [15.5593872, -4.1053693, 0.0], [15.5593872, -4.1067391, 0.0], [15.5593872, -4.1081089, 0.0], [15.5593872, -4.1094786, 0.0], [15.5607605, -4.1094786, 0.0], [15.5621338, -4.1094786, 0.0], [15.5635071, -4.1094786, 0.0], [15.5648804, -4.1094786, 0.0], [15.5648804, -4.1108484, 0.0], [15.5635071, -4.1108484, 0.0], [15.5621338, -4.1108484, 0.0], [15.5621338, -4.1122182, 0.0], [15.5607605, -4.1122182, 0.0], [15.5607605, -4.1135879, 0.0], [15.5621338, -4.1135879, 0.0], [15.5621338, -4.1149577, 0.0], [15.5607605, -4.1149577, 0.0], [15.5593872, -4.1149577, 0.0], [15.5593872, -4.1163274, 0.0], [15.5607605, -4.1163274, 0.0], [15.5621338, -4.1163274, 0.0], [15.5635071, -4.1163274, 0.0], [15.5648804, -4.1163274, 0.0], [15.5648804, -4.1176972, 0.0], [15.5648804, -4.1190669, 0.0], [15.5635071, -4.1190669, 0.0], [15.5621338, -4.1190669, 0.0], [15.5607605, -4.1190669, 0.0], [15.5593872, -4.1190669, 0.0], [15.5593872, -4.1204366, 0.0], [15.5607605, -4.1204366, 0.0], [15.5607605, -4.1218064, 0.0], [15.5621338, -4.1218064, 0.0], [15.5635071, -4.1218064, 0.0], [15.5635071, -4.1231761, 0.0], [15.5635071, -4.1245459, 0.0], [15.5648804, -4.1245459, 0.0], [15.5662537, -4.1245459, 0.0], [15.5662537, -4.1231761, 0.0]], [[15.5621338, -4.1067391, 0.0], [15.5635071, -4.1067391, 0.0], [15.5635071, -4.1081089, 0.0], [15.5621338, -4.1081089, 0.0], [15.5621338, -4.1067391, 0.0]], [[15.567627, -4.1163274, 0.0], [15.5662537, -4.1163274, 0.0], [15.5662537, -4.1149577, 0.0], [15.567627, -4.1149577, 0.0], [15.567627, -4.1163274, 0.0]]]}}, {"type": "Feature", "properties": {"id": 7}, "geometry": {"type": "Polygon", "coordinates": [[[15.5332947, -4.1190669, 0.0], [15.5332947, -4.1176972, 0.0], [15.534668, -4.1176972, 0.0], [15.534668, -4.1163274, 0.0], [15.5360413, -4.1163274, 0.0], [15.5360413, -4.1149577, 0.0], [15.534668, -4.1149577, 0.0], [15.534668, -4.1135879, 0.0], [15.5360413, -4.1135879, 0.0], [15.5360413, -4.1122182, 0.0], [15.5374146, -4.1122182, 0.0], [15.5374146, -4.1135879, 0.0], [15.5387878, -4.1135879, 0.0], [15.5387878, -4.1122182, 0.0], [15.5387878, -4.1108484, 0.0], [15.5374146, -4.1108484, 0.0], [15.5374146, -4.1094786, 0.0], [15.5360413, -4.1094786, 0.0], [15.5360413, -4.1081089, 0.0], [15.534668, -4.1081089, 0.0], [15.534668, -4.1067391, 0.0], [15.5332947, -4.1067391, 0.0], [15.5332947, -4.1053693, 0.0], [15.5332947, -4.1039996, 0.0], [15.5319214, -4.1039996, 0.0], [15.5305481, -4.1039996, 0.0], [15.5305481, -4.1026298, 0.0], [15.5319214, -4.1026298, 0.0], [15.5319214, -4.10126, 0.0], [15.5332947, -4.10126, 0.0], [15.534668, -4.10126, 0.0], [15.534668, -4.1026298, 0.0], [15.5360413, -4.1026298, 0.0], [15.5374146, -4.1026298, 0.0], [15.5374146, -4.10126, 0.0], [15.5374146, -4.0998903, 0.0], [15.5387878, -4.0998903, 0.0], [15.5401611, -4.0998903, 0.0], [15.5401611, -4.0985205, 0.0], [15.5401611, -4.0971507, 0.0], [15.5387878, -4.0971507, 0.0], [15.5387878, -4.0957809, 0.0], [15.5374146, -4.0957809, 0.0], [15.5374146, -4.0944111, 0.0], [15.5374146, -4.0930413, 0.0], [15.5374146, -4.0916716, 0.0], [15.5374146, -4.0903018, 0.0], [15.5387878, -4.0903018, 0.0], [15.5387878, -4.088932, 0.0], [15.5374146, -4.088932, 0.0], [15.5360413, -4.088932, 0.0], [15.5360413, -4.0903018, 0.0], [15.534668, -4.0903018, 0.0], [15.5332947, -4.0903018, 0.0], [15.5319214, -4.0903018, 0.0], [15.5319214, -4.088932, 0.0], [15.5319214, -4.0875622, 0.0], [15.5305481, -4.0875622, 0.0], [15.5305481, -4.0861924, 0.0], [15.5291748, -4.0861924, 0.0], [15.5278015, -4.0861924, 0.0], [15.5264282, -4.0861924, 0.0], [15.5264282, -4.0875622, 0.0], [15.5264282, -4.088932, 0.0], [15.5250549, -4.088932, 0.0], [15.5236816, -4.088932, 0.0], [15.5223083, -4.088932, 0.0], [15.5209351, -4.088932, 0.0], [15.5209351, -4.0903018, 0.0], [15.5209351, -4.0916716, 0.0], [15.5195618, -4.0916716, 0.0], [15.5195618, -4.0930413, 0.0], [15.5195618, -4.0944111, 0.0], [15.5209351, -4.0944111, 0.0], [15.5209351, -4.0957809, 0.0], [15.5195618, -4.0957809, 0.0], [15.5195618, -4.0971507, 0.0], [15.5195618, -4.0985205, 0.0], [15.5195618, -4.0998903, 0.0], [15.5209351, -4.0998903, 0.0], [15.5209351, -4.10126, 0.0], [15.5209351, -4.1026298, 0.0], [15.5209351, -4.1039996, 0.0], [15.5223083, -4.1039996, 0.0], [15.5223083, -4.1026298, 0.0], [15.5236816, -4.1026298, 0.0], [15.5236816, -4.10126, 0.0], [15.5250549, -4.10126, 0.0], [15.5250549, -4.1026298, 0.0], [15.5250549, -4.1039996, 0.0], [15.5236816, -4.1039996, 0.0], [15.5236816, -4.1053693, 0.0], [15.5236816, -4.1067391, 0.0], [15.5250549, -4.1067391, 0.0], [15.5250549, -4.1081089, 0.0], [15.5236816, -4.1081089, 0.0], [15.5236816, -4.1094786, 0.0], [15.5250549, -4.1094786, 0.0], [15.5250549, -4.1108484, 0.0], [15.5250549, -4.1122182, 0.0], [15.5250549, -4.1135879, 0.0], [15.5236816, -4.1135879, 0.0], [15.5236816, -4.1149577, 0.0], [15.5236816, -4.1163274, 0.0], [15.5223083, -4.1163274, 0.0], [15.5223083, -4.1176972, 0.0], [15.5236816, -4.1176972, 0.0], [15.5250549, -4.1176972, 0.0], [15.5250549, -4.1190669, 0.0], [15.5264282, -4.1190669, 0.0], [15.5264282, -4.1176972, 0.0], [15.5278015, -4.1176972, 0.0], [15.5278015, -4.1163274, 0.0], [15.5291748, -4.1163274, 0.0], [15.5291748, -4.1176972, 0.0], [15.5305481, -4.1176972, 0.0], [15.5319214, -4.1176972, 0.0], [15.5319214, -4.1190669, 0.0], [15.5319214, -4.1204366, 0.0], [15.5332947, -4.1204366, 0.0], [15.5332947, -4.1190669, 0.0]], [[15.5250549, -4.1135879, 0.0], [15.5264282, -4.1135879, 0.0], [15.5264282, -4.1149577, 0.0], [15.5250549, -4.1149577, 0.0], [15.5250549, -4.1135879, 0.0]], [[15.5387878, -4.0971507, 0.0], [15.5387878, -4.0985205, 0.0], [15.5374146, -4.0985205, 0.0], [15.5374146, -4.0971507, 0.0], [15.5387878, -4.0971507, 0.0]], [[15.5264282, -4.1053693, 0.0], [15.5264282, -4.1039996, 0.0], [15.5278015, -4.1039996, 0.0], [15.5291748, -4.1039996, 0.0], [15.5291748, -4.1053693, 0.0], [15.5291748, -4.1067391, 0.0], [15.5278015, -4.1067391, 0.0], [15.5278015, -4.1053693, 0.0], [15.5264282, -4.1053693, 0.0]], [[15.5278015, -4.1067391, 0.0], [15.5278015, -4.1081089, 0.0], [15.5264282, -4.1081089, 0.0], [15.5264282, -4.1067391, 0.0], [15.5278015, -4.1067391, 0.0]], [[15.5305481, -4.1149577, 0.0], [15.5319214, -4.1149577, 0.0], [15.5319214, -4.1163274, 0.0], [15.5305481, -4.1163274, 0.0], [15.5305481, -4.1149577, 0.0]], [[15.5332947, -4.0930413, 0.0], [15.5332947, -4.0944111, 0.0], [15.5332947, -4.0957809, 0.0], [15.5319214, -4.0957809, 0.0], [15.5319214, -4.0944111, 0.0], [15.5319214, -4.0930413, 0.0], [15.5332947, -4.0930413, 0.0]], [[15.534668, -4.0971507, 0.0], [15.5360413, -4.0971507, 0.0], [15.5360413, -4.0985205, 0.0], [15.5360413, -4.0998903, 0.0], [15.534668, -4.0998903, 0.0], [15.534668, -4.0985205, 0.0], [15.534668, -4.0971507, 0.0]]]}}, {"type": "Feature", "properties": {"id": 8}, "geometry": {"type": "Polygon", "coordinates": [[[15.8999634, -4.1149577, 0.0], [15.8999634, -4.1135879, 0.0], [15.9013367, -4.1135879, 0.0], [15.9013367, -4.1122182, 0.0], [15.8999634, -4.1122182, 0.0], [15.8999634, -4.1108484, 0.0], [15.8999634, -4.1094786, 0.0], [15.9013367, -4.1094786, 0.0], [15.9013367, -4.1081089, 0.0], [15.90271, -4.1081089, 0.0], [15.90271, -4.1067391, 0.0], [15.90271, -4.1053693, 0.0], [15.9013367, -4.1053693, 0.0], [15.9013367, -4.1067391, 0.0], [15.8999634, -4.1067391, 0.0], [15.8985901, -4.1067391, 0.0], [15.8972168, -4.1067391, 0.0], [15.8958435, -4.1067391, 0.0], [15.8944702, -4.1067391, 0.0], [15.8944702, -4.1081089, 0.0], [15.8930969, -4.1081089, 0.0], [15.8930969, -4.1094786, 0.0], [15.8930969, -4.1108484, 0.0], [15.8944702, -4.1108484, 0.0], [15.8958435, -4.1108484, 0.0], [15.8958435, -4.1122182, 0.0], [15.8972168, -4.1122182, 0.0], [15.8972168, -4.1135879, 0.0], [15.8972168, -4.1149577, 0.0], [15.8985901, -4.1149577, 0.0], [15.8985901, -4.1163274, 0.0], [15.8999634, -4.1163274, 0.0], [15.8999634, -4.1149577, 0.0]], [[15.8999634, -4.1094786, 0.0], [15.8985901, -4.1094786, 0.0], [15.8985901, -4.1108484, 0.0], [15.8972168, -4.1108484, 0.0], [15.8972168, -4.1094786, 0.0], [15.8972168, -4.1081089, 0.0], [15.8985901, -4.1081089, 0.0], [15.8999634, -4.1081089, 0.0], [15.8999634, -4.1094786, 0.0]]]}}, {"type": "Feature", "properties": {"id": 9}, "geometry": {"type": "Polygon", "coordinates": [[[15.5470276, -4.0793433, 0.0], [15.5484009, -4.0793433, 0.0], [15.5484009, -4.0779735, 0.0], [15.5497742, -4.0779735, 0.0], [15.5497742, -4.0766037, 0.0], [15.5511475, -4.0766037, 0.0], [15.5525208, -4.0766037, 0.0], [15.5525208, -4.0779735, 0.0], [15.553894, -4.0779735, 0.0], [15.5552673, -4.0779735, 0.0], [15.5552673, -4.0793433, 0.0], [15.5566406, -4.0793433, 0.0], [15.5580139, -4.0793433, 0.0], [15.5593872, -4.0793433, 0.0], [15.5593872, -4.0779735, 0.0], [15.5593872, -4.0766037, 0.0], [15.5607605, -4.0766037, 0.0], [15.5621338, -4.0766037, 0.0], [15.5621338, -4.0752339, 0.0], [15.5621338, -4.0738641, 0.0], [15.5635071, -4.0738641, 0.0], [15.5648804, -4.0738641, 0.0], [15.5648804, -4.0724943, 0.0], [15.5635071, -4.0724943, 0.0], [15.5635071, -4.0711244, 0.0], [15.5648804, -4.0711244, 0.0], [15.5648804, -4.0697546, 0.0], [15.5662537, -4.0697546, 0.0], [15.5662537, -4.0683848, 0.0], [15.5662537, -4.0670149, 0.0], [15.567627, -4.0670149, 0.0], [15.5690002, -4.0670149, 0.0], [15.5703735, -4.0670149, 0.0], [15.5717468, -4.0670149, 0.0], [15.5731201, -4.0670149, 0.0], [15.5744934, -4.0670149, 0.0], [15.5744934, -4.0656451, 0.0], [15.5744934, -4.0642753, 0.0], [15.5744934, -4.0629054, 0.0], [15.5731201, -4.0629054, 0.0], [15.5731201, -4.0615356, 0.0], [15.5744934, -4.0615356, 0.0], [15.5758667, -4.0615356, 0.0], [15.5758667, -4.0601658, 0.0], [15.5758667, -4.0587959, 0.0], [15.57724, -4.0587959, 0.0], [15.5786133, -4.0587959, 0.0], [15.5786133, -4.0574261, 0.0], [15.57724, -4.0574261, 0.0], [15.5758667, -4.0574261, 0.0], [15.5744934, -4.0574261, 0.0], [15.5731201, -4.0574261, 0.0], [15.5731201, -4.0587959, 0.0], [15.5717468, -4.0587959, 0.0], [15.5703735, -4.0587959, 0.0], [15.5690002, -4.0587959, 0.0], [15.5690002, -4.0574261, 0.0], [15.5690002, -4.0560562, 0.0], [15.5703735, -4.0560562, 0.0], [15.5703735, -4.0546864, 0.0], [15.5717468, -4.0546864, 0.0], [15.5731201, -4.0546864, 0.0], [15.5731201, -4.0533165, 0.0], [15.5731201, -4.0519466, 0.0], [15.5717468, -4.0519466, 0.0], [15.5703735, -4.0519466, 0.0], [15.5690002, -4.0519466, 0.0], [15.5690002, -4.0505768, 0.0], [15.5690002, -4.0492069, 0.0], [15.5703735, -4.0492069, 0.0], [15.5703735, -4.0478371, 0.0], [15.5703735, -4.0464672, 0.0], [15.5717468, -4.0464672, 0.0], [15.5717468, -4.0450973, 0.0], [15.5717468, -4.0437275, 0.0], [15.5703735, -4.0437275, 0.0], [15.5703735, -4.0450973, 0.0], [15.5690002, -4.0450973, 0.0], [15.567627, -4.0450973, 0.0], [15.567627, -4.0464672, 0.0], [15.5662537, -4.0464672, 0.0], [15.5648804, -4.0464672, 0.0], [15.5635071, -4.0464672, 0.0], [15.5621338, -4.0464672, 0.0], [15.5607605, -4.0464672, 0.0], [15.5593872, -4.0464672, 0.0], [15.5580139, -4.0464672, 0.0], [15.5566406, -4.0464672, 0.0], [15.5566406, -4.0478371, 0.0], [15.5552673, -4.0478371, 0.0], [15.5552673, -4.0492069, 0.0], [15.553894, -4.0492069, 0.0], [15.553894, -4.0505768, 0.0], [15.5525208, -4.0505768, 0.0], [15.5525208, -4.0519466, 0.0], [15.5511475, -4.0519466, 0.0], [15.5511475, -4.0533165, 0.0], [15.5497742, -4.0533165, 0.0], [15.5497742, -4.0546864, 0.0], [15.5497742, -4.0560562, 0.0], [15.5497742, -4.0574261, 0.0], [15.5484009, -4.0574261, 0.0], [15.5484009, -4.0587959, 0.0], [15.5470276, -4.0587959, 0.0], [15.5470276, -4.0601658, 0.0], [15.5470276, -4.0615356, 0.0], [15.5456543, -4.0615356, 0.0], [15.5456543, -4.0629054, 0.0], [15.5456543, -4.0642753, 0.0], [15.544281, -4.0642753, 0.0], [15.5429077, -4.0642753, 0.0], [15.5429077, -4.0656451, 0.0], [15.5415344, -4.0656451, 0.0], [15.5415344, -4.0670149, 0.0], [15.5401611, -4.0670149, 0.0], [15.5401611, -4.0683848, 0.0], [15.5387878, -4.0683848, 0.0], [15.5374146, -4.0683848, 0.0], [15.5374146, -4.0697546, 0.0], [15.5360413, -4.0697546, 0.0], [15.534668, -4.0697546, 0.0], [15.534668, -4.0711244, 0.0], [15.5332947, -4.0711244, 0.0], [15.5332947, -4.0724943, 0.0], [15.5319214, -4.0724943, 0.0], [15.5319214, -4.0738641, 0.0], [15.5319214, -4.0752339, 0.0], [15.5319214, -4.0766037, 0.0], [15.5332947, -4.0766037, 0.0], [15.5332947, -4.0752339, 0.0], [15.534668, -4.0752339, 0.0], [15.5360413, -4.0752339, 0.0], [15.5374146, -4.0752339, 0.0], [15.5374146, -4.0738641, 0.0], [15.5374146, -4.0724943, 0.0], [15.5360413, -4.0724943, 0.0], [15.5360413, -4.0711244, 0.0], [15.5374146, -4.0711244, 0.0], [15.5387878, -4.0711244, 0.0], [15.5387878, -4.0724943, 0.0], [15.5387878, -4.0738641, 0.0], [15.5387878, -4.0752339, 0.0], [15.5401611, -4.0752339, 0.0], [15.5401611, -4.0766037, 0.0], [15.5415344, -4.0766037, 0.0], [15.5429077, -4.0766037, 0.0], [15.5429077, -4.0779735, 0.0], [15.5429077, -4.0793433, 0.0], [15.544281, -4.0793433, 0.0], [15.5456543, -4.0793433, 0.0], [15.5456543, -4.0807132, 0.0], [15.5470276, -4.0807132, 0.0], [15.5470276, -4.0793433, 0.0]], [[15.5731201, -4.0587959, 0.0], [15.5744934, -4.0587959, 0.0], [15.5744934, -4.0601658, 0.0], [15.5731201, -4.0601658, 0.0], [15.5731201, -4.0587959, 0.0]], [[15.5662537, -4.0670149, 0.0], [15.5648804, -4.0670149, 0.0], [15.5648804, -4.0683848, 0.0], [15.5635071, -4.0683848, 0.0], [15.5635071, -4.0697546, 0.0], [15.5621338, -4.0697546, 0.0], [15.5621338, -4.0683848, 0.0], [15.5607605, -4.0683848, 0.0], [15.5607605, -4.0670149, 0.0], [15.5621338, -4.0670149, 0.0], [15.5621338, -4.0656451, 0.0], [15.5635071, -4.0656451, 0.0], [15.5635071, -4.0642753, 0.0], [15.5648804, -4.0642753, 0.0], [15.5648804, -4.0656451, 0.0], [15.5662537, -4.0656451, 0.0], [15.5662537, -4.0670149, 0.0]], [[15.5484009, -4.0779735, 0.0], [15.5470276, -4.0779735, 0.0], [15.5456543, -4.0779735, 0.0], [15.5456543, -4.0766037, 0.0], [15.5470276, -4.0766037, 0.0], [15.5484009, -4.0766037, 0.0], [15.5484009, -4.0779735, 0.0]], [[15.5415344, -4.0711244, 0.0], [15.5415344, -4.0697546, 0.0], [15.5429077, -4.0697546, 0.0], [15.5429077, -4.0711244, 0.0], [15.5415344, -4.0711244, 0.0]], [[15.5593872, -4.0711244, 0.0], [15.5593872, -4.0697546, 0.0], [15.5607605, -4.0697546, 0.0], [15.5607605, -4.0711244, 0.0], [15.5593872, -4.0711244, 0.0]]]}}, {"type": "Feature", "properties": {"id": 10}, "geometry": {"type": "Polygon", "coordinates": [[[15.8724976, -4.0135897, 0.0], [15.8738708, -4.0135897, 0.0], [15.8752441, -4.0135897, 0.0], [15.8752441, -4.0122198, 0.0], [15.8766174, -4.0122198, 0.0], [15.8766174, -4.0108499, 0.0], [15.8766174, -4.0094799, 0.0], [15.8779907, -4.0094799, 0.0], [15.8779907, -4.0108499, 0.0], [15.879364, -4.0108499, 0.0], [15.879364, -4.0122198, 0.0], [15.879364, -4.0135897, 0.0], [15.8807373, -4.0135897, 0.0], [15.8807373, -4.0149596, 0.0], [15.8821106, -4.0149596, 0.0], [15.8821106, -4.0135897, 0.0], [15.8821106, -4.0122198, 0.0], [15.8807373, -4.0122198, 0.0], [15.8807373, -4.0108499, 0.0], [15.8807373, -4.0094799, 0.0], [15.8807373, -4.00811, 0.0], [15.8821106, -4.00811, 0.0], [15.8821106, -4.0067401, 0.0], [15.8807373, -4.0067401, 0.0], [15.8807373, -4.0053701, 0.0], [15.8807373, -4.0040002, 0.0], [15.8807373, -4.0026302, 0.0], [15.879364, -4.0026302, 0.0], [15.879364, -4.0040002, 0.0], [15.8779907, -4.0040002, 0.0], [15.8766174, -4.0040002, 0.0], [15.8766174, -4.0053701, 0.0], [15.8752441, -4.0053701, 0.0], [15.8752441, -4.0067401, 0.0], [15.8752441, -4.00811, 0.0], [15.8738708, -4.00811, 0.0], [15.8738708, -4.0094799, 0.0], [15.8724976, -4.0094799, 0.0], [15.8724976, -4.0108499, 0.0], [15.8711243, -4.0108499, 0.0], [15.8711243, -4.0122198, 0.0], [15.8711243, -4.0135897, 0.0], [15.869751, -4.0135897, 0.0], [15.869751, -4.0149596, 0.0], [15.8711243, -4.0149596, 0.0], [15.8724976, -4.0149596, 0.0], [15.8724976, -4.0135897, 0.0]], [[15.8738708, -4.0094799, 0.0], [15.8752441, -4.0094799, 0.0], [15.8752441, -4.0108499, 0.0], [15.8738708, -4.0108499, 0.0], [15.8738708, -4.0094799, 0.0]]]}}, {"type": "Feature", "properties": {"id": 11}, "geometry": {"type": "Polygon", "coordinates": [[[15.827179, -5.0184428, 0.0], [15.827179, -5.0198108, 0.0], [15.8285522, -5.0198108, 0.0], [15.8299255, -5.0198108, 0.0], [15.8299255, -5.0184428, 0.0], [15.8285522, -5.0184428, 0.0], [15.827179, -5.0184428, 0.0]]]}}, {"type": "Feature", "properties": {"id": 12}, "geometry": {"type": "Polygon", "coordinates": [[[15.8326721, -5.0143387, 0.0], [15.8326721, -5.0157068, 0.0], [15.8340454, -5.0157068, 0.0], [15.8340454, -5.0143387, 0.0], [15.8326721, -5.0143387, 0.0]]]}}, {"type": "Feature", "properties": {"id": 13}, "geometry": {"type": "Polygon", "coordinates": [[[15.7516479, -5.0129707, 0.0], [15.7516479, -5.0143387, 0.0], [15.7530212, -5.0143387, 0.0], [15.7530212, -5.0129707, 0.0], [15.7516479, -5.0129707, 0.0]]]}}, {"type": "Feature", "properties": {"id": 14}, "geometry": {"type": "Polygon", "coordinates": [[[15.836792, -5.0102346, 0.0], [15.836792, -5.0088666, 0.0], [15.8354187, -5.0088666, 0.0], [15.8354187, -5.0074985, 0.0], [15.8340454, -5.0074985, 0.0], [15.8340454, -5.0088666, 0.0], [15.8326721, -5.0088666, 0.0], [15.8312988, -5.0088666, 0.0], [15.8312988, -5.0102346, 0.0], [15.8312988, -5.0116026, 0.0], [15.8312988, -5.0129707, 0.0], [15.8326721, -5.0129707, 0.0], [15.8326721, -5.0116026, 0.0], [15.8326721, -5.0102346, 0.0], [15.8340454, -5.0102346, 0.0], [15.8354187, -5.0102346, 0.0], [15.8354187, -5.0116026, 0.0], [15.836792, -5.0116026, 0.0], [15.836792, -5.0102346, 0.0]]]}}, {"type": "Feature", "properties": {"id": 15}, "geometry": {"type": "Polygon", "coordinates": [[[15.8244324, -5.0061305, 0.0], [15.8244324, -5.0074985, 0.0], [15.8258057, -5.0074985, 0.0], [15.8258057, -5.0061305, 0.0], [15.8244324, -5.0061305, 0.0]]]}}, {"type": "Feature", "properties": {"id": 16}, "geometry": {"type": "Polygon", "coordinates": [[[15.8477783, -4.9979221, 0.0], [15.8477783, -4.9992902, 0.0], [15.8491516, -4.9992902, 0.0], [15.8491516, -4.9979221, 0.0], [15.8477783, -4.9979221, 0.0]]]}}, {"type": "Feature", "properties": {"id": 17}, "geometry": {"type": "Polygon", "coordinates": [[[15.7447815, -4.9883455, 0.0], [15.7447815, -4.9869774, 0.0], [15.7434082, -4.9869774, 0.0], [15.7434082, -4.9883455, 0.0], [15.7434082, -4.9897136, 0.0], [15.7447815, -4.9897136, 0.0], [15.7447815, -4.9883455, 0.0]]]}}, {"type": "Feature", "properties": {"id": 18}, "geometry": {"type": "Polygon", "coordinates": [[[15.8450317, -4.9869774, 0.0], [15.8450317, -4.9883455, 0.0], [15.846405, -4.9883455, 0.0], [15.846405, -4.9869774, 0.0], [15.8450317, -4.9869774, 0.0]]]}}, {"type": "Feature", "properties": {"id": 19}, "geometry": {"type": "Polygon", "coordinates": [[[15.8395386, -4.9869774, 0.0], [15.8395386, -4.9883455, 0.0], [15.8409119, -4.9883455, 0.0], [15.8422852, -4.9883455, 0.0], [15.8422852, -4.9869774, 0.0], [15.8409119, -4.9869774, 0.0], [15.8395386, -4.9869774, 0.0]]]}}, {"type": "Feature", "properties": {"id": 20}, "geometry": {"type": "Polygon", "coordinates": [[[15.8450317, -4.9897136, 0.0], [15.8450317, -4.9910817, 0.0], [15.846405, -4.9910817, 0.0], [15.846405, -4.9897136, 0.0], [15.8450317, -4.9897136, 0.0]]]}}, {"type": "Feature", "properties": {"id": 21}, "geometry": {"type": "Polygon", "coordinates": [[[15.846405, -4.9842413, 0.0], [15.846405, -4.9856093, 0.0], [15.8477783, -4.9856093, 0.0], [15.8477783, -4.9842413, 0.0], [15.846405, -4.9842413, 0.0]]]}}, {"type": "Feature", "properties": {"id": 22}, "geometry": {"type": "Polygon", "coordinates": [[[15.8436584, -4.9842413, 0.0], [15.8450317, -4.9842413, 0.0], [15.8450317, -4.9828732, 0.0], [15.8436584, -4.9828732, 0.0], [15.8422852, -4.9828732, 0.0], [15.8422852, -4.9842413, 0.0], [15.8422852, -4.9856093, 0.0], [15.8436584, -4.9856093, 0.0], [15.8436584, -4.9842413, 0.0]]]}}, {"type": "Feature", "properties": {"id": 23}, "geometry": {"type": "Polygon", "coordinates": [[[15.8477783, -4.981505, 0.0], [15.8477783, -4.9828732, 0.0], [15.8491516, -4.9828732, 0.0], [15.8505249, -4.9828732, 0.0], [15.8518982, -4.9828732, 0.0], [15.8518982, -4.981505, 0.0], [15.8505249, -4.981505, 0.0], [15.8491516, -4.981505, 0.0], [15.8477783, -4.981505, 0.0]]]}}, {"type": "Feature", "properties": {"id": 24}, "geometry": {"type": "Polygon", "coordinates": [[[15.8422852, -5.0047624, 0.0], [15.8422852, -5.0033943, 0.0], [15.8422852, -5.0020263, 0.0], [15.8409119, -5.0020263, 0.0], [15.8409119, -5.0033943, 0.0], [15.8409119, -5.0047624, 0.0], [15.8409119, -5.0061305, 0.0], [15.8422852, -5.0061305, 0.0], [15.8422852, -5.0047624, 0.0]]]}}, {"type": "Feature", "properties": {"id": 25}, "geometry": {"type": "Polygon", "coordinates": [[[15.8354187, -5.0006582, 0.0], [15.8354187, -4.9992902, 0.0], [15.8340454, -4.9992902, 0.0], [15.8340454, -5.0006582, 0.0], [15.8340454, -5.0020263, 0.0], [15.8354187, -5.0020263, 0.0], [15.8354187, -5.0006582, 0.0]]]}}, {"type": "Feature", "properties": {"id": 26}, "geometry": {"type": "Polygon", "coordinates": [[[15.8518982, -4.9678239, 0.0], [15.8518982, -4.969192, 0.0], [15.8532715, -4.969192, 0.0], [15.8532715, -4.9678239, 0.0], [15.8518982, -4.9678239, 0.0]]]}}, {"type": "Feature", "properties": {"id": 27}, "geometry": {"type": "Polygon", "coordinates": [[[15.846405, -4.9623513, 0.0], [15.846405, -4.9609832, 0.0], [15.8450317, -4.9609832, 0.0], [15.8450317, -4.9623513, 0.0], [15.8450317, -4.9637195, 0.0], [15.846405, -4.9637195, 0.0], [15.846405, -4.9623513, 0.0]]]}}, {"type": "Feature", "properties": {"id": 28}, "geometry": {"type": "Polygon", "coordinates": [[[15.8477783, -4.9609832, 0.0], [15.8477783, -4.9623513, 0.0], [15.8491516, -4.9623513, 0.0], [15.8491516, -4.9609832, 0.0], [15.8477783, -4.9609832, 0.0]]]}}, {"type": "Feature", "properties": {"id": 29}, "geometry": {"type": "Polygon", "coordinates": [[[15.8491516, -4.9541424, 0.0], [15.8505249, -4.9541424, 0.0], [15.8505249, -4.9527742, 0.0], [15.8491516, -4.9527742, 0.0], [15.8477783, -4.9527742, 0.0], [15.8477783, -4.9541424, 0.0], [15.8477783, -4.9555106, 0.0], [15.8491516, -4.9555106, 0.0], [15.8491516, -4.9541424, 0.0]]]}}, {"type": "Feature", "properties": {"id": 30}, "geometry": {"type": "Polygon", "coordinates": [[[15.7228088, -4.9514061, 0.0], [15.7228088, -4.9527742, 0.0], [15.7241821, -4.9527742, 0.0], [15.7241821, -4.9514061, 0.0], [15.7228088, -4.9514061, 0.0]]]}}, {"type": "Feature", "properties": {"id": 31}, "geometry": {"type": "Polygon", "coordinates": [[[15.8120728, -4.9459334, 0.0], [15.8120728, -4.9473016, 0.0], [15.813446, -4.9473016, 0.0], [15.813446, -4.9459334, 0.0], [15.8120728, -4.9459334, 0.0]]]}}, {"type": "Feature", "properties": {"id": 32}, "geometry": {"type": "Polygon", "coordinates": [[[15.6967163, -4.9404607, 0.0], [15.6967163, -4.9418288, 0.0], [15.6980896, -4.9418288, 0.0], [15.6980896, -4.9404607, 0.0], [15.6967163, -4.9404607, 0.0]]]}}, {"type": "Feature", "properties": {"id": 33}, "geometry": {"type": "Polygon", "coordinates": [[[15.7434082, -4.9363561, 0.0], [15.7434082, -4.9349879, 0.0], [15.7420349, -4.9349879, 0.0], [15.7406616, -4.9349879, 0.0], [15.7406616, -4.9363561, 0.0], [15.7420349, -4.9363561, 0.0], [15.7420349, -4.9377243, 0.0], [15.7434082, -4.9377243, 0.0], [15.7434082, -4.9363561, 0.0]]]}}, {"type": "Feature", "properties": {"id": 34}, "geometry": {"type": "Polygon", "coordinates": [[[15.718689, -4.943197, 0.0], [15.718689, -4.9418288, 0.0], [15.7173157, -4.9418288, 0.0], [15.7173157, -4.943197, 0.0], [15.7173157, -4.9445652, 0.0], [15.718689, -4.9445652, 0.0], [15.718689, -4.943197, 0.0]]]}}, {"type": "Feature", "properties": {"id": 35}, "geometry": {"type": "Polygon", "coordinates": [[[15.728302, -4.9404607, 0.0], [15.728302, -4.9418288, 0.0], [15.7296753, -4.9418288, 0.0], [15.7296753, -4.9404607, 0.0], [15.728302, -4.9404607, 0.0]]]}}, {"type": "Feature", "properties": {"id": 36}, "geometry": {"type": "Polygon", "coordinates": [[[15.7873535, -4.9514061, 0.0], [15.7873535, -4.9527742, 0.0], [15.7887268, -4.9527742, 0.0], [15.7887268, -4.9514061, 0.0], [15.7873535, -4.9514061, 0.0]]]}}, {"type": "Feature", "properties": {"id": 37}, "geometry": {"type": "Polygon", "coordinates": [[[15.7337952, -4.9349879, 0.0], [15.7337952, -4.9363561, 0.0], [15.7351685, -4.9363561, 0.0], [15.7351685, -4.9349879, 0.0], [15.7337952, -4.9349879, 0.0]]]}}, {"type": "Feature", "properties": {"id": 38}, "geometry": {"type": "Polygon", "coordinates": [[[15.7255554, -4.9349879, 0.0], [15.7255554, -4.9363561, 0.0], [15.7269287, -4.9363561, 0.0], [15.7269287, -4.9349879, 0.0], [15.7255554, -4.9349879, 0.0]]]}}, {"type": "Feature", "properties": {"id": 39}, "geometry": {"type": "Polygon", "coordinates": [[[15.7447815, -4.9336197, 0.0], [15.7447815, -4.9349879, 0.0], [15.7461548, -4.9349879, 0.0], [15.7461548, -4.9336197, 0.0], [15.7447815, -4.9336197, 0.0]]]}}, {"type": "Feature", "properties": {"id": 40}, "geometry": {"type": "Polygon", "coordinates": [[[15.6980896, -4.9240422, 0.0], [15.6980896, -4.922674, 0.0], [15.6967163, -4.922674, 0.0], [15.6967163, -4.9240422, 0.0], [15.695343, -4.9240422, 0.0], [15.695343, -4.9254104, 0.0], [15.6967163, -4.9254104, 0.0], [15.6980896, -4.9254104, 0.0], [15.6980896, -4.9240422, 0.0]]]}}, {"type": "Feature", "properties": {"id": 41}, "geometry": {"type": "Polygon", "coordinates": [[[15.7035828, -4.922674, 0.0], [15.7035828, -4.9213057, 0.0], [15.7049561, -4.9213057, 0.0], [15.7049561, -4.9199375, 0.0], [15.7035828, -4.9199375, 0.0], [15.7022095, -4.9199375, 0.0], [15.7022095, -4.9213057, 0.0], [15.7022095, -4.922674, 0.0], [15.7022095, -4.9240422, 0.0], [15.7035828, -4.9240422, 0.0], [15.7035828, -4.922674, 0.0]]]}}, {"type": "Feature", "properties": {"id": 42}, "geometry": {"type": "Polygon", "coordinates": [[[15.7063293, -4.922674, 0.0], [15.7063293, -4.9240422, 0.0], [15.7077026, -4.9240422, 0.0], [15.7077026, -4.922674, 0.0], [15.7063293, -4.922674, 0.0]]]}}, {"type": "Feature", "properties": {"id": 43}, "geometry": {"type": "Polygon", "coordinates": [[[15.7173157, -4.922674, 0.0], [15.7173157, -4.9240422, 0.0], [15.718689, -4.9240422, 0.0], [15.718689, -4.922674, 0.0], [15.7173157, -4.922674, 0.0]]]}}, {"type": "Feature", "properties": {"id": 44}, "geometry": {"type": "Polygon", "coordinates": [[[15.7269287, -4.922674, 0.0], [15.7269287, -4.9240422, 0.0], [15.728302, -4.9240422, 0.0], [15.7296753, -4.9240422, 0.0], [15.7296753, -4.922674, 0.0], [15.7310486, -4.922674, 0.0], [15.7310486, -4.9213057, 0.0], [15.7296753, -4.9213057, 0.0], [15.7296753, -4.9199375, 0.0], [15.7296753, -4.9185693, 0.0], [15.728302, -4.9185693, 0.0], [15.7269287, -4.9185693, 0.0], [15.7269287, -4.9199375, 0.0], [15.728302, -4.9199375, 0.0], [15.728302, -4.9213057, 0.0], [15.728302, -4.922674, 0.0], [15.7269287, -4.922674, 0.0]]]}}, {"type": "Feature", "properties": {"id": 45}, "geometry": {"type": "Polygon", "coordinates": [[[15.8477783, -4.922674, 0.0], [15.8477783, -4.9240422, 0.0], [15.8491516, -4.9240422, 0.0], [15.8491516, -4.922674, 0.0], [15.8477783, -4.922674, 0.0]]]}}, {"type": "Feature", "properties": {"id": 46}, "geometry": {"type": "Polygon", "coordinates": [[[15.6912231, -4.9213057, 0.0], [15.6912231, -4.922674, 0.0], [15.6925964, -4.922674, 0.0], [15.6939697, -4.922674, 0.0], [15.6939697, -4.9213057, 0.0], [15.695343, -4.9213057, 0.0], [15.695343, -4.9199375, 0.0], [15.6939697, -4.9199375, 0.0], [15.6925964, -4.9199375, 0.0], [15.6925964, -4.9213057, 0.0], [15.6912231, -4.9213057, 0.0]]]}}, {"type": "Feature", "properties": {"id": 47}, "geometry": {"type": "Polygon", "coordinates": [[[15.7543945, -4.9213057, 0.0], [15.7557678, -4.9213057, 0.0], [15.7557678, -4.9199375, 0.0], [15.7543945, -4.9199375, 0.0], [15.7543945, -4.9185693, 0.0], [15.7530212, -4.9185693, 0.0], [15.7530212, -4.9199375, 0.0], [15.7530212, -4.9213057, 0.0], [15.7530212, -4.922674, 0.0], [15.7543945, -4.922674, 0.0], [15.7543945, -4.9213057, 0.0]]]}}, {"type": "Feature", "properties": {"id": 48}, "geometry": {"type": "Polygon", "coordinates": [[[15.6706238, -4.9199375, 0.0], [15.6706238, -4.9213057, 0.0], [15.6719971, -4.9213057, 0.0], [15.6719971, -4.9199375, 0.0], [15.6706238, -4.9199375, 0.0]]]}}, {"type": "Feature", "properties": {"id": 49}, "geometry": {"type": "Polygon", "coordinates": [[[15.7255554, -4.9199375, 0.0], [15.7255554, -4.9213057, 0.0], [15.7269287, -4.9213057, 0.0], [15.7269287, -4.9199375, 0.0], [15.7255554, -4.9199375, 0.0]]]}}, {"type": "Feature", "properties": {"id": 50}, "geometry": {"type": "Polygon", "coordinates": [[[15.718689, -4.9185693, 0.0], [15.7173157, -4.9185693, 0.0], [15.7173157, -4.9199375, 0.0], [15.718689, -4.9199375, 0.0], [15.7200623, -4.9199375, 0.0], [15.7200623, -4.9185693, 0.0], [15.718689, -4.9185693, 0.0]]]}}, {"type": "Feature", "properties": {"id": 51}, "geometry": {"type": "Polygon", "coordinates": [[[15.7228088, -4.917201, 0.0], [15.7241821, -4.917201, 0.0], [15.7241821, -4.9158328, 0.0], [15.7228088, -4.9158328, 0.0], [15.7228088, -4.9144646, 0.0], [15.7214355, -4.9144646, 0.0], [15.7214355, -4.9158328, 0.0], [15.7214355, -4.917201, 0.0], [15.7228088, -4.917201, 0.0]]]}}, {"type": "Feature", "properties": {"id": 52}, "geometry": {"type": "Polygon", "coordinates": [[[15.7131958, -4.9158328, 0.0], [15.7131958, -4.9144646, 0.0], [15.7118225, -4.9144646, 0.0], [15.7104492, -4.9144646, 0.0], [15.7104492, -4.9158328, 0.0], [15.7104492, -4.917201, 0.0], [15.7118225, -4.917201, 0.0], [15.7131958, -4.917201, 0.0], [15.7131958, -4.9158328, 0.0]]]}}, {"type": "Feature", "properties": {"id": 53}, "geometry": {"type": "Polygon", "coordinates": [[[15.6912231, -4.9117281, 0.0], [15.6912231, -4.9103598, 0.0], [15.6898499, -4.9103598, 0.0], [15.6898499, -4.9089916, 0.0], [15.6884766, -4.9089916, 0.0], [15.6884766, -4.9103598, 0.0], [15.6884766, -4.9117281, 0.0], [15.6884766, -4.9130963, 0.0], [15.6898499, -4.9130963, 0.0], [15.6912231, -4.9130963, 0.0], [15.6912231, -4.9117281, 0.0]]]}}, {"type": "Feature", "properties": {"id": 54}, "geometry": {"type": "Polygon", "coordinates": [[[15.7173157, -4.9117281, 0.0], [15.7173157, -4.9130963, 0.0], [15.718689, -4.9130963, 0.0], [15.718689, -4.9117281, 0.0], [15.7173157, -4.9117281, 0.0]]]}}, {"type": "Feature", "properties": {"id": 55}, "geometry": {"type": "Polygon", "coordinates": [[[15.6678772, -4.9117281, 0.0], [15.6678772, -4.9130963, 0.0], [15.6692505, -4.9130963, 0.0], [15.6706238, -4.9130963, 0.0], [15.6706238, -4.9117281, 0.0], [15.6706238, -4.9103598, 0.0], [15.6692505, -4.9103598, 0.0], [15.6692505, -4.9117281, 0.0], [15.6678772, -4.9117281, 0.0]]]}}, {"type": "Feature", "properties": {"id": 56}, "geometry": {"type": "Polygon", "coordinates": [[[15.7090759, -4.9117281, 0.0], [15.7090759, -4.9130963, 0.0], [15.7104492, -4.9130963, 0.0], [15.7118225, -4.9130963, 0.0], [15.7131958, -4.9130963, 0.0], [15.7131958, -4.9117281, 0.0], [15.7118225, -4.9117281, 0.0], [15.7104492, -4.9117281, 0.0], [15.7090759, -4.9117281, 0.0]]]}}, {"type": "Feature", "properties": {"id": 57}, "geometry": {"type": "Polygon", "coordinates": [[[15.8450317, -4.9103598, 0.0], [15.8450317, -4.9089916, 0.0], [15.8450317, -4.9076233, 0.0], [15.8450317, -4.9062551, 0.0], [15.8436584, -4.9062551, 0.0], [15.8422852, -4.9062551, 0.0], [15.8422852, -4.9076233, 0.0], [15.8436584, -4.9076233, 0.0], [15.8436584, -4.9089916, 0.0], [15.8436584, -4.9103598, 0.0], [15.8436584, -4.9117281, 0.0], [15.8450317, -4.9117281, 0.0], [15.8450317, -4.9103598, 0.0]]]}}, {"type": "Feature", "properties": {"id": 58}, "geometry": {"type": "Polygon", "coordinates": [[[15.7200623, -4.9103598, 0.0], [15.7214355, -4.9103598, 0.0], [15.7214355, -4.9089916, 0.0], [15.7200623, -4.9089916, 0.0], [15.718689, -4.9089916, 0.0], [15.718689, -4.9103598, 0.0], [15.718689, -4.9117281, 0.0], [15.7200623, -4.9117281, 0.0], [15.7200623, -4.9103598, 0.0]]]}}, {"type": "Feature", "properties": {"id": 59}, "geometry": {"type": "Polygon", "coordinates": [[[15.7049561, -4.9103598, 0.0], [15.7049561, -4.9117281, 0.0], [15.7063293, -4.9117281, 0.0], [15.7063293, -4.9103598, 0.0], [15.7049561, -4.9103598, 0.0]]]}}, {"type": "Feature", "properties": {"id": 60}, "geometry": {"type": "Polygon", "coordinates": [[[15.6788635, -4.9089916, 0.0], [15.6788635, -4.9103598, 0.0], [15.6802368, -4.9103598, 0.0], [15.6802368, -4.9089916, 0.0], [15.6788635, -4.9089916, 0.0]]]}}, {"type": "Feature", "properties": {"id": 61}, "geometry": {"type": "Polygon", "coordinates": [[[15.7008362, -4.9089916, 0.0], [15.7008362, -4.9076233, 0.0], [15.6994629, -4.9076233, 0.0], [15.6994629, -4.9089916, 0.0], [15.6994629, -4.9103598, 0.0], [15.7008362, -4.9103598, 0.0], [15.7008362, -4.9089916, 0.0]]]}}, {"type": "Feature", "properties": {"id": 62}, "geometry": {"type": "Polygon", "coordinates": [[[15.7489014, -4.9089916, 0.0], [15.7489014, -4.9103598, 0.0], [15.7502747, -4.9103598, 0.0], [15.7502747, -4.9089916, 0.0], [15.7489014, -4.9089916, 0.0]]]}}, {"type": "Feature", "properties": {"id": 63}, "geometry": {"type": "Polygon", "coordinates": [[[15.7035828, -4.9076233, 0.0], [15.7035828, -4.9089916, 0.0], [15.7049561, -4.9089916, 0.0], [15.7049561, -4.9076233, 0.0], [15.7035828, -4.9076233, 0.0]]]}}, {"type": "Feature", "properties": {"id": 64}, "geometry": {"type": "Polygon", "coordinates": [[[15.7173157, -4.9076233, 0.0], [15.7173157, -4.9089916, 0.0], [15.718689, -4.9089916, 0.0], [15.718689, -4.9076233, 0.0], [15.7173157, -4.9076233, 0.0]]]}}, {"type": "Feature", "properties": {"id": 65}, "geometry": {"type": "Polygon", "coordinates": [[[15.8477783, -4.9048868, 0.0], [15.8477783, -4.9062551, 0.0], [15.8491516, -4.9062551, 0.0], [15.8491516, -4.9048868, 0.0], [15.8477783, -4.9048868, 0.0]]]}}, {"type": "Feature", "properties": {"id": 66}, "geometry": {"type": "Polygon", "coordinates": [[[15.6651306, -4.9035185, 0.0], [15.6651306, -4.9021503, 0.0], [15.6651306, -4.900782, 0.0], [15.6651306, -4.8994137, 0.0], [15.6637573, -4.8994137, 0.0], [15.6637573, -4.900782, 0.0], [15.6637573, -4.9021503, 0.0], [15.6637573, -4.9035185, 0.0], [15.6637573, -4.9048868, 0.0], [15.6651306, -4.9048868, 0.0], [15.6651306, -4.9035185, 0.0]]]}}, {"type": "Feature", "properties": {"id": 67}, "geometry": {"type": "Polygon", "coordinates": [[[15.6417847, -4.9035185, 0.0], [15.6417847, -4.9048868, 0.0], [15.643158, -4.9048868, 0.0], [15.643158, -4.9035185, 0.0], [15.6417847, -4.9035185, 0.0]]]}}, {"type": "Feature", "properties": {"id": 68}, "geometry": {"type": "Polygon", "coordinates": [[[15.8216858, -4.900782, 0.0], [15.8216858, -4.9021503, 0.0], [15.8230591, -4.9021503, 0.0], [15.8230591, -4.900782, 0.0], [15.8216858, -4.900782, 0.0]]]}}, {"type": "Feature", "properties": {"id": 69}, "geometry": {"type": "Polygon", "coordinates": [[[15.7296753, -4.9076233, 0.0], [15.7310486, -4.9076233, 0.0], [15.7310486, -4.9062551, 0.0], [15.7310486, -4.9048868, 0.0], [15.7296753, -4.9048868, 0.0], [15.728302, -4.9048868, 0.0], [15.728302, -4.9062551, 0.0], [15.728302, -4.9076233, 0.0], [15.7296753, -4.9076233, 0.0]]]}}, {"type": "Feature", "properties": {"id": 70}, "geometry": {"type": "Polygon", "coordinates": [[[15.7351685, -4.9062551, 0.0], [15.7351685, -4.9076233, 0.0], [15.7365417, -4.9076233, 0.0], [15.7365417, -4.9062551, 0.0], [15.7351685, -4.9062551, 0.0]]]}}, {"type": "Feature", "properties": {"id": 71}, "geometry": {"type": "Polygon", "coordinates": [[[15.7324219, -4.9035185, 0.0], [15.7324219, -4.9048868, 0.0], [15.7337952, -4.9048868, 0.0], [15.7337952, -4.9035185, 0.0], [15.7324219, -4.9035185, 0.0]]]}}, {"type": "Feature", "properties": {"id": 72}, "geometry": {"type": "Polygon", "coordinates": [[[15.8422852, -4.9035185, 0.0], [15.8422852, -4.9048868, 0.0], [15.8436584, -4.9048868, 0.0], [15.8436584, -4.9035185, 0.0], [15.8422852, -4.9035185, 0.0]]]}}, {"type": "Feature", "properties": {"id": 73}, "geometry": {"type": "Polygon", "coordinates": [[[15.7489014, -4.9035185, 0.0], [15.7489014, -4.9048868, 0.0], [15.7502747, -4.9048868, 0.0], [15.7502747, -4.9035185, 0.0], [15.7489014, -4.9035185, 0.0]]]}}, {"type": "Feature", "properties": {"id": 74}, "geometry": {"type": "Polygon", "coordinates": [[[15.8244324, -4.900782, 0.0], [15.8244324, -4.9021503, 0.0], [15.8258057, -4.9021503, 0.0], [15.8258057, -4.900782, 0.0], [15.8244324, -4.900782, 0.0]]]}}, {"type": "Feature", "properties": {"id": 75}, "geometry": {"type": "Polygon", "coordinates": [[[15.6349182, -4.900782, 0.0], [15.6349182, -4.9021503, 0.0], [15.6362915, -4.9021503, 0.0], [15.6362915, -4.900782, 0.0], [15.6349182, -4.900782, 0.0]]]}}, {"type": "Feature", "properties": {"id": 76}, "geometry": {"type": "Polygon", "coordinates": [[[15.6596375, -4.8980454, 0.0], [15.6610107, -4.8980454, 0.0], [15.6610107, -4.8966772, 0.0], [15.6610107, -4.8953089, 0.0], [15.6610107, -4.8939406, 0.0], [15.6596375, -4.8939406, 0.0], [15.6596375, -4.8953089, 0.0], [15.6582642, -4.8953089, 0.0], [15.6582642, -4.8939406, 0.0], [15.6582642, -4.8925723, 0.0], [15.6582642, -4.891204, 0.0], [15.6568909, -4.891204, 0.0], [15.6568909, -4.8898357, 0.0], [15.6582642, -4.8898357, 0.0], [15.6582642, -4.8884674, 0.0], [15.6568909, -4.8884674, 0.0], [15.6555176, -4.8884674, 0.0], [15.6555176, -4.8898357, 0.0], [15.6555176, -4.891204, 0.0], [15.6555176, -4.8925723, 0.0], [15.6555176, -4.8939406, 0.0], [15.6568909, -4.8939406, 0.0], [15.6568909, -4.8953089, 0.0], [15.6568909, -4.8966772, 0.0], [15.6568909, -4.8980454, 0.0], [15.6582642, -4.8980454, 0.0], [15.6596375, -4.8980454, 0.0]]]}}, {"type": "Feature", "properties": {"id": 77}, "geometry": {"type": "Polygon", "coordinates": [[[15.7241821, -4.8994137, 0.0], [15.7241821, -4.900782, 0.0], [15.7255554, -4.900782, 0.0], [15.7255554, -4.8994137, 0.0], [15.7241821, -4.8994137, 0.0]]]}}, {"type": "Feature", "properties": {"id": 78}, "geometry": {"type": "Polygon", "coordinates": [[[15.7461548, -4.8980454, 0.0], [15.7461548, -4.8994137, 0.0], [15.7475281, -4.8994137, 0.0], [15.7475281, -4.8980454, 0.0], [15.7461548, -4.8980454, 0.0]]]}}, {"type": "Feature", "properties": {"id": 79}, "geometry": {"type": "Polygon", "coordinates": [[[15.7310486, -4.8966772, 0.0], [15.7310486, -4.8980454, 0.0], [15.7324219, -4.8980454, 0.0], [15.7324219, -4.8966772, 0.0], [15.7310486, -4.8966772, 0.0]]]}}, {"type": "Feature", "properties": {"id": 80}, "geometry": {"type": "Polygon", "coordinates": [[[15.7269287, -4.8966772, 0.0], [15.7269287, -4.8980454, 0.0], [15.728302, -4.8980454, 0.0], [15.728302, -4.8966772, 0.0], [15.7269287, -4.8966772, 0.0]]]}}, {"type": "Feature", "properties": {"id": 81}, "geometry": {"type": "Polygon", "coordinates": [[[15.695343, -4.8953089, 0.0], [15.695343, -4.8966772, 0.0], [15.6967163, -4.8966772, 0.0], [15.6967163, -4.8953089, 0.0], [15.695343, -4.8953089, 0.0]]]}}, {"type": "Feature", "properties": {"id": 82}, "geometry": {"type": "Polygon", "coordinates": [[[15.6665039, -4.8939406, 0.0], [15.6665039, -4.8953089, 0.0], [15.6678772, -4.8953089, 0.0], [15.6678772, -4.8939406, 0.0], [15.6665039, -4.8939406, 0.0]]]}}, {"type": "Feature", "properties": {"id": 83}, "geometry": {"type": "Polygon", "coordinates": [[[15.7365417, -4.8925723, 0.0], [15.7365417, -4.8939406, 0.0], [15.737915, -4.8939406, 0.0], [15.737915, -4.8925723, 0.0], [15.7365417, -4.8925723, 0.0]]]}}, {"type": "Feature", "properties": {"id": 84}, "geometry": {"type": "Polygon", "coordinates": [[[15.7324219, -4.891204, 0.0], [15.7324219, -4.8925723, 0.0], [15.7337952, -4.8925723, 0.0], [15.7351685, -4.8925723, 0.0], [15.7351685, -4.891204, 0.0], [15.7337952, -4.891204, 0.0], [15.7324219, -4.891204, 0.0]]]}}, {"type": "Feature", "properties": {"id": 85}, "geometry": {"type": "Polygon", "coordinates": [[[15.8409119, -4.891204, 0.0], [15.8395386, -4.891204, 0.0], [15.8395386, -4.8925723, 0.0], [15.8409119, -4.8925723, 0.0], [15.8422852, -4.8925723, 0.0], [15.8422852, -4.891204, 0.0], [15.8409119, -4.891204, 0.0]]]}}, {"type": "Feature", "properties": {"id": 86}, "geometry": {"type": "Polygon", "coordinates": [[[15.7557678, -4.891204, 0.0], [15.7557678, -4.8925723, 0.0], [15.7571411, -4.8925723, 0.0], [15.7571411, -4.891204, 0.0], [15.7557678, -4.891204, 0.0]]]}}, {"type": "Feature", "properties": {"id": 87}, "geometry": {"type": "Polygon", "coordinates": [[[15.7420349, -4.891204, 0.0], [15.7406616, -4.891204, 0.0], [15.7406616, -4.8925723, 0.0], [15.7420349, -4.8925723, 0.0], [15.7434082, -4.8925723, 0.0], [15.7434082, -4.891204, 0.0], [15.7420349, -4.891204, 0.0]]]}}, {"type": "Feature", "properties": {"id": 88}, "geometry": {"type": "Polygon", "coordinates": [[[15.7392883, -4.8898357, 0.0], [15.7392883, -4.891204, 0.0], [15.7406616, -4.891204, 0.0], [15.7406616, -4.8898357, 0.0], [15.7392883, -4.8898357, 0.0]]]}}, {"type": "Feature", "properties": {"id": 89}, "geometry": {"type": "Polygon", "coordinates": [[[15.7420349, -4.8884674, 0.0], [15.7434082, -4.8884674, 0.0], [15.7434082, -4.8870992, 0.0], [15.7447815, -4.8870992, 0.0], [15.7447815, -4.8857309, 0.0], [15.7447815, -4.8843625, 0.0], [15.7434082, -4.8843625, 0.0], [15.7420349, -4.8843625, 0.0], [15.7406616, -4.8843625, 0.0], [15.7392883, -4.8843625, 0.0], [15.7392883, -4.8857309, 0.0], [15.7406616, -4.8857309, 0.0], [15.7420349, -4.8857309, 0.0], [15.7420349, -4.8870992, 0.0], [15.7406616, -4.8870992, 0.0], [15.7406616, -4.8884674, 0.0], [15.7406616, -4.8898357, 0.0], [15.7420349, -4.8898357, 0.0], [15.7420349, -4.8884674, 0.0]]]}}, {"type": "Feature", "properties": {"id": 90}, "geometry": {"type": "Polygon", "coordinates": [[[15.6349182, -4.8870992, 0.0], [15.6349182, -4.8884674, 0.0], [15.6362915, -4.8884674, 0.0], [15.6362915, -4.8870992, 0.0], [15.6349182, -4.8870992, 0.0]]]}}, {"type": "Feature", "properties": {"id": 91}, "geometry": {"type": "Polygon", "coordinates": [[[15.6376648, -4.8870992, 0.0], [15.6376648, -4.8884674, 0.0], [15.6390381, -4.8884674, 0.0], [15.6390381, -4.8870992, 0.0], [15.6376648, -4.8870992, 0.0]]]}}, {"type": "Feature", "properties": {"id": 92}, "geometry": {"type": "Polygon", "coordinates": [[[15.6774902, -4.8870992, 0.0], [15.6774902, -4.8884674, 0.0], [15.6788635, -4.8884674, 0.0], [15.6788635, -4.8870992, 0.0], [15.6774902, -4.8870992, 0.0]]]}}, {"type": "Feature", "properties": {"id": 93}, "geometry": {"type": "Polygon", "coordinates": [[[15.6912231, -4.8870992, 0.0], [15.6912231, -4.8857309, 0.0], [15.6898499, -4.8857309, 0.0], [15.6898499, -4.8843625, 0.0], [15.6884766, -4.8843625, 0.0], [15.6871033, -4.8843625, 0.0], [15.6871033, -4.8857309, 0.0], [15.6884766, -4.8857309, 0.0], [15.6884766, -4.8870992, 0.0], [15.6884766, -4.8884674, 0.0], [15.6898499, -4.8884674, 0.0], [15.6912231, -4.8884674, 0.0], [15.6912231, -4.8870992, 0.0]]]}}, {"type": "Feature", "properties": {"id": 94}, "geometry": {"type": "Polygon", "coordinates": [[[15.7077026, -4.8870992, 0.0], [15.7077026, -4.8884674, 0.0], [15.7090759, -4.8884674, 0.0], [15.7090759, -4.8870992, 0.0], [15.7077026, -4.8870992, 0.0]]]}}, {"type": "Feature", "properties": {"id": 95}, "geometry": {"type": "Polygon", "coordinates": [[[15.7475281, -4.8857309, 0.0], [15.7475281, -4.8870992, 0.0], [15.7489014, -4.8870992, 0.0], [15.7502747, -4.8870992, 0.0], [15.7502747, -4.8857309, 0.0], [15.7489014, -4.8857309, 0.0], [15.7475281, -4.8857309, 0.0]]]}}, {"type": "Feature", "properties": {"id": 96}, "geometry": {"type": "Polygon", "coordinates": [[[15.7653809, -4.8870992, 0.0], [15.7667542, -4.8870992, 0.0], [15.7667542, -4.8857309, 0.0], [15.7667542, -4.8843625, 0.0], [15.7653809, -4.8843625, 0.0], [15.7640076, -4.8843625, 0.0], [15.7640076, -4.8857309, 0.0], [15.7640076, -4.8870992, 0.0], [15.7653809, -4.8870992, 0.0]]]}}, {"type": "Feature", "properties": {"id": 97}, "geometry": {"type": "Polygon", "coordinates": [[[15.6445312, -4.8857309, 0.0], [15.6445312, -4.8870992, 0.0], [15.6459045, -4.8870992, 0.0], [15.6459045, -4.8857309, 0.0], [15.6445312, -4.8857309, 0.0]]]}}, {"type": "Feature", "properties": {"id": 98}, "geometry": {"type": "Polygon", "coordinates": [[[15.6335449, -4.8843625, 0.0], [15.6335449, -4.8857309, 0.0], [15.6349182, -4.8857309, 0.0], [15.6349182, -4.8843625, 0.0], [15.6335449, -4.8843625, 0.0]]]}}, {"type": "Feature", "properties": {"id": 99}, "geometry": {"type": "Polygon", "coordinates": [[[15.6541443, -4.8829942, 0.0], [15.6541443, -4.8816259, 0.0], [15.652771, -4.8816259, 0.0], [15.652771, -4.8802576, 0.0], [15.6541443, -4.8802576, 0.0], [15.6555176, -4.8802576, 0.0], [15.6555176, -4.8788893, 0.0], [15.6541443, -4.8788893, 0.0], [15.652771, -4.8788893, 0.0], [15.6513977, -4.8788893, 0.0], [15.6513977, -4.8802576, 0.0], [15.6500244, -4.8802576, 0.0], [15.6500244, -4.8816259, 0.0], [15.6513977, -4.8816259, 0.0], [15.6513977, -4.8829942, 0.0], [15.6513977, -4.8843625, 0.0], [15.652771, -4.8843625, 0.0], [15.6541443, -4.8843625, 0.0], [15.6541443, -4.8829942, 0.0]]]}}, {"type": "Feature", "properties": {"id": 100}, "geometry": {"type": "Polygon", "coordinates": [[[15.6843567, -4.8843625, 0.0], [15.6843567, -4.8857309, 0.0], [15.68573, -4.8857309, 0.0], [15.68573, -4.8843625, 0.0], [15.6843567, -4.8843625, 0.0]]]}}, {"type": "Feature", "properties": {"id": 101}, "geometry": {"type": "Polygon", "coordinates": [[[15.6225586, -4.8816259, 0.0], [15.6225586, -4.8829942, 0.0], [15.6239319, -4.8829942, 0.0], [15.6239319, -4.8816259, 0.0], [15.6225586, -4.8816259, 0.0]]]}}, {"type": "Feature", "properties": {"id": 102}, "geometry": {"type": "Polygon", "coordinates": [[[15.761261, -4.8802576, 0.0], [15.7626343, -4.8802576, 0.0], [15.7626343, -4.8788893, 0.0], [15.7626343, -4.877521, 0.0], [15.761261, -4.877521, 0.0], [15.761261, -4.8788893, 0.0], [15.7598877, -4.8788893, 0.0], [15.7598877, -4.8802576, 0.0], [15.7585144, -4.8802576, 0.0], [15.7585144, -4.8816259, 0.0], [15.7598877, -4.8816259, 0.0], [15.761261, -4.8816259, 0.0], [15.761261, -4.8802576, 0.0]]]}}, {"type": "Feature", "properties": {"id": 103}, "geometry": {"type": "Polygon", "coordinates": [[[15.7571411, -4.8816259, 0.0], [15.7571411, -4.8802576, 0.0], [15.7557678, -4.8802576, 0.0], [15.7557678, -4.8788893, 0.0], [15.7543945, -4.8788893, 0.0], [15.7543945, -4.8802576, 0.0], [15.7543945, -4.8816259, 0.0], [15.7557678, -4.8816259, 0.0], [15.7557678, -4.8829942, 0.0], [15.7571411, -4.8829942, 0.0], [15.7571411, -4.8816259, 0.0]]]}}, {"type": "Feature", "properties": {"id": 104}, "geometry": {"type": "Polygon", "coordinates": [[[15.8587646, -4.8788893, 0.0], [15.8587646, -4.8802576, 0.0], [15.8601379, -4.8802576, 0.0], [15.8601379, -4.8788893, 0.0], [15.8587646, -4.8788893, 0.0]]]}}, {"type": "Feature", "properties": {"id": 105}, "geometry": {"type": "Polygon", "coordinates": [[[15.8477783, -4.8788893, 0.0], [15.8477783, -4.8802576, 0.0], [15.8491516, -4.8802576, 0.0], [15.8491516, -4.8788893, 0.0], [15.8477783, -4.8788893, 0.0]]]}}, {"type": "Feature", "properties": {"id": 106}, "geometry": {"type": "Polygon", "coordinates": [[[15.6280518, -4.877521, 0.0], [15.6266785, -4.877521, 0.0], [15.6266785, -4.8788893, 0.0], [15.6280518, -4.8788893, 0.0], [15.629425, -4.8788893, 0.0], [15.629425, -4.877521, 0.0], [15.6280518, -4.877521, 0.0]]]}}, {"type": "Feature", "properties": {"id": 107}, "geometry": {"type": "Polygon", "coordinates": [[[15.7653809, -4.8747844, 0.0], [15.7640076, -4.8747844, 0.0], [15.7640076, -4.8761527, 0.0], [15.7653809, -4.8761527, 0.0], [15.7667542, -4.8761527, 0.0], [15.7667542, -4.8747844, 0.0], [15.7653809, -4.8747844, 0.0]]]}}, {"type": "Feature", "properties": {"id": 108}, "geometry": {"type": "Polygon", "coordinates": [[[15.6472778, -4.8747844, 0.0], [15.6472778, -4.8761527, 0.0], [15.6486511, -4.8761527, 0.0], [15.6486511, -4.8747844, 0.0], [15.6472778, -4.8747844, 0.0]]]}}, {"type": "Feature", "properties": {"id": 109}, "geometry": {"type": "Polygon", "coordinates": [[[15.7653809, -4.877521, 0.0], [15.7653809, -4.8788893, 0.0], [15.7667542, -4.8788893, 0.0], [15.7667542, -4.877521, 0.0], [15.7653809, -4.877521, 0.0]]]}}, {"type": "Feature", "properties": {"id": 110}, "geometry": {"type": "Polygon", "coordinates": [[[15.7200623, -4.877521, 0.0], [15.718689, -4.877521, 0.0], [15.718689, -4.8788893, 0.0], [15.7200623, -4.8788893, 0.0], [15.7214355, -4.8788893, 0.0], [15.7214355, -4.877521, 0.0], [15.7200623, -4.877521, 0.0]]]}}, {"type": "Feature", "properties": {"id": 111}, "geometry": {"type": "Polygon", "coordinates": [[[15.6321716, -4.8761527, 0.0], [15.6307983, -4.8761527, 0.0], [15.6307983, -4.877521, 0.0], [15.6321716, -4.877521, 0.0], [15.6335449, -4.877521, 0.0], [15.6335449, -4.8761527, 0.0], [15.6321716, -4.8761527, 0.0]]]}}, {"type": "Feature", "properties": {"id": 112}, "geometry": {"type": "Polygon", "coordinates": [[[15.7598877, -4.8761527, 0.0], [15.7598877, -4.877521, 0.0], [15.761261, -4.877521, 0.0], [15.761261, -4.8761527, 0.0], [15.7598877, -4.8761527, 0.0]]]}}, {"type": "Feature", "properties": {"id": 113}, "geometry": {"type": "Polygon", "coordinates": [[[15.6362915, -4.8761527, 0.0], [15.6362915, -4.8747844, 0.0], [15.6349182, -4.8747844, 0.0], [15.6349182, -4.8761527, 0.0], [15.6349182, -4.877521, 0.0], [15.6362915, -4.877521, 0.0], [15.6362915, -4.8761527, 0.0]]]}}, {"type": "Feature", "properties": {"id": 114}, "geometry": {"type": "Polygon", "coordinates": [[[15.7173157, -4.8761527, 0.0], [15.7173157, -4.877521, 0.0], [15.718689, -4.877521, 0.0], [15.718689, -4.8761527, 0.0], [15.7173157, -4.8761527, 0.0]]]}}, {"type": "Feature", "properties": {"id": 115}, "geometry": {"type": "Polygon", "coordinates": [[[15.7530212, -4.8761527, 0.0], [15.7530212, -4.877521, 0.0], [15.7543945, -4.877521, 0.0], [15.7543945, -4.8761527, 0.0], [15.7530212, -4.8761527, 0.0]]]}}, {"type": "Feature", "properties": {"id": 116}, "geometry": {"type": "Polygon", "coordinates": [[[15.6610107, -4.8747844, 0.0], [15.6610107, -4.8761527, 0.0], [15.662384, -4.8761527, 0.0], [15.662384, -4.8747844, 0.0], [15.6610107, -4.8747844, 0.0]]]}}, {"type": "Feature", "properties": {"id": 117}, "geometry": {"type": "Polygon", "coordinates": [[[15.7159424, -4.8747844, 0.0], [15.7159424, -4.8761527, 0.0], [15.7173157, -4.8761527, 0.0], [15.7173157, -4.8747844, 0.0], [15.7159424, -4.8747844, 0.0]]]}}, {"type": "Feature", "properties": {"id": 118}, "geometry": {"type": "Polygon", "coordinates": [[[15.7626343, -4.8747844, 0.0], [15.7626343, -4.873416, 0.0], [15.761261, -4.873416, 0.0], [15.761261, -4.8747844, 0.0], [15.761261, -4.8761527, 0.0], [15.7626343, -4.8761527, 0.0], [15.7626343, -4.8747844, 0.0]]]}}, {"type": "Feature", "properties": {"id": 119}, "geometry": {"type": "Polygon", "coordinates": [[[15.7461548, -4.873416, 0.0], [15.7461548, -4.8747844, 0.0], [15.7475281, -4.8747844, 0.0], [15.7475281, -4.873416, 0.0], [15.7461548, -4.873416, 0.0]]]}}, {"type": "Feature", "properties": {"id": 120}, "geometry": {"type": "Polygon", "coordinates": [[[15.718689, -4.873416, 0.0], [15.718689, -4.8747844, 0.0], [15.7200623, -4.8747844, 0.0], [15.7200623, -4.873416, 0.0], [15.718689, -4.873416, 0.0]]]}}, {"type": "Feature", "properties": {"id": 121}, "geometry": {"type": "Polygon", "coordinates": [[[15.7228088, -4.8720477, 0.0], [15.7228088, -4.873416, 0.0], [15.7241821, -4.873416, 0.0], [15.7255554, -4.873416, 0.0], [15.7255554, -4.8720477, 0.0], [15.7241821, -4.8720477, 0.0], [15.7228088, -4.8720477, 0.0]]]}}, {"type": "Feature", "properties": {"id": 122}, "geometry": {"type": "Polygon", "coordinates": [[[15.7667542, -4.8720477, 0.0], [15.7681274, -4.8720477, 0.0], [15.7681274, -4.8706794, 0.0], [15.7667542, -4.8706794, 0.0], [15.7653809, -4.8706794, 0.0], [15.7653809, -4.8720477, 0.0], [15.7653809, -4.873416, 0.0], [15.7667542, -4.873416, 0.0], [15.7667542, -4.8720477, 0.0]]]}}, {"type": "Feature", "properties": {"id": 123}, "geometry": {"type": "Polygon", "coordinates": [[[15.7571411, -4.8720477, 0.0], [15.7571411, -4.873416, 0.0], [15.7585144, -4.873416, 0.0], [15.7585144, -4.8720477, 0.0], [15.7571411, -4.8720477, 0.0]]]}}, {"type": "Feature", "properties": {"id": 124}, "geometry": {"type": "Polygon", "coordinates": [[[15.7447815, -4.8720477, 0.0], [15.7447815, -4.873416, 0.0], [15.7461548, -4.873416, 0.0], [15.7461548, -4.8720477, 0.0], [15.7447815, -4.8720477, 0.0]]]}}, {"type": "Feature", "properties": {"id": 125}, "geometry": {"type": "Polygon", "coordinates": [[[15.6692505, -4.8720477, 0.0], [15.6692505, -4.873416, 0.0], [15.6706238, -4.873416, 0.0], [15.6706238, -4.8720477, 0.0], [15.6692505, -4.8720477, 0.0]]]}}, {"type": "Feature", "properties": {"id": 126}, "geometry": {"type": "Polygon", "coordinates": [[[15.6610107, -4.8720477, 0.0], [15.6596375, -4.8720477, 0.0], [15.6596375, -4.873416, 0.0], [15.6610107, -4.873416, 0.0], [15.662384, -4.873416, 0.0], [15.662384, -4.8720477, 0.0], [15.6610107, -4.8720477, 0.0]]]}}, {"type": "Feature", "properties": {"id": 127}, "geometry": {"type": "Polygon", "coordinates": [[[15.6500244, -4.8720477, 0.0], [15.6513977, -4.8720477, 0.0], [15.6513977, -4.8706794, 0.0], [15.652771, -4.8706794, 0.0], [15.652771, -4.869311, 0.0], [15.6513977, -4.869311, 0.0], [15.6500244, -4.869311, 0.0], [15.6500244, -4.8706794, 0.0], [15.6486511, -4.8706794, 0.0], [15.6486511, -4.8720477, 0.0], [15.6486511, -4.873416, 0.0], [15.6500244, -4.873416, 0.0], [15.6500244, -4.8720477, 0.0]]]}}, {"type": "Feature", "properties": {"id": 128}, "geometry": {"type": "Polygon", "coordinates": [[[15.7736206, -4.8706794, 0.0], [15.7722473, -4.8706794, 0.0], [15.7722473, -4.8720477, 0.0], [15.7736206, -4.8720477, 0.0], [15.7749939, -4.8720477, 0.0], [15.7749939, -4.8706794, 0.0], [15.7736206, -4.8706794, 0.0]]]}}, {"type": "Feature", "properties": {"id": 129}, "geometry": {"type": "Polygon", "coordinates": [[[15.7626343, -4.8706794, 0.0], [15.7626343, -4.869311, 0.0], [15.761261, -4.869311, 0.0], [15.761261, -4.8706794, 0.0], [15.761261, -4.8720477, 0.0], [15.7626343, -4.8720477, 0.0], [15.7640076, -4.8720477, 0.0], [15.7640076, -4.8706794, 0.0], [15.7626343, -4.8706794, 0.0]]]}}, {"type": "Feature", "properties": {"id": 130}, "geometry": {"type": "Polygon", "coordinates": [[[15.7159424, -4.8706794, 0.0], [15.7159424, -4.869311, 0.0], [15.7145691, -4.869311, 0.0], [15.7131958, -4.869311, 0.0], [15.7118225, -4.869311, 0.0], [15.7104492, -4.869311, 0.0], [15.7104492, -4.8706794, 0.0], [15.7104492, -4.8720477, 0.0], [15.7118225, -4.8720477, 0.0], [15.7131958, -4.8720477, 0.0], [15.7131958, -4.8706794, 0.0], [15.7145691, -4.8706794, 0.0], [15.7145691, -4.8720477, 0.0], [15.7159424, -4.8720477, 0.0], [15.7159424, -4.8706794, 0.0]]]}}, {"type": "Feature", "properties": {"id": 131}, "geometry": {"type": "Polygon", "coordinates": [[[15.7365417, -4.8706794, 0.0], [15.7365417, -4.869311, 0.0], [15.7351685, -4.869311, 0.0], [15.7351685, -4.8706794, 0.0], [15.7351685, -4.8720477, 0.0], [15.7365417, -4.8720477, 0.0], [15.7365417, -4.8706794, 0.0]]]}}, {"type": "Feature", "properties": {"id": 132}, "geometry": {"type": "Polygon", "coordinates": [[[15.7269287, -4.8706794, 0.0], [15.7269287, -4.8720477, 0.0], [15.728302, -4.8720477, 0.0], [15.728302, -4.8706794, 0.0], [15.7269287, -4.8706794, 0.0]]]}}, {"type": "Feature", "properties": {"id": 133}, "geometry": {"type": "Polygon", "coordinates": [[[15.6184387, -4.869311, 0.0], [15.6184387, -4.8679427, 0.0], [15.619812, -4.8679427, 0.0], [15.619812, -4.8665744, 0.0], [15.619812, -4.865206, 0.0], [15.6184387, -4.865206, 0.0], [15.6170654, -4.865206, 0.0], [15.6170654, -4.8665744, 0.0], [15.6170654, -4.8679427, 0.0], [15.6170654, -4.869311, 0.0], [15.6170654, -4.8706794, 0.0], [15.6184387, -4.8706794, 0.0], [15.6184387, -4.869311, 0.0]]]}}, {"type": "Feature", "properties": {"id": 134}, "geometry": {"type": "Polygon", "coordinates": [[[15.7653809, -4.869311, 0.0], [15.7653809, -4.8679427, 0.0], [15.7640076, -4.8679427, 0.0], [15.7640076, -4.869311, 0.0], [15.7640076, -4.8706794, 0.0], [15.7653809, -4.8706794, 0.0], [15.7653809, -4.869311, 0.0]]]}}, {"type": "Feature", "properties": {"id": 135}, "geometry": {"type": "Polygon", "coordinates": [[[15.6280518, -4.869311, 0.0], [15.6266785, -4.869311, 0.0], [15.6266785, -4.8706794, 0.0], [15.6280518, -4.8706794, 0.0], [15.629425, -4.8706794, 0.0], [15.629425, -4.869311, 0.0], [15.6280518, -4.869311, 0.0]]]}}, {"type": "Feature", "properties": {"id": 136}, "geometry": {"type": "Polygon", "coordinates": [[[15.7763672, -4.869311, 0.0], [15.7763672, -4.8706794, 0.0], [15.7777405, -4.8706794, 0.0], [15.7791138, -4.8706794, 0.0], [15.7791138, -4.869311, 0.0], [15.7777405, -4.869311, 0.0], [15.7763672, -4.869311, 0.0]]]}}, {"type": "Feature", "properties": {"id": 137}, "geometry": {"type": "Polygon", "coordinates": [[[15.6994629, -4.8679427, 0.0], [15.6994629, -4.8665744, 0.0], [15.6980896, -4.8665744, 0.0], [15.6980896, -4.8679427, 0.0], [15.6980896, -4.869311, 0.0], [15.6994629, -4.869311, 0.0], [15.6994629, -4.8679427, 0.0]]]}}, {"type": "Feature", "properties": {"id": 138}, "geometry": {"type": "Polygon", "coordinates": [[[15.6541443, -4.8679427, 0.0], [15.6555176, -4.8679427, 0.0], [15.6555176, -4.8665744, 0.0], [15.6568909, -4.8665744, 0.0], [15.6568909, -4.865206, 0.0], [15.6582642, -4.865206, 0.0], [15.6582642, -4.8638377, 0.0], [15.6582642, -4.8624693, 0.0], [15.6568909, -4.8624693, 0.0], [15.6568909, -4.8638377, 0.0], [15.6555176, -4.8638377, 0.0], [15.6555176, -4.865206, 0.0], [15.6541443, -4.865206, 0.0], [15.6541443, -4.8665744, 0.0], [15.652771, -4.8665744, 0.0], [15.652771, -4.8679427, 0.0], [15.652771, -4.869311, 0.0], [15.6541443, -4.869311, 0.0], [15.6541443, -4.8679427, 0.0]]]}}, {"type": "Feature", "properties": {"id": 139}, "geometry": {"type": "Polygon", "coordinates": [[[15.7337952, -4.8679427, 0.0], [15.7337952, -4.869311, 0.0], [15.7351685, -4.869311, 0.0], [15.7351685, -4.8679427, 0.0], [15.7337952, -4.8679427, 0.0]]]}}, {"type": "Feature", "properties": {"id": 140}, "geometry": {"type": "Polygon", "coordinates": [[[15.7667542, -4.8679427, 0.0], [15.7667542, -4.869311, 0.0], [15.7681274, -4.869311, 0.0], [15.7681274, -4.8679427, 0.0], [15.7667542, -4.8679427, 0.0]]]}}, {"type": "Feature", "properties": {"id": 141}, "geometry": {"type": "Polygon", "coordinates": [[[15.7049561, -4.8665744, 0.0], [15.7049561, -4.8679427, 0.0], [15.7063293, -4.8679427, 0.0], [15.7063293, -4.8665744, 0.0], [15.7049561, -4.8665744, 0.0]]]}}, {"type": "Feature", "properties": {"id": 142}, "geometry": {"type": "Polygon", "coordinates": [[[15.7159424, -4.865206, 0.0], [15.7159424, -4.8665744, 0.0], [15.7173157, -4.8665744, 0.0], [15.7173157, -4.865206, 0.0], [15.7159424, -4.865206, 0.0]]]}}, {"type": "Feature", "properties": {"id": 143}, "geometry": {"type": "Polygon", "coordinates": [[[15.7077026, -4.865206, 0.0], [15.7077026, -4.8665744, 0.0], [15.7090759, -4.8665744, 0.0], [15.7090759, -4.865206, 0.0], [15.7077026, -4.865206, 0.0]]]}}, {"type": "Feature", "properties": {"id": 144}, "geometry": {"type": "Polygon", "coordinates": [[[15.662384, -4.865206, 0.0], [15.6610107, -4.865206, 0.0], [15.6610107, -4.8665744, 0.0], [15.662384, -4.8665744, 0.0], [15.6637573, -4.8665744, 0.0], [15.6637573, -4.865206, 0.0], [15.662384, -4.865206, 0.0]]]}}, {"type": "Feature", "properties": {"id": 145}, "geometry": {"type": "Polygon", "coordinates": [[[15.6129456, -4.8638377, 0.0], [15.6129456, -4.865206, 0.0], [15.6143188, -4.865206, 0.0], [15.6156921, -4.865206, 0.0], [15.6170654, -4.865206, 0.0], [15.6170654, -4.8638377, 0.0], [15.6156921, -4.8638377, 0.0], [15.6143188, -4.8638377, 0.0], [15.6129456, -4.8638377, 0.0]]]}}, {"type": "Feature", "properties": {"id": 146}, "geometry": {"type": "Polygon", "coordinates": [[[15.6307983, -4.861101, 0.0], [15.6307983, -4.8597326, 0.0], [15.629425, -4.8597326, 0.0], [15.629425, -4.861101, 0.0], [15.6280518, -4.861101, 0.0], [15.6280518, -4.8624693, 0.0], [15.629425, -4.8624693, 0.0], [15.6307983, -4.8624693, 0.0], [15.6307983, -4.861101, 0.0]]]}}, {"type": "Feature", "properties": {"id": 147}, "geometry": {"type": "Polygon", "coordinates": [[[15.8546448, -4.8624693, 0.0], [15.8546448, -4.8638377, 0.0], [15.8560181, -4.8638377, 0.0], [15.8560181, -4.8624693, 0.0], [15.8546448, -4.8624693, 0.0]]]}}, {"type": "Feature", "properties": {"id": 148}, "geometry": {"type": "Polygon", "coordinates": [[[15.8560181, -4.861101, 0.0], [15.8560181, -4.8624693, 0.0], [15.8573914, -4.8624693, 0.0], [15.8573914, -4.861101, 0.0], [15.8560181, -4.861101, 0.0]]]}}, {"type": "Feature", "properties": {"id": 149}, "geometry": {"type": "Polygon", "coordinates": [[[15.7502747, -4.865206, 0.0], [15.7502747, -4.8638377, 0.0], [15.7489014, -4.8638377, 0.0], [15.7475281, -4.8638377, 0.0], [15.7475281, -4.865206, 0.0], [15.7489014, -4.865206, 0.0], [15.7489014, -4.8665744, 0.0], [15.7502747, -4.8665744, 0.0], [15.7502747, -4.865206, 0.0]]]}}, {"type": "Feature", "properties": {"id": 150}, "geometry": {"type": "Polygon", "coordinates": [[[15.737915, -4.8638377, 0.0], [15.737915, -4.865206, 0.0], [15.7392883, -4.865206, 0.0], [15.7392883, -4.8638377, 0.0], [15.737915, -4.8638377, 0.0]]]}}, {"type": "Feature", "properties": {"id": 151}, "geometry": {"type": "Polygon", "coordinates": [[[15.7090759, -4.8638377, 0.0], [15.7090759, -4.865206, 0.0], [15.7104492, -4.865206, 0.0], [15.7104492, -4.8638377, 0.0], [15.7090759, -4.8638377, 0.0]]]}}, {"type": "Feature", "properties": {"id": 152}, "geometry": {"type": "Polygon", "coordinates": [[[15.6912231, -4.8638377, 0.0], [15.6912231, -4.865206, 0.0], [15.6925964, -4.865206, 0.0], [15.6925964, -4.8638377, 0.0], [15.6912231, -4.8638377, 0.0]]]}}, {"type": "Feature", "properties": {"id": 153}, "geometry": {"type": "Polygon", "coordinates": [[[15.619812, -4.8624693, 0.0], [15.619812, -4.8638377, 0.0], [15.6211853, -4.8638377, 0.0], [15.6211853, -4.8624693, 0.0], [15.619812, -4.8624693, 0.0]]]}}, {"type": "Feature", "properties": {"id": 154}, "geometry": {"type": "Polygon", "coordinates": [[[15.6156921, -4.861101, 0.0], [15.6156921, -4.8597326, 0.0], [15.6143188, -4.8597326, 0.0], [15.6129456, -4.8597326, 0.0], [15.6129456, -4.861101, 0.0], [15.6143188, -4.861101, 0.0], [15.6143188, -4.8624693, 0.0], [15.6156921, -4.8624693, 0.0], [15.6156921, -4.861101, 0.0]]]}}, {"type": "Feature", "properties": {"id": 155}, "geometry": {"type": "Polygon", "coordinates": [[[15.7145691, -4.861101, 0.0], [15.7145691, -4.8597326, 0.0], [15.7145691, -4.8583643, 0.0], [15.7131958, -4.8583643, 0.0], [15.7118225, -4.8583643, 0.0], [15.7118225, -4.8597326, 0.0], [15.7118225, -4.861101, 0.0], [15.7131958, -4.861101, 0.0], [15.7131958, -4.8624693, 0.0], [15.7145691, -4.8624693, 0.0], [15.7145691, -4.861101, 0.0]]]}}, {"type": "Feature", "properties": {"id": 156}, "geometry": {"type": "Polygon", "coordinates": [[[15.8546448, -4.8597326, 0.0], [15.8532715, -4.8597326, 0.0], [15.8532715, -4.861101, 0.0], [15.8546448, -4.861101, 0.0], [15.8560181, -4.861101, 0.0], [15.8560181, -4.8597326, 0.0], [15.8546448, -4.8597326, 0.0]]]}}, {"type": "Feature", "properties": {"id": 157}, "geometry": {"type": "Polygon", "coordinates": [[[15.6582642, -4.8597326, 0.0], [15.6582642, -4.861101, 0.0], [15.6596375, -4.861101, 0.0], [15.6596375, -4.8597326, 0.0], [15.6582642, -4.8597326, 0.0]]]}}, {"type": "Feature", "properties": {"id": 158}, "geometry": {"type": "Polygon", "coordinates": [[[15.7077026, -4.8583643, 0.0], [15.7077026, -4.8569959, 0.0], [15.7063293, -4.8569959, 0.0], [15.7049561, -4.8569959, 0.0], [15.7049561, -4.8583643, 0.0], [15.7063293, -4.8583643, 0.0], [15.7063293, -4.8597326, 0.0], [15.7077026, -4.8597326, 0.0], [15.7077026, -4.8583643, 0.0]]]}}, {"type": "Feature", "properties": {"id": 159}, "geometry": {"type": "Polygon", "coordinates": [[[15.7434082, -4.8569959, 0.0], [15.7434082, -4.8583643, 0.0], [15.7447815, -4.8583643, 0.0], [15.7461548, -4.8583643, 0.0], [15.7461548, -4.8569959, 0.0], [15.7447815, -4.8569959, 0.0], [15.7434082, -4.8569959, 0.0]]]}}, {"type": "Feature", "properties": {"id": 160}, "geometry": {"type": "Polygon", "coordinates": [[[15.6156921, -4.8569959, 0.0], [15.6156921, -4.8583643, 0.0], [15.6170654, -4.8583643, 0.0], [15.6170654, -4.8569959, 0.0], [15.6156921, -4.8569959, 0.0]]]}}, {"type": "Feature", "properties": {"id": 161}, "geometry": {"type": "Polygon", "coordinates": [[[15.7626343, -4.8569959, 0.0], [15.7626343, -4.8583643, 0.0], [15.7640076, -4.8583643, 0.0], [15.7640076, -4.8569959, 0.0], [15.7626343, -4.8569959, 0.0]]]}}, {"type": "Feature", "properties": {"id": 162}, "geometry": {"type": "Polygon", "coordinates": [[[15.7571411, -4.8569959, 0.0], [15.7571411, -4.8583643, 0.0], [15.7585144, -4.8583643, 0.0], [15.7585144, -4.8569959, 0.0], [15.7571411, -4.8569959, 0.0]]]}}, {"type": "Feature", "properties": {"id": 163}, "geometry": {"type": "Polygon", "coordinates": [[[15.7640076, -4.8556276, 0.0], [15.7640076, -4.8569959, 0.0], [15.7653809, -4.8569959, 0.0], [15.7653809, -4.8556276, 0.0], [15.7640076, -4.8556276, 0.0]]]}}, {"type": "Feature", "properties": {"id": 164}, "geometry": {"type": "Polygon", "coordinates": [[[15.8422852, -4.8501541, 0.0], [15.8422852, -4.8515225, 0.0], [15.8436584, -4.8515225, 0.0], [15.8436584, -4.8501541, 0.0], [15.8422852, -4.8501541, 0.0]]]}}, {"type": "Feature", "properties": {"id": 165}, "geometry": {"type": "Polygon", "coordinates": [[[15.7846069, -4.8501541, 0.0], [15.7846069, -4.8487857, 0.0], [15.7832336, -4.8487857, 0.0], [15.7832336, -4.8474173, 0.0], [15.7832336, -4.8460489, 0.0], [15.7832336, -4.8446806, 0.0], [15.7846069, -4.8446806, 0.0], [15.7846069, -4.8433122, 0.0], [15.7846069, -4.8419438, 0.0], [15.7832336, -4.8419438, 0.0], [15.7818604, -4.8419438, 0.0], [15.7818604, -4.8433122, 0.0], [15.7818604, -4.8446806, 0.0], [15.7818604, -4.8460489, 0.0], [15.7818604, -4.8474173, 0.0], [15.7818604, -4.8487857, 0.0], [15.7818604, -4.8501541, 0.0], [15.7818604, -4.8515225, 0.0], [15.7832336, -4.8515225, 0.0], [15.7846069, -4.8515225, 0.0], [15.7846069, -4.8501541, 0.0]]]}}, {"type": "Feature", "properties": {"id": 166}, "geometry": {"type": "Polygon", "coordinates": [[[15.6816101, -4.8542592, 0.0], [15.6816101, -4.8528908, 0.0], [15.6802368, -4.8528908, 0.0], [15.6802368, -4.8542592, 0.0], [15.6802368, -4.8556276, 0.0], [15.6816101, -4.8556276, 0.0], [15.6816101, -4.8542592, 0.0]]]}}, {"type": "Feature", "properties": {"id": 167}, "geometry": {"type": "Polygon", "coordinates": [[[15.7118225, -4.8528908, 0.0], [15.7118225, -4.8515225, 0.0], [15.7104492, -4.8515225, 0.0], [15.7104492, -4.8528908, 0.0], [15.7104492, -4.8542592, 0.0], [15.7118225, -4.8542592, 0.0], [15.7118225, -4.8528908, 0.0]]]}}, {"type": "Feature", "properties": {"id": 168}, "geometry": {"type": "Polygon", "coordinates": [[[15.6239319, -4.8515225, 0.0], [15.6253052, -4.8515225, 0.0], [15.6253052, -4.8501541, 0.0], [15.6239319, -4.8501541, 0.0], [15.6225586, -4.8501541, 0.0], [15.6225586, -4.8515225, 0.0], [15.6225586, -4.8528908, 0.0], [15.6239319, -4.8528908, 0.0], [15.6239319, -4.8515225, 0.0]]]}}, {"type": "Feature", "properties": {"id": 169}, "geometry": {"type": "Polygon", "coordinates": [[[15.7063293, -4.8501541, 0.0], [15.7077026, -4.8501541, 0.0], [15.7077026, -4.8487857, 0.0], [15.7063293, -4.8487857, 0.0], [15.7063293, -4.8474173, 0.0], [15.7049561, -4.8474173, 0.0], [15.7035828, -4.8474173, 0.0], [15.7022095, -4.8474173, 0.0], [15.7022095, -4.8487857, 0.0], [15.7035828, -4.8487857, 0.0], [15.7049561, -4.8487857, 0.0], [15.7049561, -4.8501541, 0.0], [15.7049561, -4.8515225, 0.0], [15.7063293, -4.8515225, 0.0], [15.7063293, -4.8501541, 0.0]]]}}, {"type": "Feature", "properties": {"id": 170}, "geometry": {"type": "Polygon", "coordinates": [[[15.6225586, -4.8446806, 0.0], [15.6211853, -4.8446806, 0.0], [15.6211853, -4.8460489, 0.0], [15.6211853, -4.8474173, 0.0], [15.6225586, -4.8474173, 0.0], [15.6239319, -4.8474173, 0.0], [15.6253052, -4.8474173, 0.0], [15.6253052, -4.8460489, 0.0], [15.6239319, -4.8460489, 0.0], [15.6239319, -4.8446806, 0.0], [15.6225586, -4.8446806, 0.0]]]}}, {"type": "Feature", "properties": {"id": 171}, "geometry": {"type": "Polygon", "coordinates": [[[15.7118225, -4.8446806, 0.0], [15.7131958, -4.8446806, 0.0], [15.7131958, -4.8433122, 0.0], [15.7118225, -4.8433122, 0.0], [15.7104492, -4.8433122, 0.0], [15.7104492, -4.8446806, 0.0], [15.7104492, -4.8460489, 0.0], [15.7118225, -4.8460489, 0.0], [15.7118225, -4.8446806, 0.0]]]}}, {"type": "Feature", "properties": {"id": 172}, "geometry": {"type": "Polygon", "coordinates": [[[15.629425, -4.8446806, 0.0], [15.629425, -4.8460489, 0.0], [15.6307983, -4.8460489, 0.0], [15.6307983, -4.8446806, 0.0], [15.629425, -4.8446806, 0.0]]]}}, {"type": "Feature", "properties": {"id": 173}, "geometry": {"type": "Polygon", "coordinates": [[[15.643158, -4.8433122, 0.0], [15.643158, -4.8446806, 0.0], [15.6445312, -4.8446806, 0.0], [15.6445312, -4.8433122, 0.0], [15.643158, -4.8433122, 0.0]]]}}, {"type": "Feature", "properties": {"id": 174}, "geometry": {"type": "Polygon", "coordinates": [[[15.7653809, -4.8419438, 0.0], [15.7653809, -4.8433122, 0.0], [15.7667542, -4.8433122, 0.0], [15.7667542, -4.8419438, 0.0], [15.7653809, -4.8419438, 0.0]]]}}, {"type": "Feature", "properties": {"id": 175}, "geometry": {"type": "Polygon", "coordinates": [[[15.7145691, -4.8419438, 0.0], [15.7145691, -4.8405754, 0.0], [15.7131958, -4.8405754, 0.0], [15.7131958, -4.8419438, 0.0], [15.7131958, -4.8433122, 0.0], [15.7145691, -4.8433122, 0.0], [15.7145691, -4.8419438, 0.0]]]}}, {"type": "Feature", "properties": {"id": 176}, "geometry": {"type": "Polygon", "coordinates": [[[15.8052063, -4.8419438, 0.0], [15.8052063, -4.8405754, 0.0], [15.803833, -4.8405754, 0.0], [15.803833, -4.8419438, 0.0], [15.803833, -4.8433122, 0.0], [15.8052063, -4.8433122, 0.0], [15.8052063, -4.8419438, 0.0]]]}}, {"type": "Feature", "properties": {"id": 177}, "geometry": {"type": "Polygon", "coordinates": [[[15.6266785, -4.8405754, 0.0], [15.6266785, -4.839207, 0.0], [15.6253052, -4.839207, 0.0], [15.6253052, -4.8405754, 0.0], [15.6253052, -4.8419438, 0.0], [15.6266785, -4.8419438, 0.0], [15.6266785, -4.8405754, 0.0]]]}}, {"type": "Feature", "properties": {"id": 178}, "geometry": {"type": "Polygon", "coordinates": [[[15.7969666, -4.8405754, 0.0], [15.7969666, -4.8419438, 0.0], [15.7983398, -4.8419438, 0.0], [15.7983398, -4.8405754, 0.0], [15.7969666, -4.8405754, 0.0]]]}}, {"type": "Feature", "properties": {"id": 179}, "geometry": {"type": "Polygon", "coordinates": [[[15.6513977, -4.839207, 0.0], [15.6513977, -4.8405754, 0.0], [15.652771, -4.8405754, 0.0], [15.652771, -4.839207, 0.0], [15.6513977, -4.839207, 0.0]]]}}, {"type": "Feature", "properties": {"id": 180}, "geometry": {"type": "Polygon", "coordinates": [[[15.6486511, -4.8378386, 0.0], [15.6486511, -4.839207, 0.0], [15.6500244, -4.839207, 0.0], [15.6500244, -4.8378386, 0.0], [15.6486511, -4.8378386, 0.0]]]}}, {"type": "Feature", "properties": {"id": 181}, "geometry": {"type": "Polygon", "coordinates": [[[15.6404114, -4.8378386, 0.0], [15.6404114, -4.839207, 0.0], [15.6417847, -4.839207, 0.0], [15.643158, -4.839207, 0.0], [15.643158, -4.8378386, 0.0], [15.6417847, -4.8378386, 0.0], [15.6404114, -4.8378386, 0.0]]]}}, {"type": "Feature", "properties": {"id": 182}, "geometry": {"type": "Polygon", "coordinates": [[[15.6211853, -4.8378386, 0.0], [15.6211853, -4.839207, 0.0], [15.6225586, -4.839207, 0.0], [15.6225586, -4.8378386, 0.0], [15.6211853, -4.8378386, 0.0]]]}}, {"type": "Feature", "properties": {"id": 183}, "geometry": {"type": "Polygon", "coordinates": [[[15.7173157, -4.8378386, 0.0], [15.7173157, -4.8364702, 0.0], [15.7159424, -4.8364702, 0.0], [15.7159424, -4.8378386, 0.0], [15.7159424, -4.839207, 0.0], [15.7173157, -4.839207, 0.0], [15.7173157, -4.8378386, 0.0]]]}}, {"type": "Feature", "properties": {"id": 184}, "geometry": {"type": "Polygon", "coordinates": [[[15.7543945, -4.8378386, 0.0], [15.7543945, -4.8364702, 0.0], [15.7530212, -4.8364702, 0.0], [15.7530212, -4.8378386, 0.0], [15.7530212, -4.839207, 0.0], [15.7543945, -4.839207, 0.0], [15.7543945, -4.8378386, 0.0]]]}}, {"type": "Feature", "properties": {"id": 185}, "geometry": {"type": "Polygon", "coordinates": [[[15.7832336, -4.8364702, 0.0], [15.7832336, -4.8351018, 0.0], [15.7818604, -4.8351018, 0.0], [15.7818604, -4.8364702, 0.0], [15.7804871, -4.8364702, 0.0], [15.7804871, -4.8378386, 0.0], [15.7818604, -4.8378386, 0.0], [15.7832336, -4.8378386, 0.0], [15.7832336, -4.8364702, 0.0]]]}}, {"type": "Feature", "properties": {"id": 186}, "geometry": {"type": "Polygon", "coordinates": [[[15.6280518, -4.8337334, 0.0], [15.6280518, -4.8351018, 0.0], [15.629425, -4.8351018, 0.0], [15.629425, -4.8337334, 0.0], [15.6280518, -4.8337334, 0.0]]]}}, {"type": "Feature", "properties": {"id": 187}, "geometry": {"type": "Polygon", "coordinates": [[[15.6678772, -4.8351018, 0.0], [15.6678772, -4.8364702, 0.0], [15.6692505, -4.8364702, 0.0], [15.6692505, -4.8351018, 0.0], [15.6678772, -4.8351018, 0.0]]]}}, {"type": "Feature", "properties": {"id": 188}, "geometry": {"type": "Polygon", "coordinates": [[[15.7131958, -4.8337334, 0.0], [15.7131958, -4.8351018, 0.0], [15.7145691, -4.8351018, 0.0], [15.7159424, -4.8351018, 0.0], [15.7159424, -4.8337334, 0.0], [15.7145691, -4.8337334, 0.0], [15.7131958, -4.8337334, 0.0]]]}}, {"type": "Feature", "properties": {"id": 189}, "geometry": {"type": "Polygon", "coordinates": [[[15.7667542, -4.8309966, 0.0], [15.7667542, -4.832365, 0.0], [15.7681274, -4.832365, 0.0], [15.7681274, -4.8309966, 0.0], [15.7667542, -4.8309966, 0.0]]]}}, {"type": "Feature", "properties": {"id": 190}, "geometry": {"type": "Polygon", "coordinates": [[[15.6761169, -4.8296282, 0.0], [15.6761169, -4.8282597, 0.0], [15.6747437, -4.8282597, 0.0], [15.6747437, -4.8296282, 0.0], [15.6747437, -4.8309966, 0.0], [15.6761169, -4.8309966, 0.0], [15.6761169, -4.8296282, 0.0]]]}}, {"type": "Feature", "properties": {"id": 191}, "geometry": {"type": "Polygon", "coordinates": [[[15.6829834, -4.8296282, 0.0], [15.6829834, -4.8309966, 0.0], [15.6843567, -4.8309966, 0.0], [15.6843567, -4.8296282, 0.0], [15.6829834, -4.8296282, 0.0]]]}}, {"type": "Feature", "properties": {"id": 192}, "geometry": {"type": "Polygon", "coordinates": [[[15.6980896, -4.8309966, 0.0], [15.6980896, -4.8296282, 0.0], [15.6967163, -4.8296282, 0.0], [15.6967163, -4.8309966, 0.0], [15.6967163, -4.832365, 0.0], [15.6980896, -4.832365, 0.0], [15.6980896, -4.8309966, 0.0]]]}}, {"type": "Feature", "properties": {"id": 193}, "geometry": {"type": "Polygon", "coordinates": [[[15.7557678, -4.8309966, 0.0], [15.7543945, -4.8309966, 0.0], [15.7543945, -4.832365, 0.0], [15.7557678, -4.832365, 0.0], [15.7571411, -4.832365, 0.0], [15.7571411, -4.8309966, 0.0], [15.7557678, -4.8309966, 0.0]]]}}, {"type": "Feature", "properties": {"id": 194}, "geometry": {"type": "Polygon", "coordinates": [[[15.7296753, -4.8296282, 0.0], [15.7296753, -4.8309966, 0.0], [15.7310486, -4.8309966, 0.0], [15.7310486, -4.8296282, 0.0], [15.7296753, -4.8296282, 0.0]]]}}, {"type": "Feature", "properties": {"id": 195}, "geometry": {"type": "Polygon", "coordinates": [[[15.7598877, -4.8282597, 0.0], [15.7598877, -4.8268913, 0.0], [15.7585144, -4.8268913, 0.0], [15.7585144, -4.8282597, 0.0], [15.7585144, -4.8296282, 0.0], [15.7598877, -4.8296282, 0.0], [15.7598877, -4.8282597, 0.0]]]}}, {"type": "Feature", "properties": {"id": 196}, "geometry": {"type": "Polygon", "coordinates": [[[15.7173157, -4.8282597, 0.0], [15.7173157, -4.8296282, 0.0], [15.718689, -4.8296282, 0.0], [15.718689, -4.8282597, 0.0], [15.7173157, -4.8282597, 0.0]]]}}, {"type": "Feature", "properties": {"id": 197}, "geometry": {"type": "Polygon", "coordinates": [[[15.7145691, -4.8282597, 0.0], [15.7159424, -4.8282597, 0.0], [15.7173157, -4.8282597, 0.0], [15.7173157, -4.8268913, 0.0], [15.7159424, -4.8268913, 0.0], [15.7145691, -4.8268913, 0.0], [15.7145691, -4.8255229, 0.0], [15.7131958, -4.8255229, 0.0], [15.7118225, -4.8255229, 0.0], [15.7104492, -4.8255229, 0.0], [15.7090759, -4.8255229, 0.0], [15.7090759, -4.8268913, 0.0], [15.7104492, -4.8268913, 0.0], [15.7104492, -4.8282597, 0.0], [15.7118225, -4.8282597, 0.0], [15.7118225, -4.8268913, 0.0], [15.7131958, -4.8268913, 0.0], [15.7131958, -4.8282597, 0.0], [15.7131958, -4.8296282, 0.0], [15.7145691, -4.8296282, 0.0], [15.7145691, -4.8282597, 0.0]]]}}, {"type": "Feature", "properties": {"id": 198}, "geometry": {"type": "Polygon", "coordinates": [[[15.6871033, -4.8268913, 0.0], [15.6871033, -4.8282597, 0.0], [15.6884766, -4.8282597, 0.0], [15.6884766, -4.8268913, 0.0], [15.6871033, -4.8268913, 0.0]]]}}, {"type": "Feature", "properties": {"id": 199}, "geometry": {"type": "Polygon", "coordinates": [[[15.6761169, -4.8268913, 0.0], [15.6761169, -4.8282597, 0.0], [15.6774902, -4.8282597, 0.0], [15.6774902, -4.8268913, 0.0], [15.6761169, -4.8268913, 0.0]]]}}, {"type": "Feature", "properties": {"id": 200}, "geometry": {"type": "Polygon", "coordinates": [[[15.6225586, -4.8268913, 0.0], [15.6225586, -4.8282597, 0.0], [15.6239319, -4.8282597, 0.0], [15.6239319, -4.8268913, 0.0], [15.6225586, -4.8268913, 0.0]]]}}, {"type": "Feature", "properties": {"id": 201}, "geometry": {"type": "Polygon", "coordinates": [[[15.7434082, -4.8241545, 0.0], [15.7434082, -4.8227861, 0.0], [15.7420349, -4.8227861, 0.0], [15.7420349, -4.8241545, 0.0], [15.7420349, -4.8255229, 0.0], [15.7434082, -4.8255229, 0.0], [15.7447815, -4.8255229, 0.0], [15.7461548, -4.8255229, 0.0], [15.7461548, -4.8241545, 0.0], [15.7447815, -4.8241545, 0.0], [15.7434082, -4.8241545, 0.0]]]}}, {"type": "Feature", "properties": {"id": 202}, "geometry": {"type": "Polygon", "coordinates": [[[15.6761169, -4.8241545, 0.0], [15.6761169, -4.8227861, 0.0], [15.6774902, -4.8227861, 0.0], [15.6774902, -4.8214176, 0.0], [15.6774902, -4.8200492, 0.0], [15.6761169, -4.8200492, 0.0], [15.6747437, -4.8200492, 0.0], [15.6747437, -4.8214176, 0.0], [15.6747437, -4.8227861, 0.0], [15.6733704, -4.8227861, 0.0], [15.6733704, -4.8241545, 0.0], [15.6747437, -4.8241545, 0.0], [15.6747437, -4.8255229, 0.0], [15.6761169, -4.8255229, 0.0], [15.6761169, -4.8241545, 0.0]]]}}, {"type": "Feature", "properties": {"id": 203}, "geometry": {"type": "Polygon", "coordinates": [[[15.7804871, -4.8241545, 0.0], [15.7804871, -4.8255229, 0.0], [15.7818604, -4.8255229, 0.0], [15.7832336, -4.8255229, 0.0], [15.7832336, -4.8241545, 0.0], [15.7818604, -4.8241545, 0.0], [15.7804871, -4.8241545, 0.0]]]}}, {"type": "Feature", "properties": {"id": 204}, "geometry": {"type": "Polygon", "coordinates": [[[15.7035828, -4.8241545, 0.0], [15.7049561, -4.8241545, 0.0], [15.7049561, -4.8227861, 0.0], [15.7035828, -4.8227861, 0.0], [15.7035828, -4.8214176, 0.0], [15.7022095, -4.8214176, 0.0], [15.7008362, -4.8214176, 0.0], [15.7008362, -4.8227861, 0.0], [15.7008362, -4.8241545, 0.0], [15.7022095, -4.8241545, 0.0], [15.7035828, -4.8241545, 0.0]]]}}, {"type": "Feature", "properties": {"id": 205}, "geometry": {"type": "Polygon", "coordinates": [[[15.6253052, -4.8214176, 0.0], [15.6253052, -4.8227861, 0.0], [15.6266785, -4.8227861, 0.0], [15.6266785, -4.8214176, 0.0], [15.6253052, -4.8214176, 0.0]]]}}, {"type": "Feature", "properties": {"id": 206}, "geometry": {"type": "Polygon", "coordinates": [[[15.643158, -4.8227861, 0.0], [15.643158, -4.8241545, 0.0], [15.6445312, -4.8241545, 0.0], [15.6445312, -4.8227861, 0.0], [15.643158, -4.8227861, 0.0]]]}}, {"type": "Feature", "properties": {"id": 207}, "geometry": {"type": "Polygon", "coordinates": [[[15.7077026, -4.8227861, 0.0], [15.7077026, -4.8241545, 0.0], [15.7090759, -4.8241545, 0.0], [15.7090759, -4.8227861, 0.0], [15.7077026, -4.8227861, 0.0]]]}}, {"type": "Feature", "properties": {"id": 208}, "geometry": {"type": "Polygon", "coordinates": [[[15.7489014, -4.8214176, 0.0], [15.7489014, -4.8227861, 0.0], [15.7502747, -4.8227861, 0.0], [15.7502747, -4.8214176, 0.0], [15.7489014, -4.8214176, 0.0]]]}}, {"type": "Feature", "properties": {"id": 209}, "geometry": {"type": "Polygon", "coordinates": [[[15.7214355, -4.8227861, 0.0], [15.7228088, -4.8227861, 0.0], [15.7228088, -4.8214176, 0.0], [15.7214355, -4.8214176, 0.0], [15.7214355, -4.8200492, 0.0], [15.7200623, -4.8200492, 0.0], [15.7200623, -4.8214176, 0.0], [15.7200623, -4.8227861, 0.0], [15.7214355, -4.8227861, 0.0]]]}}, {"type": "Feature", "properties": {"id": 210}, "geometry": {"type": "Polygon", "coordinates": [[[15.6390381, -4.8186808, 0.0], [15.6390381, -4.8200492, 0.0], [15.6404114, -4.8200492, 0.0], [15.6404114, -4.8186808, 0.0], [15.6390381, -4.8186808, 0.0]]]}}, {"type": "Feature", "properties": {"id": 211}, "geometry": {"type": "Polygon", "coordinates": [[[15.6225586, -4.8186808, 0.0], [15.6225586, -4.8200492, 0.0], [15.6239319, -4.8200492, 0.0], [15.6239319, -4.8186808, 0.0], [15.6225586, -4.8186808, 0.0]]]}}, {"type": "Feature", "properties": {"id": 212}, "geometry": {"type": "Polygon", "coordinates": [[[15.7489014, -4.8173123, 0.0], [15.7489014, -4.8186808, 0.0], [15.7502747, -4.8186808, 0.0], [15.7502747, -4.8173123, 0.0], [15.7489014, -4.8173123, 0.0]]]}}, {"type": "Feature", "properties": {"id": 213}, "geometry": {"type": "Polygon", "coordinates": [[[15.7846069, -4.8159439, 0.0], [15.7846069, -4.8173123, 0.0], [15.7859802, -4.8173123, 0.0], [15.7873535, -4.8173123, 0.0], [15.7873535, -4.8159439, 0.0], [15.7873535, -4.8145754, 0.0], [15.7859802, -4.8145754, 0.0], [15.7859802, -4.8159439, 0.0], [15.7846069, -4.8159439, 0.0]]]}}, {"type": "Feature", "properties": {"id": 214}, "geometry": {"type": "Polygon", "coordinates": [[[15.6513977, -4.8200492, 0.0], [15.6513977, -4.8214176, 0.0], [15.652771, -4.8214176, 0.0], [15.652771, -4.8200492, 0.0], [15.6513977, -4.8200492, 0.0]]]}}, {"type": "Feature", "properties": {"id": 215}, "geometry": {"type": "Polygon", "coordinates": [[[15.7145691, -4.8186808, 0.0], [15.7145691, -4.8200492, 0.0], [15.7159424, -4.8200492, 0.0], [15.7159424, -4.8186808, 0.0], [15.7145691, -4.8186808, 0.0]]]}}, {"type": "Feature", "properties": {"id": 216}, "geometry": {"type": "Polygon", "coordinates": [[[15.6390381, -4.8145754, 0.0], [15.6390381, -4.8159439, 0.0], [15.6404114, -4.8159439, 0.0], [15.6404114, -4.8145754, 0.0], [15.6390381, -4.8145754, 0.0]]]}}, {"type": "Feature", "properties": {"id": 217}, "geometry": {"type": "Polygon", "coordinates": [[[15.629425, -4.813207, 0.0], [15.629425, -4.8145754, 0.0], [15.6307983, -4.8145754, 0.0], [15.6321716, -4.8145754, 0.0], [15.6321716, -4.813207, 0.0], [15.6307983, -4.813207, 0.0], [15.629425, -4.813207, 0.0]]]}}, {"type": "Feature", "properties": {"id": 218}, "geometry": {"type": "Polygon", "coordinates": [[[15.6541443, -4.813207, 0.0], [15.6541443, -4.8145754, 0.0], [15.6555176, -4.8145754, 0.0], [15.6555176, -4.813207, 0.0], [15.6541443, -4.813207, 0.0]]]}}, {"type": "Feature", "properties": {"id": 219}, "geometry": {"type": "Polygon", "coordinates": [[[15.6555176, -4.8118385, 0.0], [15.6555176, -4.813207, 0.0], [15.6568909, -4.813207, 0.0], [15.6568909, -4.8118385, 0.0], [15.6555176, -4.8118385, 0.0]]]}}, {"type": "Feature", "properties": {"id": 220}, "geometry": {"type": "Polygon", "coordinates": [[[15.7447815, -4.8077332, 0.0], [15.7447815, -4.8091016, 0.0], [15.7461548, -4.8091016, 0.0], [15.7461548, -4.8077332, 0.0], [15.7447815, -4.8077332, 0.0]]]}}, {"type": "Feature", "properties": {"id": 221}, "geometry": {"type": "Polygon", "coordinates": [[[15.7502747, -4.8077332, 0.0], [15.7502747, -4.8063647, 0.0], [15.7489014, -4.8063647, 0.0], [15.7489014, -4.8077332, 0.0], [15.7489014, -4.8091016, 0.0], [15.7502747, -4.8091016, 0.0], [15.7502747, -4.8077332, 0.0]]]}}, {"type": "Feature", "properties": {"id": 222}, "geometry": {"type": "Polygon", "coordinates": [[[15.6417847, -4.8077332, 0.0], [15.6417847, -4.8091016, 0.0], [15.643158, -4.8091016, 0.0], [15.643158, -4.8077332, 0.0], [15.6417847, -4.8077332, 0.0]]]}}, {"type": "Feature", "properties": {"id": 223}, "geometry": {"type": "Polygon", "coordinates": [[[15.6404114, -4.8063647, 0.0], [15.6404114, -4.8077332, 0.0], [15.6417847, -4.8077332, 0.0], [15.6417847, -4.8063647, 0.0], [15.6404114, -4.8063647, 0.0]]]}}, {"type": "Feature", "properties": {"id": 224}, "geometry": {"type": "Polygon", "coordinates": [[[15.6362915, -4.8063647, 0.0], [15.6362915, -4.8077332, 0.0], [15.6376648, -4.8077332, 0.0], [15.6376648, -4.8063647, 0.0], [15.6362915, -4.8063647, 0.0]]]}}, {"type": "Feature", "properties": {"id": 225}, "geometry": {"type": "Polygon", "coordinates": [[[15.6871033, -4.8063647, 0.0], [15.6871033, -4.8077332, 0.0], [15.6884766, -4.8077332, 0.0], [15.6884766, -4.8063647, 0.0], [15.6871033, -4.8063647, 0.0]]]}}, {"type": "Feature", "properties": {"id": 226}, "geometry": {"type": "Polygon", "coordinates": [[[15.6486511, -4.8063647, 0.0], [15.6486511, -4.8077332, 0.0], [15.6500244, -4.8077332, 0.0], [15.6500244, -4.8063647, 0.0], [15.6486511, -4.8063647, 0.0]]]}}, {"type": "Feature", "properties": {"id": 227}, "geometry": {"type": "Polygon", "coordinates": [[[15.68573, -4.8036278, 0.0], [15.68573, -4.8022593, 0.0], [15.6843567, -4.8022593, 0.0], [15.6843567, -4.8036278, 0.0], [15.6843567, -4.8049962, 0.0], [15.68573, -4.8049962, 0.0], [15.68573, -4.8036278, 0.0]]]}}, {"type": "Feature", "properties": {"id": 228}, "geometry": {"type": "Polygon", "coordinates": [[[15.7255554, -4.7981539, 0.0], [15.7255554, -4.7995224, 0.0], [15.7269287, -4.7995224, 0.0], [15.728302, -4.7995224, 0.0], [15.728302, -4.7981539, 0.0], [15.7269287, -4.7981539, 0.0], [15.7255554, -4.7981539, 0.0]]]}}, {"type": "Feature", "properties": {"id": 229}, "geometry": {"type": "Polygon", "coordinates": [[[15.7653809, -4.79268, 0.0], [15.7653809, -4.7913115, 0.0], [15.7653809, -4.789943, 0.0], [15.7653809, -4.7885745, 0.0], [15.7653809, -4.787206, 0.0], [15.7667542, -4.787206, 0.0], [15.7667542, -4.7858375, 0.0], [15.7667542, -4.784469, 0.0], [15.7653809, -4.784469, 0.0], [15.7653809, -4.7858375, 0.0], [15.7640076, -4.7858375, 0.0], [15.7640076, -4.787206, 0.0], [15.7640076, -4.7885745, 0.0], [15.7640076, -4.789943, 0.0], [15.7640076, -4.7913115, 0.0], [15.7626343, -4.7913115, 0.0], [15.7626343, -4.789943, 0.0], [15.761261, -4.789943, 0.0], [15.761261, -4.7913115, 0.0], [15.761261, -4.79268, 0.0], [15.7626343, -4.79268, 0.0], [15.7640076, -4.79268, 0.0], [15.7640076, -4.7940484, 0.0], [15.7653809, -4.7940484, 0.0], [15.7653809, -4.79268, 0.0]]]}}, {"type": "Feature", "properties": {"id": 230}, "geometry": {"type": "Polygon", "coordinates": [[[15.7022095, -4.79268, 0.0], [15.7022095, -4.7940484, 0.0], [15.7035828, -4.7940484, 0.0], [15.7035828, -4.79268, 0.0], [15.7022095, -4.79268, 0.0]]]}}, {"type": "Feature", "properties": {"id": 231}, "geometry": {"type": "Polygon", "coordinates": [[[15.7077026, -4.79268, 0.0], [15.7077026, -4.7940484, 0.0], [15.7090759, -4.7940484, 0.0], [15.7090759, -4.79268, 0.0], [15.7077026, -4.79268, 0.0]]]}}, {"type": "Feature", "properties": {"id": 232}, "geometry": {"type": "Polygon", "coordinates": [[[15.7063293, -4.79268, 0.0], [15.7063293, -4.7913115, 0.0], [15.7049561, -4.7913115, 0.0], [15.7035828, -4.7913115, 0.0], [15.7035828, -4.79268, 0.0], [15.7049561, -4.79268, 0.0], [15.7049561, -4.7940484, 0.0], [15.7063293, -4.7940484, 0.0], [15.7063293, -4.79268, 0.0]]]}}, {"type": "Feature", "properties": {"id": 233}, "geometry": {"type": "Polygon", "coordinates": [[[15.7022095, -4.7913115, 0.0], [15.7022095, -4.789943, 0.0], [15.7008362, -4.789943, 0.0], [15.6994629, -4.789943, 0.0], [15.6980896, -4.789943, 0.0], [15.6980896, -4.7913115, 0.0], [15.6980896, -4.79268, 0.0], [15.6994629, -4.79268, 0.0], [15.7008362, -4.79268, 0.0], [15.7022095, -4.79268, 0.0], [15.7022095, -4.7913115, 0.0]]]}}, {"type": "Feature", "properties": {"id": 234}, "geometry": {"type": "Polygon", "coordinates": [[[15.7269287, -4.8008908, 0.0], [15.7255554, -4.8008908, 0.0], [15.7255554, -4.8022593, 0.0], [15.7269287, -4.8022593, 0.0], [15.728302, -4.8022593, 0.0], [15.728302, -4.8008908, 0.0], [15.7269287, -4.8008908, 0.0]]]}}, {"type": "Feature", "properties": {"id": 235}, "geometry": {"type": "Polygon", "coordinates": [[[15.695343, -4.7995224, 0.0], [15.695343, -4.7981539, 0.0], [15.6939697, -4.7981539, 0.0], [15.6939697, -4.7995224, 0.0], [15.6925964, -4.7995224, 0.0], [15.6925964, -4.8008908, 0.0], [15.6939697, -4.8008908, 0.0], [15.695343, -4.8008908, 0.0], [15.695343, -4.7995224, 0.0]]]}}, {"type": "Feature", "properties": {"id": 236}, "geometry": {"type": "Polygon", "coordinates": [[[15.7269287, -4.7885745, 0.0], [15.7269287, -4.789943, 0.0], [15.728302, -4.789943, 0.0], [15.7296753, -4.789943, 0.0], [15.7296753, -4.7885745, 0.0], [15.7296753, -4.787206, 0.0], [15.728302, -4.787206, 0.0], [15.728302, -4.7885745, 0.0], [15.7269287, -4.7885745, 0.0]]]}}, {"type": "Feature", "properties": {"id": 237}, "geometry": {"type": "Polygon", "coordinates": [[[15.7228088, -4.7858375, 0.0], [15.7241821, -4.7858375, 0.0], [15.7241821, -4.784469, 0.0], [15.7241821, -4.7831005, 0.0], [15.7228088, -4.7831005, 0.0], [15.7228088, -4.7817319, 0.0], [15.7214355, -4.7817319, 0.0], [15.7214355, -4.7831005, 0.0], [15.7200623, -4.7831005, 0.0], [15.7200623, -4.784469, 0.0], [15.7200623, -4.7858375, 0.0], [15.7214355, -4.7858375, 0.0], [15.7228088, -4.7858375, 0.0]]]}}, {"type": "Feature", "properties": {"id": 238}, "geometry": {"type": "Polygon", "coordinates": [[[15.7351685, -4.7831005, 0.0], [15.7351685, -4.784469, 0.0], [15.7365417, -4.784469, 0.0], [15.7365417, -4.7831005, 0.0], [15.7351685, -4.7831005, 0.0]]]}}, {"type": "Feature", "properties": {"id": 239}, "geometry": {"type": "Polygon", "coordinates": [[[15.8601379, -4.7789949, 0.0], [15.8601379, -4.7803634, 0.0], [15.8615112, -4.7803634, 0.0], [15.8628845, -4.7803634, 0.0], [15.8628845, -4.7789949, 0.0], [15.8615112, -4.7789949, 0.0], [15.8601379, -4.7789949, 0.0]]]}}, {"type": "Feature", "properties": {"id": 240}, "geometry": {"type": "Polygon", "coordinates": [[[15.7255554, -4.7803634, 0.0], [15.7269287, -4.7803634, 0.0], [15.7269287, -4.7789949, 0.0], [15.7269287, -4.7776264, 0.0], [15.7255554, -4.7776264, 0.0], [15.7241821, -4.7776264, 0.0], [15.7241821, -4.7789949, 0.0], [15.7241821, -4.7803634, 0.0], [15.7241821, -4.7817319, 0.0], [15.7255554, -4.7817319, 0.0], [15.7255554, -4.7803634, 0.0]]]}}, {"type": "Feature", "properties": {"id": 241}, "geometry": {"type": "Polygon", "coordinates": [[[15.8642578, -4.7789949, 0.0], [15.8642578, -4.7803634, 0.0], [15.8656311, -4.7803634, 0.0], [15.8656311, -4.7789949, 0.0], [15.8642578, -4.7789949, 0.0]]]}}, {"type": "Feature", "properties": {"id": 242}, "geometry": {"type": "Polygon", "coordinates": [[[15.7626343, -4.7789949, 0.0], [15.7626343, -4.7803634, 0.0], [15.7640076, -4.7803634, 0.0], [15.7640076, -4.7789949, 0.0], [15.7626343, -4.7789949, 0.0]]]}}, {"type": "Feature", "properties": {"id": 243}, "geometry": {"type": "Polygon", "coordinates": [[[15.7214355, -4.7789949, 0.0], [15.7214355, -4.7803634, 0.0], [15.7228088, -4.7803634, 0.0], [15.7228088, -4.7789949, 0.0], [15.7214355, -4.7789949, 0.0]]]}}, {"type": "Feature", "properties": {"id": 244}, "geometry": {"type": "Polygon", "coordinates": [[[15.8628845, -4.7776264, 0.0], [15.8628845, -4.7789949, 0.0], [15.8642578, -4.7789949, 0.0], [15.8642578, -4.7776264, 0.0], [15.8628845, -4.7776264, 0.0]]]}}, {"type": "Feature", "properties": {"id": 245}, "geometry": {"type": "Polygon", "coordinates": [[[15.695343, -4.8104701, 0.0], [15.695343, -4.8118385, 0.0], [15.6967163, -4.8118385, 0.0], [15.6967163, -4.8104701, 0.0], [15.695343, -4.8104701, 0.0]]]}}, {"type": "Feature", "properties": {"id": 246}, "geometry": {"type": "Polygon", "coordinates": [[[15.643158, -4.8091016, 0.0], [15.643158, -4.8104701, 0.0], [15.6445312, -4.8104701, 0.0], [15.6445312, -4.8091016, 0.0], [15.643158, -4.8091016, 0.0]]]}}, {"type": "Feature", "properties": {"id": 247}, "geometry": {"type": "Polygon", "coordinates": [[[15.6761169, -4.8091016, 0.0], [15.6761169, -4.8077332, 0.0], [15.6747437, -4.8077332, 0.0], [15.6747437, -4.8091016, 0.0], [15.6747437, -4.8104701, 0.0], [15.6761169, -4.8104701, 0.0], [15.6774902, -4.8104701, 0.0], [15.6774902, -4.8091016, 0.0], [15.6761169, -4.8091016, 0.0]]]}}, {"type": "Feature", "properties": {"id": 248}, "geometry": {"type": "Polygon", "coordinates": [[[15.8670044, -4.7776264, 0.0], [15.8656311, -4.7776264, 0.0], [15.8656311, -4.7789949, 0.0], [15.8670044, -4.7789949, 0.0], [15.8683777, -4.7789949, 0.0], [15.8683777, -4.7776264, 0.0], [15.8670044, -4.7776264, 0.0]]]}}, {"type": "Feature", "properties": {"id": 249}, "geometry": {"type": "Polygon", "coordinates": [[[15.7598877, -4.7748894, 0.0], [15.7598877, -4.7735208, 0.0], [15.7585144, -4.7735208, 0.0], [15.7585144, -4.7748894, 0.0], [15.7585144, -4.7762579, 0.0], [15.7598877, -4.7762579, 0.0], [15.7598877, -4.7748894, 0.0]]]}}, {"type": "Feature", "properties": {"id": 250}, "geometry": {"type": "Polygon", "coordinates": [[[15.7337952, -4.7776264, 0.0], [15.7337952, -4.7789949, 0.0], [15.7351685, -4.7789949, 0.0], [15.7351685, -4.7776264, 0.0], [15.7337952, -4.7776264, 0.0]]]}}, {"type": "Feature", "properties": {"id": 251}, "geometry": {"type": "Polygon", "coordinates": [[[15.7296753, -4.7762579, 0.0], [15.7296753, -4.7776264, 0.0], [15.7310486, -4.7776264, 0.0], [15.7310486, -4.7762579, 0.0], [15.7296753, -4.7762579, 0.0]]]}}, {"type": "Feature", "properties": {"id": 252}, "geometry": {"type": "Polygon", "coordinates": [[[15.7365417, -4.7762579, 0.0], [15.7365417, -4.7776264, 0.0], [15.737915, -4.7776264, 0.0], [15.7392883, -4.7776264, 0.0], [15.7392883, -4.7762579, 0.0], [15.737915, -4.7762579, 0.0], [15.7365417, -4.7762579, 0.0]]]}}, {"type": "Feature", "properties": {"id": 253}, "geometry": {"type": "Polygon", "coordinates": [[[15.7337952, -4.7748894, 0.0], [15.7351685, -4.7748894, 0.0], [15.7351685, -4.7735208, 0.0], [15.7337952, -4.7735208, 0.0], [15.7324219, -4.7735208, 0.0], [15.7324219, -4.7748894, 0.0], [15.7310486, -4.7748894, 0.0], [15.7310486, -4.7762579, 0.0], [15.7324219, -4.7762579, 0.0], [15.7337952, -4.7762579, 0.0], [15.7337952, -4.7748894, 0.0]]]}}, {"type": "Feature", "properties": {"id": 254}, "geometry": {"type": "Polygon", "coordinates": [[[15.7887268, -4.7721523, 0.0], [15.7887268, -4.7735208, 0.0], [15.7901001, -4.7735208, 0.0], [15.7914734, -4.7735208, 0.0], [15.7914734, -4.7721523, 0.0], [15.7901001, -4.7721523, 0.0], [15.7887268, -4.7721523, 0.0]]]}}, {"type": "Feature", "properties": {"id": 255}, "geometry": {"type": "Polygon", "coordinates": [[[15.7351685, -4.7721523, 0.0], [15.7351685, -4.7735208, 0.0], [15.7365417, -4.7735208, 0.0], [15.737915, -4.7735208, 0.0], [15.737915, -4.7721523, 0.0], [15.7365417, -4.7721523, 0.0], [15.7351685, -4.7721523, 0.0]]]}}, {"type": "Feature", "properties": {"id": 256}, "geometry": {"type": "Polygon", "coordinates": [[[15.737915, -4.7707838, 0.0], [15.737915, -4.7721523, 0.0], [15.7392883, -4.7721523, 0.0], [15.7392883, -4.7707838, 0.0], [15.737915, -4.7707838, 0.0]]]}}, {"type": "Feature", "properties": {"id": 257}, "geometry": {"type": "Polygon", "coordinates": [[[15.7887268, -4.7694152, 0.0], [15.7901001, -4.7694152, 0.0], [15.7901001, -4.7680467, 0.0], [15.7901001, -4.7666782, 0.0], [15.7887268, -4.7666782, 0.0], [15.7887268, -4.7680467, 0.0], [15.7873535, -4.7680467, 0.0], [15.7859802, -4.7680467, 0.0], [15.7859802, -4.7694152, 0.0], [15.7873535, -4.7694152, 0.0], [15.7873535, -4.7707838, 0.0], [15.7887268, -4.7707838, 0.0], [15.7887268, -4.7694152, 0.0]]]}}, {"type": "Feature", "properties": {"id": 258}, "geometry": {"type": "Polygon", "coordinates": [[[15.7420349, -4.7694152, 0.0], [15.7420349, -4.7707838, 0.0], [15.7434082, -4.7707838, 0.0], [15.7434082, -4.7694152, 0.0], [15.7420349, -4.7694152, 0.0]]]}}, {"type": "Feature", "properties": {"id": 259}, "geometry": {"type": "Polygon", "coordinates": [[[15.869751, -4.7680467, 0.0], [15.869751, -4.7694152, 0.0], [15.8711243, -4.7694152, 0.0], [15.8711243, -4.7680467, 0.0], [15.869751, -4.7680467, 0.0]]]}}, {"type": "Feature", "properties": {"id": 260}, "geometry": {"type": "Polygon", "coordinates": [[[15.7337952, -4.7680467, 0.0], [15.7337952, -4.7694152, 0.0], [15.7351685, -4.7694152, 0.0], [15.7351685, -4.7680467, 0.0], [15.7337952, -4.7680467, 0.0]]]}}, {"type": "Feature", "properties": {"id": 261}, "geometry": {"type": "Polygon", "coordinates": [[[15.7447815, -4.7639411, 0.0], [15.7447815, -4.7625725, 0.0], [15.7434082, -4.7625725, 0.0], [15.7434082, -4.7639411, 0.0], [15.7434082, -4.7653096, 0.0], [15.7447815, -4.7653096, 0.0], [15.7447815, -4.7639411, 0.0]]]}}, {"type": "Feature", "properties": {"id": 262}, "geometry": {"type": "Polygon", "coordinates": [[[15.7351685, -4.7653096, 0.0], [15.7351685, -4.7666782, 0.0], [15.7365417, -4.7666782, 0.0], [15.7365417, -4.7653096, 0.0], [15.7351685, -4.7653096, 0.0]]]}}, {"type": "Feature", "properties": {"id": 263}, "geometry": {"type": "Polygon", "coordinates": [[[15.7557678, -4.7639411, 0.0], [15.7557678, -4.7653096, 0.0], [15.7571411, -4.7653096, 0.0], [15.7571411, -4.7639411, 0.0], [15.7557678, -4.7639411, 0.0]]]}}, {"type": "Feature", "properties": {"id": 264}, "geometry": {"type": "Polygon", "coordinates": [[[15.7543945, -4.7639411, 0.0], [15.7543945, -4.7625725, 0.0], [15.7530212, -4.7625725, 0.0], [15.7530212, -4.7639411, 0.0], [15.7530212, -4.7653096, 0.0], [15.7543945, -4.7653096, 0.0], [15.7543945, -4.7639411, 0.0]]]}}, {"type": "Feature", "properties": {"id": 265}, "geometry": {"type": "Polygon", "coordinates": [[[15.7901001, -4.7625725, 0.0], [15.7901001, -4.761204, 0.0], [15.7887268, -4.761204, 0.0], [15.7873535, -4.761204, 0.0], [15.7873535, -4.7625725, 0.0], [15.7887268, -4.7625725, 0.0], [15.7887268, -4.7639411, 0.0], [15.7901001, -4.7639411, 0.0], [15.7901001, -4.7625725, 0.0]]]}}, {"type": "Feature", "properties": {"id": 266}, "geometry": {"type": "Polygon", "coordinates": [[[15.761261, -4.761204, 0.0], [15.761261, -4.7625725, 0.0], [15.7626343, -4.7625725, 0.0], [15.7626343, -4.761204, 0.0], [15.761261, -4.761204, 0.0]]]}}, {"type": "Feature", "properties": {"id": 267}, "geometry": {"type": "Polygon", "coordinates": [[[15.7571411, -4.7598354, 0.0], [15.7571411, -4.761204, 0.0], [15.7585144, -4.761204, 0.0], [15.7585144, -4.7598354, 0.0], [15.7571411, -4.7598354, 0.0]]]}}, {"type": "Feature", "properties": {"id": 268}, "geometry": {"type": "Polygon", "coordinates": [[[15.7653809, -4.7488869, 0.0], [15.7653809, -4.7475183, 0.0], [15.7667542, -4.7475183, 0.0], [15.7681274, -4.7475183, 0.0], [15.7681274, -4.7461497, 0.0], [15.7667542, -4.7461497, 0.0], [15.7653809, -4.7461497, 0.0], [15.7640076, -4.7461497, 0.0], [15.7640076, -4.7475183, 0.0], [15.7626343, -4.7475183, 0.0], [15.7626343, -4.7488869, 0.0], [15.7626343, -4.7502555, 0.0], [15.7640076, -4.7502555, 0.0], [15.7653809, -4.7502555, 0.0], [15.7653809, -4.7488869, 0.0]]]}}, {"type": "Feature", "properties": {"id": 269}, "geometry": {"type": "Polygon", "coordinates": [[[15.7530212, -4.7488869, 0.0], [15.7530212, -4.7502555, 0.0], [15.7543945, -4.7502555, 0.0], [15.7543945, -4.7488869, 0.0], [15.7530212, -4.7488869, 0.0]]]}}, {"type": "Feature", "properties": {"id": 270}, "geometry": {"type": "Polygon", "coordinates": [[[15.7434082, -4.7488869, 0.0], [15.7434082, -4.7475183, 0.0], [15.7420349, -4.7475183, 0.0], [15.7420349, -4.7488869, 0.0], [15.7406616, -4.7488869, 0.0], [15.7406616, -4.7502555, 0.0], [15.7420349, -4.7502555, 0.0], [15.7434082, -4.7502555, 0.0], [15.7434082, -4.7488869, 0.0]]]}}, {"type": "Feature", "properties": {"id": 271}, "geometry": {"type": "Polygon", "coordinates": [[[15.7626343, -4.7584669, 0.0], [15.761261, -4.7584669, 0.0], [15.761261, -4.7598354, 0.0], [15.7626343, -4.7598354, 0.0], [15.7640076, -4.7598354, 0.0], [15.7640076, -4.7584669, 0.0], [15.7626343, -4.7584669, 0.0]]]}}, {"type": "Feature", "properties": {"id": 272}, "geometry": {"type": "Polygon", "coordinates": [[[15.7585144, -4.7584669, 0.0], [15.7585144, -4.7598354, 0.0], [15.7598877, -4.7598354, 0.0], [15.7598877, -4.7584669, 0.0], [15.7585144, -4.7584669, 0.0]]]}}, {"type": "Feature", "properties": {"id": 273}, "geometry": {"type": "Polygon", "coordinates": [[[15.7598877, -4.7570983, 0.0], [15.7598877, -4.7584669, 0.0], [15.761261, -4.7584669, 0.0], [15.761261, -4.7570983, 0.0], [15.7598877, -4.7570983, 0.0]]]}}, {"type": "Feature", "properties": {"id": 274}, "geometry": {"type": "Polygon", "coordinates": [[[15.7598877, -4.7461497, 0.0], [15.7598877, -4.7475183, 0.0], [15.761261, -4.7475183, 0.0], [15.761261, -4.7461497, 0.0], [15.7598877, -4.7461497, 0.0]]]}}, {"type": "Feature", "properties": {"id": 275}, "geometry": {"type": "Polygon", "coordinates": [[[15.7887268, -4.7406754, 0.0], [15.7887268, -4.7393068, 0.0], [15.7901001, -4.7393068, 0.0], [15.7901001, -4.7379382, 0.0], [15.7887268, -4.7379382, 0.0], [15.7873535, -4.7379382, 0.0], [15.7873535, -4.7393068, 0.0], [15.7859802, -4.7393068, 0.0], [15.7859802, -4.7406754, 0.0], [15.7873535, -4.7406754, 0.0], [15.7873535, -4.742044, 0.0], [15.7887268, -4.742044, 0.0], [15.7901001, -4.742044, 0.0], [15.7901001, -4.7406754, 0.0], [15.7887268, -4.7406754, 0.0]]]}}, {"type": "Feature", "properties": {"id": 276}, "geometry": {"type": "Polygon", "coordinates": [[[15.7200623, -4.7393068, 0.0], [15.7200623, -4.7406754, 0.0], [15.7214355, -4.7406754, 0.0], [15.7214355, -4.7393068, 0.0], [15.7200623, -4.7393068, 0.0]]]}}, {"type": "Feature", "properties": {"id": 277}, "geometry": {"type": "Polygon", "coordinates": [[[15.7530212, -4.7379382, 0.0], [15.7530212, -4.7393068, 0.0], [15.7543945, -4.7393068, 0.0], [15.7543945, -4.7379382, 0.0], [15.7530212, -4.7379382, 0.0]]]}}, {"type": "Feature", "properties": {"id": 278}, "geometry": {"type": "Polygon", "coordinates": [[[15.7434082, -4.7434126, 0.0], [15.7434082, -4.742044, 0.0], [15.7420349, -4.742044, 0.0], [15.7420349, -4.7434126, 0.0], [15.7420349, -4.7447812, 0.0], [15.7434082, -4.7447812, 0.0], [15.7447815, -4.7447812, 0.0], [15.7447815, -4.7434126, 0.0], [15.7434082, -4.7434126, 0.0]]]}}, {"type": "Feature", "properties": {"id": 279}, "geometry": {"type": "Polygon", "coordinates": [[[15.8642578, -4.7338324, 0.0], [15.8642578, -4.7324638, 0.0], [15.8628845, -4.7324638, 0.0], [15.8628845, -4.7338324, 0.0], [15.8628845, -4.735201, 0.0], [15.8642578, -4.735201, 0.0], [15.8642578, -4.7338324, 0.0]]]}}, {"type": "Feature", "properties": {"id": 280}, "geometry": {"type": "Polygon", "coordinates": [[[15.7296753, -4.7297266, 0.0], [15.7296753, -4.7310952, 0.0], [15.7310486, -4.7310952, 0.0], [15.7310486, -4.7297266, 0.0], [15.7296753, -4.7297266, 0.0]]]}}, {"type": "Feature", "properties": {"id": 281}, "geometry": {"type": "Polygon", "coordinates": [[[15.7434082, -4.7215148, 0.0], [15.7434082, -4.7201462, 0.0], [15.7420349, -4.7201462, 0.0], [15.7420349, -4.7215148, 0.0], [15.7420349, -4.7228834, 0.0], [15.7434082, -4.7228834, 0.0], [15.7434082, -4.7215148, 0.0]]]}}, {"type": "Feature", "properties": {"id": 282}, "geometry": {"type": "Polygon", "coordinates": [[[15.7475281, -4.7256207, 0.0], [15.7475281, -4.7269893, 0.0], [15.7489014, -4.7269893, 0.0], [15.7489014, -4.7256207, 0.0], [15.7475281, -4.7256207, 0.0]]]}}, {"type": "Feature", "properties": {"id": 283}, "geometry": {"type": "Polygon", "coordinates": [[[15.7557678, -4.7242521, 0.0], [15.7557678, -4.7256207, 0.0], [15.7571411, -4.7256207, 0.0], [15.7571411, -4.7242521, 0.0], [15.7557678, -4.7242521, 0.0]]]}}, {"type": "Feature", "properties": {"id": 284}, "geometry": {"type": "Polygon", "coordinates": [[[15.7571411, -4.7310952, 0.0], [15.7571411, -4.7324638, 0.0], [15.7585144, -4.7324638, 0.0], [15.7585144, -4.7310952, 0.0], [15.7571411, -4.7310952, 0.0]]]}}, {"type": "Feature", "properties": {"id": 285}, "geometry": {"type": "Polygon", "coordinates": [[[15.7557678, -4.7297266, 0.0], [15.7557678, -4.7310952, 0.0], [15.7571411, -4.7310952, 0.0], [15.7571411, -4.7297266, 0.0], [15.7557678, -4.7297266, 0.0]]]}}, {"type": "Feature", "properties": {"id": 286}, "geometry": {"type": "Polygon", "coordinates": [[[15.7269287, -4.735201, 0.0], [15.7269287, -4.7365696, 0.0], [15.728302, -4.7365696, 0.0], [15.7296753, -4.7365696, 0.0], [15.7310486, -4.7365696, 0.0], [15.7310486, -4.735201, 0.0], [15.7296753, -4.735201, 0.0], [15.7296753, -4.7338324, 0.0], [15.728302, -4.7338324, 0.0], [15.728302, -4.735201, 0.0], [15.7269287, -4.735201, 0.0]]]}}, {"type": "Feature", "properties": {"id": 287}, "geometry": {"type": "Polygon", "coordinates": [[[15.7392883, -4.735201, 0.0], [15.7406616, -4.735201, 0.0], [15.7406616, -4.7338324, 0.0], [15.7392883, -4.7338324, 0.0], [15.737915, -4.7338324, 0.0], [15.737915, -4.735201, 0.0], [15.737915, -4.7365696, 0.0], [15.7392883, -4.7365696, 0.0], [15.7392883, -4.735201, 0.0]]]}}, {"type": "Feature", "properties": {"id": 288}, "geometry": {"type": "Polygon", "coordinates": [[[15.7420349, -4.7338324, 0.0], [15.7420349, -4.735201, 0.0], [15.7434082, -4.735201, 0.0], [15.7434082, -4.7338324, 0.0], [15.7420349, -4.7338324, 0.0]]]}}, {"type": "Feature", "properties": {"id": 289}, "geometry": {"type": "Polygon", "coordinates": [[[15.79422, -4.7215148, 0.0], [15.79422, -4.7228834, 0.0], [15.7955933, -4.7228834, 0.0], [15.7955933, -4.7215148, 0.0], [15.79422, -4.7215148, 0.0]]]}}, {"type": "Feature", "properties": {"id": 290}, "geometry": {"type": "Polygon", "coordinates": [[[15.8779907, -4.7187776, 0.0], [15.879364, -4.7187776, 0.0], [15.8807373, -4.7187776, 0.0], [15.8807373, -4.7174089, 0.0], [15.879364, -4.7174089, 0.0], [15.8779907, -4.7174089, 0.0], [15.8766174, -4.7174089, 0.0], [15.8766174, -4.7160403, 0.0], [15.8752441, -4.7160403, 0.0], [15.8752441, -4.7174089, 0.0], [15.8752441, -4.7187776, 0.0], [15.8766174, -4.7187776, 0.0], [15.8766174, -4.7201462, 0.0], [15.8779907, -4.7201462, 0.0], [15.8779907, -4.7187776, 0.0]]]}}, {"type": "Feature", "properties": {"id": 291}, "geometry": {"type": "Polygon", "coordinates": [[[15.7969666, -4.7201462, 0.0], [15.7955933, -4.7201462, 0.0], [15.7955933, -4.7215148, 0.0], [15.7969666, -4.7215148, 0.0], [15.7983398, -4.7215148, 0.0], [15.7983398, -4.7201462, 0.0], [15.7969666, -4.7201462, 0.0]]]}}, {"type": "Feature", "properties": {"id": 292}, "geometry": {"type": "Polygon", "coordinates": [[[15.7489014, -4.7187776, 0.0], [15.7489014, -4.7174089, 0.0], [15.7475281, -4.7174089, 0.0], [15.7475281, -4.7187776, 0.0], [15.7475281, -4.7201462, 0.0], [15.7489014, -4.7201462, 0.0], [15.7489014, -4.7187776, 0.0]]]}}, {"type": "Feature", "properties": {"id": 293}, "geometry": {"type": "Polygon", "coordinates": [[[15.7695007, -4.7187776, 0.0], [15.7695007, -4.7174089, 0.0], [15.7695007, -4.7160403, 0.0], [15.7681274, -4.7160403, 0.0], [15.7681274, -4.7174089, 0.0], [15.7681274, -4.7187776, 0.0], [15.7681274, -4.7201462, 0.0], [15.7695007, -4.7201462, 0.0], [15.7695007, -4.7187776, 0.0]]]}}, {"type": "Feature", "properties": {"id": 294}, "geometry": {"type": "Polygon", "coordinates": [[[15.7846069, -4.7187776, 0.0], [15.7846069, -4.7201462, 0.0], [15.7859802, -4.7201462, 0.0], [15.7859802, -4.7187776, 0.0], [15.7846069, -4.7187776, 0.0]]]}}, {"type": "Feature", "properties": {"id": 295}, "geometry": {"type": "Polygon", "coordinates": [[[15.7969666, -4.7174089, 0.0], [15.7969666, -4.7187776, 0.0], [15.7983398, -4.7187776, 0.0], [15.7983398, -4.7174089, 0.0], [15.7969666, -4.7174089, 0.0]]]}}, {"type": "Feature", "properties": {"id": 296}, "geometry": {"type": "Polygon", "coordinates": [[[15.7173157, -4.7160403, 0.0], [15.7173157, -4.7174089, 0.0], [15.718689, -4.7174089, 0.0], [15.718689, -4.7160403, 0.0], [15.7173157, -4.7160403, 0.0]]]}}, {"type": "Feature", "properties": {"id": 297}, "geometry": {"type": "Polygon", "coordinates": [[[15.8807373, -4.7160403, 0.0], [15.8807373, -4.7174089, 0.0], [15.8821106, -4.7174089, 0.0], [15.8821106, -4.7160403, 0.0], [15.8807373, -4.7160403, 0.0]]]}}, {"type": "Feature", "properties": {"id": 298}, "geometry": {"type": "Polygon", "coordinates": [[[15.803833, -4.7160403, 0.0], [15.8052063, -4.7160403, 0.0], [15.8052063, -4.7146716, 0.0], [15.8052063, -4.713303, 0.0], [15.8052063, -4.7119343, 0.0], [15.8065796, -4.7119343, 0.0], [15.8065796, -4.7105657, 0.0], [15.8052063, -4.7105657, 0.0], [15.803833, -4.7105657, 0.0], [15.803833, -4.7119343, 0.0], [15.803833, -4.713303, 0.0], [15.8024597, -4.713303, 0.0], [15.8024597, -4.7146716, 0.0], [15.8024597, -4.7160403, 0.0], [15.8024597, -4.7174089, 0.0], [15.803833, -4.7174089, 0.0], [15.803833, -4.7160403, 0.0]]]}}, {"type": "Feature", "properties": {"id": 299}, "geometry": {"type": "Polygon", "coordinates": [[[15.7461548, -4.7160403, 0.0], [15.7461548, -4.7174089, 0.0], [15.7475281, -4.7174089, 0.0], [15.7475281, -4.7160403, 0.0], [15.7461548, -4.7160403, 0.0]]]}}, {"type": "Feature", "properties": {"id": 300}, "geometry": {"type": "Polygon", "coordinates": [[[15.7489014, -4.7160403, 0.0], [15.7489014, -4.7174089, 0.0], [15.7502747, -4.7174089, 0.0], [15.7502747, -4.7160403, 0.0], [15.7489014, -4.7160403, 0.0]]]}}, {"type": "Feature", "properties": {"id": 301}, "geometry": {"type": "Polygon", "coordinates": [[[15.7667542, -4.7160403, 0.0], [15.7667542, -4.7146716, 0.0], [15.7667542, -4.713303, 0.0], [15.7667542, -4.7119343, 0.0], [15.7653809, -4.7119343, 0.0], [15.7653809, -4.713303, 0.0], [15.7653809, -4.7146716, 0.0], [15.7653809, -4.7160403, 0.0], [15.7653809, -4.7174089, 0.0], [15.7667542, -4.7174089, 0.0], [15.7667542, -4.7160403, 0.0]]]}}, {"type": "Feature", "properties": {"id": 302}, "geometry": {"type": "Polygon", "coordinates": [[[15.7420349, -4.7146716, 0.0], [15.7420349, -4.713303, 0.0], [15.7406616, -4.713303, 0.0], [15.7406616, -4.7119343, 0.0], [15.7406616, -4.7105657, 0.0], [15.7392883, -4.7105657, 0.0], [15.7392883, -4.709197, 0.0], [15.7392883, -4.7078284, 0.0], [15.737915, -4.7078284, 0.0], [15.737915, -4.709197, 0.0], [15.737915, -4.7105657, 0.0], [15.737915, -4.7119343, 0.0], [15.7392883, -4.7119343, 0.0], [15.7392883, -4.713303, 0.0], [15.7392883, -4.7146716, 0.0], [15.7392883, -4.7160403, 0.0], [15.7406616, -4.7160403, 0.0], [15.7420349, -4.7160403, 0.0], [15.7420349, -4.7146716, 0.0]]]}}, {"type": "Feature", "properties": {"id": 303}, "geometry": {"type": "Polygon", "coordinates": [[[15.7475281, -4.7146716, 0.0], [15.7475281, -4.7160403, 0.0], [15.7489014, -4.7160403, 0.0], [15.7489014, -4.7146716, 0.0], [15.7475281, -4.7146716, 0.0]]]}}, {"type": "Feature", "properties": {"id": 304}, "geometry": {"type": "Polygon", "coordinates": [[[15.7887268, -4.713303, 0.0], [15.7887268, -4.7146716, 0.0], [15.7901001, -4.7146716, 0.0], [15.7901001, -4.713303, 0.0], [15.7887268, -4.713303, 0.0]]]}}, {"type": "Feature", "properties": {"id": 305}, "geometry": {"type": "Polygon", "coordinates": [[[15.7296753, -4.713303, 0.0], [15.7296753, -4.7146716, 0.0], [15.7310486, -4.7146716, 0.0], [15.7310486, -4.713303, 0.0], [15.7296753, -4.713303, 0.0]]]}}, {"type": "Feature", "properties": {"id": 306}, "geometry": {"type": "Polygon", "coordinates": [[[15.7530212, -4.713303, 0.0], [15.7530212, -4.7146716, 0.0], [15.7543945, -4.7146716, 0.0], [15.7543945, -4.713303, 0.0], [15.7530212, -4.713303, 0.0]]]}}, {"type": "Feature", "properties": {"id": 307}, "geometry": {"type": "Polygon", "coordinates": [[[15.7626343, -4.713303, 0.0], [15.7626343, -4.7146716, 0.0], [15.7640076, -4.7146716, 0.0], [15.7640076, -4.713303, 0.0], [15.7626343, -4.713303, 0.0]]]}}, {"type": "Feature", "properties": {"id": 308}, "geometry": {"type": "Polygon", "coordinates": [[[15.7461548, -4.7119343, 0.0], [15.7461548, -4.713303, 0.0], [15.7475281, -4.713303, 0.0], [15.7475281, -4.7119343, 0.0], [15.7461548, -4.7119343, 0.0]]]}}, {"type": "Feature", "properties": {"id": 309}, "geometry": {"type": "Polygon", "coordinates": [[[15.7543945, -4.7119343, 0.0], [15.7543945, -4.713303, 0.0], [15.7557678, -4.713303, 0.0], [15.7557678, -4.7119343, 0.0], [15.7543945, -4.7119343, 0.0]]]}}, {"type": "Feature", "properties": {"id": 310}, "geometry": {"type": "Polygon", "coordinates": [[[15.7516479, -4.7119343, 0.0], [15.7516479, -4.713303, 0.0], [15.7530212, -4.713303, 0.0], [15.7530212, -4.7119343, 0.0], [15.7516479, -4.7119343, 0.0]]]}}, {"type": "Feature", "properties": {"id": 311}, "geometry": {"type": "Polygon", "coordinates": [[[15.7502747, -4.7105657, 0.0], [15.7516479, -4.7105657, 0.0], [15.7530212, -4.7105657, 0.0], [15.7530212, -4.709197, 0.0], [15.7516479, -4.709197, 0.0], [15.7502747, -4.709197, 0.0], [15.7489014, -4.709197, 0.0], [15.7489014, -4.7105657, 0.0], [15.7475281, -4.7105657, 0.0], [15.7475281, -4.7119343, 0.0], [15.7489014, -4.7119343, 0.0], [15.7502747, -4.7119343, 0.0], [15.7502747, -4.7105657, 0.0]]]}}, {"type": "Feature", "properties": {"id": 312}, "geometry": {"type": "Polygon", "coordinates": [[[15.7447815, -4.7105657, 0.0], [15.7447815, -4.7119343, 0.0], [15.7461548, -4.7119343, 0.0], [15.7461548, -4.7105657, 0.0], [15.7447815, -4.7105657, 0.0]]]}}, {"type": "Feature", "properties": {"id": 313}, "geometry": {"type": "Polygon", "coordinates": [[[15.8601379, -4.7064597, 0.0], [15.8601379, -4.7078284, 0.0], [15.8615112, -4.7078284, 0.0], [15.8615112, -4.7064597, 0.0], [15.8601379, -4.7064597, 0.0]]]}}, {"type": "Feature", "properties": {"id": 314}, "geometry": {"type": "Polygon", "coordinates": [[[15.7969666, -4.7064597, 0.0], [15.7969666, -4.7078284, 0.0], [15.7983398, -4.7078284, 0.0], [15.7983398, -4.7064597, 0.0], [15.7969666, -4.7064597, 0.0]]]}}, {"type": "Feature", "properties": {"id": 315}, "geometry": {"type": "Polygon", "coordinates": [[[15.8052063, -4.7064597, 0.0], [15.8052063, -4.7078284, 0.0], [15.8065796, -4.7078284, 0.0], [15.8065796, -4.7064597, 0.0], [15.8052063, -4.7064597, 0.0]]]}}, {"type": "Feature", "properties": {"id": 316}, "geometry": {"type": "Polygon", "coordinates": [[[15.770874, -4.7064597, 0.0], [15.7722473, -4.7064597, 0.0], [15.7722473, -4.7050911, 0.0], [15.7722473, -4.7037224, 0.0], [15.770874, -4.7037224, 0.0], [15.7695007, -4.7037224, 0.0], [15.7681274, -4.7037224, 0.0], [15.7681274, -4.7050911, 0.0], [15.7695007, -4.7050911, 0.0], [15.7695007, -4.7064597, 0.0], [15.7695007, -4.7078284, 0.0], [15.770874, -4.7078284, 0.0], [15.770874, -4.7064597, 0.0]]]}}, {"type": "Feature", "properties": {"id": 317}, "geometry": {"type": "Polygon", "coordinates": [[[15.7640076, -4.7064597, 0.0], [15.7640076, -4.7078284, 0.0], [15.7653809, -4.7078284, 0.0], [15.7653809, -4.7064597, 0.0], [15.7640076, -4.7064597, 0.0]]]}}, {"type": "Feature", "properties": {"id": 318}, "geometry": {"type": "Polygon", "coordinates": [[[15.761261, -4.7064597, 0.0], [15.7598877, -4.7064597, 0.0], [15.7598877, -4.7078284, 0.0], [15.761261, -4.7078284, 0.0], [15.7626343, -4.7078284, 0.0], [15.7626343, -4.7064597, 0.0], [15.761261, -4.7064597, 0.0]]]}}, {"type": "Feature", "properties": {"id": 319}, "geometry": {"type": "Polygon", "coordinates": [[[15.7406616, -4.7064597, 0.0], [15.7406616, -4.7050911, 0.0], [15.7406616, -4.7037224, 0.0], [15.7392883, -4.7037224, 0.0], [15.737915, -4.7037224, 0.0], [15.737915, -4.7050911, 0.0], [15.7392883, -4.7050911, 0.0], [15.7392883, -4.7064597, 0.0], [15.7392883, -4.7078284, 0.0], [15.7406616, -4.7078284, 0.0], [15.7406616, -4.7064597, 0.0]]]}}, {"type": "Feature", "properties": {"id": 320}, "geometry": {"type": "Polygon", "coordinates": [[[15.7447815, -4.7064597, 0.0], [15.7447815, -4.7078284, 0.0], [15.7461548, -4.7078284, 0.0], [15.7461548, -4.7064597, 0.0], [15.7447815, -4.7064597, 0.0]]]}}, {"type": "Feature", "properties": {"id": 321}, "geometry": {"type": "Polygon", "coordinates": [[[15.7434082, -4.7064597, 0.0], [15.7434082, -4.7050911, 0.0], [15.7420349, -4.7050911, 0.0], [15.7420349, -4.7064597, 0.0], [15.7420349, -4.7078284, 0.0], [15.7434082, -4.7078284, 0.0], [15.7434082, -4.7064597, 0.0]]]}}, {"type": "Feature", "properties": {"id": 322}, "geometry": {"type": "Polygon", "coordinates": [[[15.7516479, -4.7064597, 0.0], [15.7516479, -4.7078284, 0.0], [15.7530212, -4.7078284, 0.0], [15.7530212, -4.7064597, 0.0], [15.7516479, -4.7064597, 0.0]]]}}, {"type": "Feature", "properties": {"id": 323}, "geometry": {"type": "Polygon", "coordinates": [[[15.8848572, -4.7050911, 0.0], [15.8848572, -4.7064597, 0.0], [15.8862305, -4.7064597, 0.0], [15.8862305, -4.7050911, 0.0], [15.8848572, -4.7050911, 0.0]]]}}, {"type": "Feature", "properties": {"id": 324}, "geometry": {"type": "Polygon", "coordinates": [[[15.728302, -4.7050911, 0.0], [15.728302, -4.7064597, 0.0], [15.7296753, -4.7064597, 0.0], [15.7296753, -4.7050911, 0.0], [15.728302, -4.7050911, 0.0]]]}}, {"type": "Feature", "properties": {"id": 325}, "geometry": {"type": "Polygon", "coordinates": [[[15.7228088, -4.7050911, 0.0], [15.7228088, -4.7064597, 0.0], [15.7241821, -4.7064597, 0.0], [15.7255554, -4.7064597, 0.0], [15.7255554, -4.7050911, 0.0], [15.7241821, -4.7050911, 0.0], [15.7228088, -4.7050911, 0.0]]]}}, {"type": "Feature", "properties": {"id": 326}, "geometry": {"type": "Polygon", "coordinates": [[[15.869751, -4.7037224, 0.0], [15.869751, -4.7050911, 0.0], [15.8711243, -4.7050911, 0.0], [15.8711243, -4.7037224, 0.0], [15.869751, -4.7037224, 0.0]]]}}, {"type": "Feature", "properties": {"id": 327}, "geometry": {"type": "Polygon", "coordinates": [[[15.7598877, -4.7037224, 0.0], [15.7598877, -4.7050911, 0.0], [15.761261, -4.7050911, 0.0], [15.761261, -4.7037224, 0.0], [15.7598877, -4.7037224, 0.0]]]}}, {"type": "Feature", "properties": {"id": 328}, "geometry": {"type": "Polygon", "coordinates": [[[15.7269287, -4.7037224, 0.0], [15.7269287, -4.7050911, 0.0], [15.728302, -4.7050911, 0.0], [15.728302, -4.7037224, 0.0], [15.7269287, -4.7037224, 0.0]]]}}, {"type": "Feature", "properties": {"id": 329}, "geometry": {"type": "Polygon", "coordinates": [[[15.8834839, -4.6996164, 0.0], [15.8834839, -4.7009851, 0.0], [15.8848572, -4.7009851, 0.0], [15.8848572, -4.6996164, 0.0], [15.8834839, -4.6996164, 0.0]]]}}, {"type": "Feature", "properties": {"id": 330}, "geometry": {"type": "Polygon", "coordinates": [[[15.7406616, -4.6996164, 0.0], [15.7406616, -4.7009851, 0.0], [15.7420349, -4.7009851, 0.0], [15.7420349, -4.6996164, 0.0], [15.7406616, -4.6996164, 0.0]]]}}, {"type": "Feature", "properties": {"id": 331}, "geometry": {"type": "Polygon", "coordinates": [[[15.7447815, -4.6996164, 0.0], [15.7447815, -4.7009851, 0.0], [15.7461548, -4.7009851, 0.0], [15.7461548, -4.6996164, 0.0], [15.7447815, -4.6996164, 0.0]]]}}, {"type": "Feature", "properties": {"id": 332}, "geometry": {"type": "Polygon", "coordinates": [[[15.7406616, -4.6982477, 0.0], [15.7406616, -4.696879, 0.0], [15.7392883, -4.696879, 0.0], [15.737915, -4.696879, 0.0], [15.737915, -4.6982477, 0.0], [15.737915, -4.6996164, 0.0], [15.7392883, -4.6996164, 0.0], [15.7406616, -4.6996164, 0.0], [15.7406616, -4.6982477, 0.0]]]}}, {"type": "Feature", "properties": {"id": 333}, "geometry": {"type": "Polygon", "coordinates": [[[15.7351685, -4.696879, 0.0], [15.7351685, -4.6982477, 0.0], [15.7365417, -4.6982477, 0.0], [15.7365417, -4.696879, 0.0], [15.7351685, -4.696879, 0.0]]]}}, {"type": "Feature", "properties": {"id": 334}, "geometry": {"type": "Polygon", "coordinates": [[[15.8093262, -4.696879, 0.0], [15.8093262, -4.6955103, 0.0], [15.8093262, -4.6941417, 0.0], [15.8106995, -4.6941417, 0.0], [15.8106995, -4.692773, 0.0], [15.8106995, -4.6914043, 0.0], [15.8093262, -4.6914043, 0.0], [15.8093262, -4.692773, 0.0], [15.8079529, -4.692773, 0.0], [15.8079529, -4.6941417, 0.0], [15.8065796, -4.6941417, 0.0], [15.8065796, -4.6955103, 0.0], [15.8065796, -4.696879, 0.0], [15.8079529, -4.696879, 0.0], [15.8079529, -4.6982477, 0.0], [15.8093262, -4.6982477, 0.0], [15.8093262, -4.696879, 0.0]]]}}, {"type": "Feature", "properties": {"id": 335}, "geometry": {"type": "Polygon", "coordinates": [[[15.7873535, -4.696879, 0.0], [15.7873535, -4.6982477, 0.0], [15.7887268, -4.6982477, 0.0], [15.7887268, -4.696879, 0.0], [15.7873535, -4.696879, 0.0]]]}}, {"type": "Feature", "properties": {"id": 336}, "geometry": {"type": "Polygon", "coordinates": [[[15.7722473, -4.696879, 0.0], [15.7722473, -4.6982477, 0.0], [15.7736206, -4.6982477, 0.0], [15.7736206, -4.696879, 0.0], [15.7722473, -4.696879, 0.0]]]}}, {"type": "Feature", "properties": {"id": 337}, "geometry": {"type": "Polygon", "coordinates": [[[15.7489014, -4.6955103, 0.0], [15.7489014, -4.696879, 0.0], [15.7502747, -4.696879, 0.0], [15.7502747, -4.6955103, 0.0], [15.7489014, -4.6955103, 0.0]]]}}, {"type": "Feature", "properties": {"id": 338}, "geometry": {"type": "Polygon", "coordinates": [[[15.8216858, -4.692773, 0.0], [15.8216858, -4.6941417, 0.0], [15.8230591, -4.6941417, 0.0], [15.8230591, -4.692773, 0.0], [15.8216858, -4.692773, 0.0]]]}}, {"type": "Feature", "properties": {"id": 339}, "geometry": {"type": "Polygon", "coordinates": [[[15.7489014, -4.692773, 0.0], [15.7489014, -4.6941417, 0.0], [15.7502747, -4.6941417, 0.0], [15.7502747, -4.692773, 0.0], [15.7489014, -4.692773, 0.0]]]}}, {"type": "Feature", "properties": {"id": 340}, "geometry": {"type": "Polygon", "coordinates": [[[15.7461548, -4.692773, 0.0], [15.7461548, -4.6941417, 0.0], [15.7475281, -4.6941417, 0.0], [15.7475281, -4.692773, 0.0], [15.7461548, -4.692773, 0.0]]]}}, {"type": "Feature", "properties": {"id": 341}, "geometry": {"type": "Polygon", "coordinates": [[[15.7296753, -4.6900356, 0.0], [15.7296753, -4.6886669, 0.0], [15.728302, -4.6886669, 0.0], [15.728302, -4.6900356, 0.0], [15.728302, -4.6914043, 0.0], [15.7296753, -4.6914043, 0.0], [15.7296753, -4.6900356, 0.0]]]}}, {"type": "Feature", "properties": {"id": 342}, "geometry": {"type": "Polygon", "coordinates": [[[15.8917236, -4.6914043, 0.0], [15.8930969, -4.6914043, 0.0], [15.8930969, -4.6900356, 0.0], [15.8917236, -4.6900356, 0.0], [15.8917236, -4.6886669, 0.0], [15.8903503, -4.6886669, 0.0], [15.8903503, -4.6900356, 0.0], [15.8903503, -4.6914043, 0.0], [15.8917236, -4.6914043, 0.0]]]}}, {"type": "Feature", "properties": {"id": 343}, "geometry": {"type": "Polygon", "coordinates": [[[15.8120728, -4.6914043, 0.0], [15.8120728, -4.692773, 0.0], [15.813446, -4.692773, 0.0], [15.813446, -4.6914043, 0.0], [15.8120728, -4.6914043, 0.0]]]}}, {"type": "Feature", "properties": {"id": 344}, "geometry": {"type": "Polygon", "coordinates": [[[15.7598877, -4.6900356, 0.0], [15.7598877, -4.6886669, 0.0], [15.7585144, -4.6886669, 0.0], [15.7585144, -4.6900356, 0.0], [15.7585144, -4.6914043, 0.0], [15.7598877, -4.6914043, 0.0], [15.7598877, -4.6900356, 0.0]]]}}, {"type": "Feature", "properties": {"id": 345}, "geometry": {"type": "Polygon", "coordinates": [[[15.7585144, -4.6831921, 0.0], [15.7585144, -4.6845608, 0.0], [15.7598877, -4.6845608, 0.0], [15.7598877, -4.6831921, 0.0], [15.7585144, -4.6831921, 0.0]]]}}, {"type": "Feature", "properties": {"id": 346}, "geometry": {"type": "Polygon", "coordinates": [[[15.8285522, -4.6831921, 0.0], [15.8285522, -4.6845608, 0.0], [15.8299255, -4.6845608, 0.0], [15.8299255, -4.6831921, 0.0], [15.8285522, -4.6831921, 0.0]]]}}, {"type": "Feature", "properties": {"id": 347}, "geometry": {"type": "Polygon", "coordinates": [[[15.8972168, -4.6818234, 0.0], [15.8972168, -4.6831921, 0.0], [15.8985901, -4.6831921, 0.0], [15.8985901, -4.6818234, 0.0], [15.8972168, -4.6818234, 0.0]]]}}, {"type": "Feature", "properties": {"id": 348}, "geometry": {"type": "Polygon", "coordinates": [[[15.7598877, -4.6872982, 0.0], [15.7598877, -4.6886669, 0.0], [15.761261, -4.6886669, 0.0], [15.761261, -4.6872982, 0.0], [15.7598877, -4.6872982, 0.0]]]}}, {"type": "Feature", "properties": {"id": 349}, "geometry": {"type": "Polygon", "coordinates": [[[15.7543945, -4.6872982, 0.0], [15.7530212, -4.6872982, 0.0], [15.7530212, -4.6886669, 0.0], [15.7543945, -4.6886669, 0.0], [15.7557678, -4.6886669, 0.0], [15.7557678, -4.6872982, 0.0], [15.7543945, -4.6872982, 0.0]]]}}, {"type": "Feature", "properties": {"id": 350}, "geometry": {"type": "Polygon", "coordinates": [[[15.7447815, -4.6872982, 0.0], [15.7447815, -4.6886669, 0.0], [15.7461548, -4.6886669, 0.0], [15.7461548, -4.6872982, 0.0], [15.7447815, -4.6872982, 0.0]]]}}, {"type": "Feature", "properties": {"id": 351}, "geometry": {"type": "Polygon", "coordinates": [[[15.7598877, -4.6804547, 0.0], [15.7585144, -4.6804547, 0.0], [15.7585144, -4.6818234, 0.0], [15.7598877, -4.6818234, 0.0], [15.761261, -4.6818234, 0.0], [15.761261, -4.6804547, 0.0], [15.7598877, -4.6804547, 0.0]]]}}, {"type": "Feature", "properties": {"id": 352}, "geometry": {"type": "Polygon", "coordinates": [[[15.8299255, -4.6804547, 0.0], [15.8299255, -4.679086, 0.0], [15.8285522, -4.679086, 0.0], [15.8285522, -4.6804547, 0.0], [15.8285522, -4.6818234, 0.0], [15.8299255, -4.6818234, 0.0], [15.8299255, -4.6804547, 0.0]]]}}, {"type": "Feature", "properties": {"id": 353}, "geometry": {"type": "Polygon", "coordinates": [[[15.8917236, -4.6804547, 0.0], [15.8917236, -4.6818234, 0.0], [15.8930969, -4.6818234, 0.0], [15.8930969, -4.6804547, 0.0], [15.8917236, -4.6804547, 0.0]]]}}, {"type": "Feature", "properties": {"id": 354}, "geometry": {"type": "Polygon", "coordinates": [[[15.7571411, -4.6722424, 0.0], [15.7571411, -4.6708736, 0.0], [15.7557678, -4.6708736, 0.0], [15.7557678, -4.6722424, 0.0], [15.7557678, -4.6736111, 0.0], [15.7571411, -4.6736111, 0.0], [15.7571411, -4.6722424, 0.0]]]}}, {"type": "Feature", "properties": {"id": 355}, "geometry": {"type": "Polygon", "coordinates": [[[15.7695007, -4.6708736, 0.0], [15.770874, -4.6708736, 0.0], [15.770874, -4.6695049, 0.0], [15.7695007, -4.6695049, 0.0], [15.7695007, -4.6681362, 0.0], [15.7681274, -4.6681362, 0.0], [15.7681274, -4.6695049, 0.0], [15.7681274, -4.6708736, 0.0], [15.7695007, -4.6708736, 0.0]]]}}, {"type": "Feature", "properties": {"id": 356}, "geometry": {"type": "Polygon", "coordinates": [[[15.7763672, -4.6695049, 0.0], [15.7763672, -4.6681362, 0.0], [15.7777405, -4.6681362, 0.0], [15.7777405, -4.6667674, 0.0], [15.7777405, -4.6653987, 0.0], [15.7763672, -4.6653987, 0.0], [15.7749939, -4.6653987, 0.0], [15.7749939, -4.6667674, 0.0], [15.7749939, -4.6681362, 0.0], [15.7749939, -4.6695049, 0.0], [15.7749939, -4.6708736, 0.0], [15.7763672, -4.6708736, 0.0], [15.7763672, -4.6695049, 0.0]]]}}, {"type": "Feature", "properties": {"id": 357}, "geometry": {"type": "Polygon", "coordinates": [[[15.7516479, -4.6681362, 0.0], [15.7516479, -4.6695049, 0.0], [15.7530212, -4.6695049, 0.0], [15.7530212, -4.6681362, 0.0], [15.7516479, -4.6681362, 0.0]]]}}, {"type": "Feature", "properties": {"id": 358}, "geometry": {"type": "Polygon", "coordinates": [[[15.8244324, -4.6681362, 0.0], [15.8244324, -4.6695049, 0.0], [15.8258057, -4.6695049, 0.0], [15.8258057, -4.6681362, 0.0], [15.8244324, -4.6681362, 0.0]]]}}, {"type": "Feature", "properties": {"id": 359}, "geometry": {"type": "Polygon", "coordinates": [[[15.7461548, -4.66403, 0.0], [15.7461548, -4.6653987, 0.0], [15.7475281, -4.6653987, 0.0], [15.7475281, -4.66403, 0.0], [15.7461548, -4.66403, 0.0]]]}}, {"type": "Feature", "properties": {"id": 360}, "geometry": {"type": "Polygon", "coordinates": [[[15.90271, -4.6626612, 0.0], [15.90271, -4.66403, 0.0], [15.9040833, -4.66403, 0.0], [15.9040833, -4.6626612, 0.0], [15.90271, -4.6626612, 0.0]]]}}, {"type": "Feature", "properties": {"id": 361}, "geometry": {"type": "Polygon", "coordinates": [[[15.7955933, -4.66403, 0.0], [15.7955933, -4.6653987, 0.0], [15.7969666, -4.6653987, 0.0], [15.7969666, -4.66403, 0.0], [15.7955933, -4.66403, 0.0]]]}}, {"type": "Feature", "properties": {"id": 362}, "geometry": {"type": "Polygon", "coordinates": [[[15.7585144, -4.66403, 0.0], [15.7585144, -4.6653987, 0.0], [15.7598877, -4.6653987, 0.0], [15.7598877, -4.66403, 0.0], [15.7585144, -4.66403, 0.0]]]}}, {"type": "Feature", "properties": {"id": 363}, "geometry": {"type": "Polygon", "coordinates": [[[15.8189392, -4.6612925, 0.0], [15.8189392, -4.6626612, 0.0], [15.8203125, -4.6626612, 0.0], [15.8203125, -4.6612925, 0.0], [15.8189392, -4.6612925, 0.0]]]}}, {"type": "Feature", "properties": {"id": 364}, "geometry": {"type": "Polygon", "coordinates": [[[15.827179, -4.6612925, 0.0], [15.827179, -4.6626612, 0.0], [15.8285522, -4.6626612, 0.0], [15.8285522, -4.6612925, 0.0], [15.827179, -4.6612925, 0.0]]]}}, {"type": "Feature", "properties": {"id": 365}, "geometry": {"type": "Polygon", "coordinates": [[[15.8958435, -4.6612925, 0.0], [15.8958435, -4.6626612, 0.0], [15.8972168, -4.6626612, 0.0], [15.8972168, -4.6612925, 0.0], [15.8958435, -4.6612925, 0.0]]]}}, {"type": "Feature", "properties": {"id": 366}, "geometry": {"type": "Polygon", "coordinates": [[[15.7502747, -4.6599237, 0.0], [15.7502747, -4.6612925, 0.0], [15.7516479, -4.6612925, 0.0], [15.7516479, -4.6599237, 0.0], [15.7502747, -4.6599237, 0.0]]]}}, {"type": "Feature", "properties": {"id": 367}, "geometry": {"type": "Polygon", "coordinates": [[[15.7461548, -4.6777173, 0.0], [15.7461548, -4.679086, 0.0], [15.7475281, -4.679086, 0.0], [15.7475281, -4.6777173, 0.0], [15.7461548, -4.6777173, 0.0]]]}}, {"type": "Feature", "properties": {"id": 368}, "geometry": {"type": "Polygon", "coordinates": [[[15.827179, -4.6763485, 0.0], [15.8258057, -4.6763485, 0.0], [15.8258057, -4.6777173, 0.0], [15.827179, -4.6777173, 0.0], [15.8285522, -4.6777173, 0.0], [15.8285522, -4.6763485, 0.0], [15.827179, -4.6763485, 0.0]]]}}, {"type": "Feature", "properties": {"id": 369}, "geometry": {"type": "Polygon", "coordinates": [[[15.7530212, -4.6763485, 0.0], [15.7530212, -4.6749798, 0.0], [15.7530212, -4.6736111, 0.0], [15.7516479, -4.6736111, 0.0], [15.7516479, -4.6749798, 0.0], [15.7516479, -4.6763485, 0.0], [15.7516479, -4.6777173, 0.0], [15.7530212, -4.6777173, 0.0], [15.7530212, -4.6763485, 0.0]]]}}, {"type": "Feature", "properties": {"id": 370}, "geometry": {"type": "Polygon", "coordinates": [[[15.8065796, -4.6749798, 0.0], [15.8065796, -4.6763485, 0.0], [15.8079529, -4.6763485, 0.0], [15.8079529, -4.6749798, 0.0], [15.8065796, -4.6749798, 0.0]]]}}, {"type": "Feature", "properties": {"id": 371}, "geometry": {"type": "Polygon", "coordinates": [[[15.737915, -4.6749798, 0.0], [15.737915, -4.6763485, 0.0], [15.7392883, -4.6763485, 0.0], [15.7392883, -4.6749798, 0.0], [15.737915, -4.6749798, 0.0]]]}}, {"type": "Feature", "properties": {"id": 372}, "geometry": {"type": "Polygon", "coordinates": [[[15.7475281, -4.6558174, 0.0], [15.7461548, -4.6558174, 0.0], [15.7461548, -4.6571862, 0.0], [15.7475281, -4.6571862, 0.0], [15.7489014, -4.6571862, 0.0], [15.7489014, -4.6558174, 0.0], [15.7475281, -4.6558174, 0.0]]]}}, {"type": "Feature", "properties": {"id": 373}, "geometry": {"type": "Polygon", "coordinates": [[[15.8052063, -4.6558174, 0.0], [15.8052063, -4.6571862, 0.0], [15.8065796, -4.6571862, 0.0], [15.8065796, -4.6558174, 0.0], [15.8052063, -4.6558174, 0.0]]]}}, {"type": "Feature", "properties": {"id": 374}, "geometry": {"type": "Polygon", "coordinates": [[[15.8175659, -4.6558174, 0.0], [15.8189392, -4.6558174, 0.0], [15.8189392, -4.6544487, 0.0], [15.8175659, -4.6544487, 0.0], [15.8175659, -4.6530799, 0.0], [15.8175659, -4.6517112, 0.0], [15.8161926, -4.6517112, 0.0], [15.8148193, -4.6517112, 0.0], [15.8148193, -4.6530799, 0.0], [15.8148193, -4.6544487, 0.0], [15.8161926, -4.6544487, 0.0], [15.8161926, -4.6558174, 0.0], [15.8175659, -4.6558174, 0.0]]]}}, {"type": "Feature", "properties": {"id": 375}, "geometry": {"type": "Polygon", "coordinates": [[[15.803833, -4.6544487, 0.0], [15.803833, -4.6558174, 0.0], [15.8052063, -4.6558174, 0.0], [15.8052063, -4.6544487, 0.0], [15.803833, -4.6544487, 0.0]]]}}, {"type": "Feature", "properties": {"id": 376}, "geometry": {"type": "Polygon", "coordinates": [[[15.8203125, -4.6530799, 0.0], [15.8203125, -4.6517112, 0.0], [15.8189392, -4.6517112, 0.0], [15.8189392, -4.6530799, 0.0], [15.8189392, -4.6544487, 0.0], [15.8203125, -4.6544487, 0.0], [15.8203125, -4.6530799, 0.0]]]}}, {"type": "Feature", "properties": {"id": 377}, "geometry": {"type": "Polygon", "coordinates": [[[15.8285522, -4.6489736, 0.0], [15.8285522, -4.6476048, 0.0], [15.8299255, -4.6476048, 0.0], [15.8299255, -4.6462361, 0.0], [15.8285522, -4.6462361, 0.0], [15.827179, -4.6462361, 0.0], [15.827179, -4.6476048, 0.0], [15.827179, -4.6489736, 0.0], [15.827179, -4.6503424, 0.0], [15.8285522, -4.6503424, 0.0], [15.8285522, -4.6489736, 0.0]]]}}, {"type": "Feature", "properties": {"id": 378}, "geometry": {"type": "Polygon", "coordinates": [[[15.9040833, -4.6476048, 0.0], [15.9040833, -4.6462361, 0.0], [15.90271, -4.6462361, 0.0], [15.90271, -4.6476048, 0.0], [15.90271, -4.6489736, 0.0], [15.9040833, -4.6489736, 0.0], [15.9040833, -4.6476048, 0.0]]]}}, {"type": "Feature", "properties": {"id": 379}, "geometry": {"type": "Polygon", "coordinates": [[[15.7502747, -4.6421297, 0.0], [15.7502747, -4.6407609, 0.0], [15.7489014, -4.6407609, 0.0], [15.7489014, -4.6393921, 0.0], [15.7475281, -4.6393921, 0.0], [15.7461548, -4.6393921, 0.0], [15.7461548, -4.6407609, 0.0], [15.7461548, -4.6421297, 0.0], [15.7475281, -4.6421297, 0.0], [15.7489014, -4.6421297, 0.0], [15.7489014, -4.6434985, 0.0], [15.7502747, -4.6434985, 0.0], [15.7502747, -4.6421297, 0.0]]]}}, {"type": "Feature", "properties": {"id": 380}, "geometry": {"type": "Polygon", "coordinates": [[[15.8312988, -4.6421297, 0.0], [15.8312988, -4.6434985, 0.0], [15.8326721, -4.6434985, 0.0], [15.8326721, -4.6421297, 0.0], [15.8312988, -4.6421297, 0.0]]]}}, {"type": "Feature", "properties": {"id": 381}, "geometry": {"type": "Polygon", "coordinates": [[[15.9082031, -4.6407609, 0.0], [15.9082031, -4.6393921, 0.0], [15.9082031, -4.6380233, 0.0], [15.9068298, -4.6380233, 0.0], [15.9068298, -4.6393921, 0.0], [15.9068298, -4.6407609, 0.0], [15.9068298, -4.6421297, 0.0], [15.9082031, -4.6421297, 0.0], [15.9082031, -4.6407609, 0.0]]]}}, {"type": "Feature", "properties": {"id": 382}, "geometry": {"type": "Polygon", "coordinates": [[[15.9068298, -4.6352858, 0.0], [15.9054565, -4.6352858, 0.0], [15.9054565, -4.6366545, 0.0], [15.9068298, -4.6366545, 0.0], [15.9082031, -4.6366545, 0.0], [15.9082031, -4.6352858, 0.0], [15.9068298, -4.6352858, 0.0]]]}}, {"type": "Feature", "properties": {"id": 383}, "geometry": {"type": "Polygon", "coordinates": [[[15.8862305, -4.6366545, 0.0], [15.8862305, -4.6380233, 0.0], [15.8876038, -4.6380233, 0.0], [15.8876038, -4.6366545, 0.0], [15.8862305, -4.6366545, 0.0]]]}}, {"type": "Feature", "properties": {"id": 384}, "geometry": {"type": "Polygon", "coordinates": [[[15.8381653, -4.6325481, 0.0], [15.8381653, -4.6311793, 0.0], [15.836792, -4.6311793, 0.0], [15.836792, -4.6325481, 0.0], [15.836792, -4.6339169, 0.0], [15.8381653, -4.6339169, 0.0], [15.8381653, -4.6325481, 0.0]]]}}, {"type": "Feature", "properties": {"id": 385}, "geometry": {"type": "Polygon", "coordinates": [[[15.7530212, -4.6325481, 0.0], [15.7530212, -4.6311793, 0.0], [15.7516479, -4.6311793, 0.0], [15.7516479, -4.6325481, 0.0], [15.7516479, -4.6339169, 0.0], [15.7530212, -4.6339169, 0.0], [15.7530212, -4.6325481, 0.0]]]}}, {"type": "Feature", "properties": {"id": 386}, "geometry": {"type": "Polygon", "coordinates": [[[15.7461548, -4.6325481, 0.0], [15.7461548, -4.6311793, 0.0], [15.7447815, -4.6311793, 0.0], [15.7447815, -4.6325481, 0.0], [15.7434082, -4.6325481, 0.0], [15.7434082, -4.6339169, 0.0], [15.7447815, -4.6339169, 0.0], [15.7461548, -4.6339169, 0.0], [15.7461548, -4.6325481, 0.0]]]}}, {"type": "Feature", "properties": {"id": 387}, "geometry": {"type": "Polygon", "coordinates": [[[15.7447815, -4.6352858, 0.0], [15.7447815, -4.6366545, 0.0], [15.7461548, -4.6366545, 0.0], [15.7461548, -4.6352858, 0.0], [15.7447815, -4.6352858, 0.0]]]}}, {"type": "Feature", "properties": {"id": 388}, "geometry": {"type": "Polygon", "coordinates": [[[15.8312988, -4.6352858, 0.0], [15.8312988, -4.6366545, 0.0], [15.8326721, -4.6366545, 0.0], [15.8326721, -4.6352858, 0.0], [15.8312988, -4.6352858, 0.0]]]}}, {"type": "Feature", "properties": {"id": 389}, "geometry": {"type": "Polygon", "coordinates": [[[15.7502747, -4.6339169, 0.0], [15.7502747, -4.6325481, 0.0], [15.7489014, -4.6325481, 0.0], [15.7475281, -4.6325481, 0.0], [15.7475281, -4.6339169, 0.0], [15.7461548, -4.6339169, 0.0], [15.7461548, -4.6352858, 0.0], [15.7475281, -4.6352858, 0.0], [15.7489014, -4.6352858, 0.0], [15.7502747, -4.6352858, 0.0], [15.7502747, -4.6339169, 0.0]]]}}, {"type": "Feature", "properties": {"id": 390}, "geometry": {"type": "Polygon", "coordinates": [[[15.8972168, -4.6284417, 0.0], [15.8972168, -4.6298105, 0.0], [15.8985901, -4.6298105, 0.0], [15.8985901, -4.6284417, 0.0], [15.8972168, -4.6284417, 0.0]]]}}, {"type": "Feature", "properties": {"id": 391}, "geometry": {"type": "Polygon", "coordinates": [[[15.7928467, -4.6270729, 0.0], [15.79422, -4.6270729, 0.0], [15.79422, -4.6257041, 0.0], [15.79422, -4.6243353, 0.0], [15.7928467, -4.6243353, 0.0], [15.7928467, -4.6229664, 0.0], [15.7914734, -4.6229664, 0.0], [15.7914734, -4.6243353, 0.0], [15.7914734, -4.6257041, 0.0], [15.7914734, -4.6270729, 0.0], [15.7928467, -4.6270729, 0.0]]]}}, {"type": "Feature", "properties": {"id": 392}, "geometry": {"type": "Polygon", "coordinates": [[[15.8615112, -4.6298105, 0.0], [15.8615112, -4.6311793, 0.0], [15.8628845, -4.6311793, 0.0], [15.8642578, -4.6311793, 0.0], [15.8642578, -4.6298105, 0.0], [15.8628845, -4.6298105, 0.0], [15.8615112, -4.6298105, 0.0]]]}}, {"type": "Feature", "properties": {"id": 393}, "geometry": {"type": "Polygon", "coordinates": [[[15.8903503, -4.6284417, 0.0], [15.8917236, -4.6284417, 0.0], [15.8917236, -4.6270729, 0.0], [15.8903503, -4.6270729, 0.0], [15.8889771, -4.6270729, 0.0], [15.8889771, -4.6257041, 0.0], [15.8876038, -4.6257041, 0.0], [15.8876038, -4.6270729, 0.0], [15.8876038, -4.6284417, 0.0], [15.8889771, -4.6284417, 0.0], [15.8889771, -4.6298105, 0.0], [15.8903503, -4.6298105, 0.0], [15.8903503, -4.6284417, 0.0]]]}}, {"type": "Feature", "properties": {"id": 394}, "geometry": {"type": "Polygon", "coordinates": [[[15.9013367, -4.6243353, 0.0], [15.9013367, -4.6257041, 0.0], [15.90271, -4.6257041, 0.0], [15.9040833, -4.6257041, 0.0], [15.9040833, -4.6243353, 0.0], [15.90271, -4.6243353, 0.0], [15.9013367, -4.6243353, 0.0]]]}}, {"type": "Feature", "properties": {"id": 395}, "geometry": {"type": "Polygon", "coordinates": [[[15.8903503, -4.6243353, 0.0], [15.8903503, -4.6257041, 0.0], [15.8917236, -4.6257041, 0.0], [15.8917236, -4.6243353, 0.0], [15.8903503, -4.6243353, 0.0]]]}}, {"type": "Feature", "properties": {"id": 396}, "geometry": {"type": "Polygon", "coordinates": [[[15.7598877, -4.6229664, 0.0], [15.7598877, -4.6243353, 0.0], [15.761261, -4.6243353, 0.0], [15.761261, -4.6229664, 0.0], [15.7598877, -4.6229664, 0.0]]]}}, {"type": "Feature", "properties": {"id": 397}, "geometry": {"type": "Polygon", "coordinates": [[[15.879364, -4.6229664, 0.0], [15.879364, -4.6243353, 0.0], [15.8807373, -4.6243353, 0.0], [15.8807373, -4.6229664, 0.0], [15.879364, -4.6229664, 0.0]]]}}, {"type": "Feature", "properties": {"id": 398}, "geometry": {"type": "Polygon", "coordinates": [[[15.8944702, -4.6133846, 0.0], [15.8944702, -4.6147535, 0.0], [15.8958435, -4.6147535, 0.0], [15.8958435, -4.6133846, 0.0], [15.8944702, -4.6133846, 0.0]]]}}, {"type": "Feature", "properties": {"id": 399}, "geometry": {"type": "Polygon", "coordinates": [[[15.7392883, -4.6133846, 0.0], [15.7392883, -4.6147535, 0.0], [15.7406616, -4.6147535, 0.0], [15.7406616, -4.6133846, 0.0], [15.7392883, -4.6133846, 0.0]]]}}, {"type": "Feature", "properties": {"id": 400}, "geometry": {"type": "Polygon", "coordinates": [[[15.7695007, -4.6065404, 0.0], [15.7695007, -4.6079092, 0.0], [15.770874, -4.6079092, 0.0], [15.770874, -4.6065404, 0.0], [15.7695007, -4.6065404, 0.0]]]}}, {"type": "Feature", "properties": {"id": 401}, "geometry": {"type": "Polygon", "coordinates": [[[15.6980896, -4.6038027, 0.0], [15.6980896, -4.6024338, 0.0], [15.6967163, -4.6024338, 0.0], [15.6967163, -4.6038027, 0.0], [15.6967163, -4.6051715, 0.0], [15.6980896, -4.6051715, 0.0], [15.6980896, -4.6038027, 0.0]]]}}, {"type": "Feature", "properties": {"id": 402}, "geometry": {"type": "Polygon", "coordinates": [[[15.8450317, -4.6051715, 0.0], [15.8450317, -4.6065404, 0.0], [15.846405, -4.6065404, 0.0], [15.846405, -4.6051715, 0.0], [15.8450317, -4.6051715, 0.0]]]}}, {"type": "Feature", "properties": {"id": 403}, "geometry": {"type": "Polygon", "coordinates": [[[15.846405, -4.6038027, 0.0], [15.846405, -4.6051715, 0.0], [15.8477783, -4.6051715, 0.0], [15.8477783, -4.6038027, 0.0], [15.846405, -4.6038027, 0.0]]]}}, {"type": "Feature", "properties": {"id": 404}, "geometry": {"type": "Polygon", "coordinates": [[[15.8821106, -4.6174911, 0.0], [15.8821106, -4.61886, 0.0], [15.8834839, -4.61886, 0.0], [15.8834839, -4.6174911, 0.0], [15.8821106, -4.6174911, 0.0]]]}}, {"type": "Feature", "properties": {"id": 405}, "geometry": {"type": "Polygon", "coordinates": [[[15.8917236, -4.6174911, 0.0], [15.8917236, -4.61886, 0.0], [15.8930969, -4.61886, 0.0], [15.8944702, -4.61886, 0.0], [15.8944702, -4.6174911, 0.0], [15.8930969, -4.6174911, 0.0], [15.8917236, -4.6174911, 0.0]]]}}, {"type": "Feature", "properties": {"id": 406}, "geometry": {"type": "Polygon", "coordinates": [[[15.8587646, -4.6024338, 0.0], [15.8587646, -4.6038027, 0.0], [15.8601379, -4.6038027, 0.0], [15.8601379, -4.6024338, 0.0], [15.8587646, -4.6024338, 0.0]]]}}, {"type": "Feature", "properties": {"id": 407}, "geometry": {"type": "Polygon", "coordinates": [[[15.737915, -4.6024338, 0.0], [15.737915, -4.6010649, 0.0], [15.7365417, -4.6010649, 0.0], [15.7365417, -4.6024338, 0.0], [15.7365417, -4.6038027, 0.0], [15.737915, -4.6038027, 0.0], [15.737915, -4.6024338, 0.0]]]}}, {"type": "Feature", "properties": {"id": 408}, "geometry": {"type": "Polygon", "coordinates": [[[15.7337952, -4.6024338, 0.0], [15.7337952, -4.6038027, 0.0], [15.7351685, -4.6038027, 0.0], [15.7351685, -4.6024338, 0.0], [15.7337952, -4.6024338, 0.0]]]}}, {"type": "Feature", "properties": {"id": 409}, "geometry": {"type": "Polygon", "coordinates": [[[15.8862305, -4.6010649, 0.0], [15.8862305, -4.6024338, 0.0], [15.8876038, -4.6024338, 0.0], [15.8889771, -4.6024338, 0.0], [15.8903503, -4.6024338, 0.0], [15.8903503, -4.6010649, 0.0], [15.8889771, -4.6010649, 0.0], [15.8876038, -4.6010649, 0.0], [15.8862305, -4.6010649, 0.0]]]}}, {"type": "Feature", "properties": {"id": 410}, "geometry": {"type": "Polygon", "coordinates": [[[15.8821106, -4.5955895, 0.0], [15.8807373, -4.5955895, 0.0], [15.8807373, -4.5969583, 0.0], [15.8821106, -4.5969583, 0.0], [15.8834839, -4.5969583, 0.0], [15.8834839, -4.5955895, 0.0], [15.8821106, -4.5955895, 0.0]]]}}, {"type": "Feature", "properties": {"id": 411}, "geometry": {"type": "Polygon", "coordinates": [[[15.846405, -4.5996961, 0.0], [15.846405, -4.6010649, 0.0], [15.8477783, -4.6010649, 0.0], [15.8477783, -4.5996961, 0.0], [15.846405, -4.5996961, 0.0]]]}}, {"type": "Feature", "properties": {"id": 412}, "geometry": {"type": "Polygon", "coordinates": [[[15.7736206, -4.5996961, 0.0], [15.7749939, -4.5996961, 0.0], [15.7749939, -4.5983272, 0.0], [15.7749939, -4.5969583, 0.0], [15.7749939, -4.5955895, 0.0], [15.7736206, -4.5955895, 0.0], [15.7736206, -4.5969583, 0.0], [15.7722473, -4.5969583, 0.0], [15.7722473, -4.5983272, 0.0], [15.7722473, -4.5996961, 0.0], [15.7722473, -4.6010649, 0.0], [15.7736206, -4.6010649, 0.0], [15.7736206, -4.5996961, 0.0]]]}}, {"type": "Feature", "properties": {"id": 413}, "geometry": {"type": "Polygon", "coordinates": [[[15.7543945, -4.5928517, 0.0], [15.7530212, -4.5928517, 0.0], [15.7530212, -4.5942206, 0.0], [15.7543945, -4.5942206, 0.0], [15.7557678, -4.5942206, 0.0], [15.7557678, -4.5928517, 0.0], [15.7543945, -4.5928517, 0.0]]]}}, {"type": "Feature", "properties": {"id": 414}, "geometry": {"type": "Polygon", "coordinates": [[[15.68573, -4.5914828, 0.0], [15.68573, -4.5928517, 0.0], [15.6871033, -4.5928517, 0.0], [15.6884766, -4.5928517, 0.0], [15.6884766, -4.5914828, 0.0], [15.6871033, -4.5914828, 0.0], [15.68573, -4.5914828, 0.0]]]}}, {"type": "Feature", "properties": {"id": 415}, "geometry": {"type": "Polygon", "coordinates": [[[15.8972168, -4.588745, 0.0], [15.8972168, -4.5901139, 0.0], [15.8985901, -4.5901139, 0.0], [15.8985901, -4.588745, 0.0], [15.8972168, -4.588745, 0.0]]]}}, {"type": "Feature", "properties": {"id": 416}, "geometry": {"type": "Polygon", "coordinates": [[[15.7392883, -4.588745, 0.0], [15.7392883, -4.5873762, 0.0], [15.737915, -4.5873762, 0.0], [15.7365417, -4.5873762, 0.0], [15.7351685, -4.5873762, 0.0], [15.7351685, -4.588745, 0.0], [15.7351685, -4.5901139, 0.0], [15.7365417, -4.5901139, 0.0], [15.737915, -4.5901139, 0.0], [15.7392883, -4.5901139, 0.0], [15.7392883, -4.588745, 0.0]]]}}, {"type": "Feature", "properties": {"id": 417}, "geometry": {"type": "Polygon", "coordinates": [[[15.6747437, -4.5860073, 0.0], [15.6747437, -4.5846384, 0.0], [15.6747437, -4.5832695, 0.0], [15.6747437, -4.5819006, 0.0], [15.6747437, -4.5805317, 0.0], [15.6733704, -4.5805317, 0.0], [15.6719971, -4.5805317, 0.0], [15.6719971, -4.5791628, 0.0], [15.6706238, -4.5791628, 0.0], [15.6706238, -4.5805317, 0.0], [15.6706238, -4.5819006, 0.0], [15.6706238, -4.5832695, 0.0], [15.6706238, -4.5846384, 0.0], [15.6719971, -4.5846384, 0.0], [15.6719971, -4.5860073, 0.0], [15.6733704, -4.5860073, 0.0], [15.6733704, -4.5873762, 0.0], [15.6747437, -4.5873762, 0.0], [15.6747437, -4.5860073, 0.0]]]}}, {"type": "Feature", "properties": {"id": 418}, "geometry": {"type": "Polygon", "coordinates": [[[15.8560181, -4.5860073, 0.0], [15.8560181, -4.5873762, 0.0], [15.8573914, -4.5873762, 0.0], [15.8573914, -4.5860073, 0.0], [15.8560181, -4.5860073, 0.0]]]}}, {"type": "Feature", "properties": {"id": 419}, "geometry": {"type": "Polygon", "coordinates": [[[15.8546448, -4.5846384, 0.0], [15.8546448, -4.5860073, 0.0], [15.8560181, -4.5860073, 0.0], [15.8560181, -4.5846384, 0.0], [15.8546448, -4.5846384, 0.0]]]}}, {"type": "Feature", "properties": {"id": 420}, "geometry": {"type": "Polygon", "coordinates": [[[15.7365417, -4.5846384, 0.0], [15.7365417, -4.5832695, 0.0], [15.7351685, -4.5832695, 0.0], [15.7351685, -4.5846384, 0.0], [15.7351685, -4.5860073, 0.0], [15.7365417, -4.5860073, 0.0], [15.7365417, -4.5846384, 0.0]]]}}, {"type": "Feature", "properties": {"id": 421}, "geometry": {"type": "Polygon", "coordinates": [[[15.7557678, -4.5832695, 0.0], [15.7557678, -4.5846384, 0.0], [15.7571411, -4.5846384, 0.0], [15.7571411, -4.5832695, 0.0], [15.7557678, -4.5832695, 0.0]]]}}, {"type": "Feature", "properties": {"id": 422}, "geometry": {"type": "Polygon", "coordinates": [[[15.6774902, -4.5819006, 0.0], [15.6774902, -4.5832695, 0.0], [15.6788635, -4.5832695, 0.0], [15.6788635, -4.5819006, 0.0], [15.6774902, -4.5819006, 0.0]]]}}, {"type": "Feature", "properties": {"id": 423}, "geometry": {"type": "Polygon", "coordinates": [[[15.7392883, -4.5819006, 0.0], [15.7392883, -4.5805317, 0.0], [15.737915, -4.5805317, 0.0], [15.737915, -4.5819006, 0.0], [15.737915, -4.5832695, 0.0], [15.7392883, -4.5832695, 0.0], [15.7392883, -4.5819006, 0.0]]]}}, {"type": "Feature", "properties": {"id": 424}, "geometry": {"type": "Polygon", "coordinates": [[[15.9164429, -4.5764249, 0.0], [15.9150696, -4.5764249, 0.0], [15.9150696, -4.5777938, 0.0], [15.9164429, -4.5777938, 0.0], [15.9178162, -4.5777938, 0.0], [15.9178162, -4.5764249, 0.0], [15.9164429, -4.5764249, 0.0]]]}}, {"type": "Feature", "properties": {"id": 425}, "geometry": {"type": "Polygon", "coordinates": [[[15.7434082, -4.5764249, 0.0], [15.7434082, -4.5777938, 0.0], [15.7447815, -4.5777938, 0.0], [15.7447815, -4.5764249, 0.0], [15.7434082, -4.5764249, 0.0]]]}}, {"type": "Feature", "properties": {"id": 426}, "geometry": {"type": "Polygon", "coordinates": [[[15.6802368, -4.5736871, 0.0], [15.6802368, -4.575056, 0.0], [15.6816101, -4.575056, 0.0], [15.6816101, -4.5736871, 0.0], [15.6802368, -4.5736871, 0.0]]]}}, {"type": "Feature", "properties": {"id": 427}, "geometry": {"type": "Polygon", "coordinates": [[[15.9178162, -4.5736871, 0.0], [15.9178162, -4.5723182, 0.0], [15.9178162, -4.5709493, 0.0], [15.9164429, -4.5709493, 0.0], [15.9164429, -4.5723182, 0.0], [15.9164429, -4.5736871, 0.0], [15.9164429, -4.575056, 0.0], [15.9178162, -4.575056, 0.0], [15.9178162, -4.5736871, 0.0]]]}}, {"type": "Feature", "properties": {"id": 428}, "geometry": {"type": "Polygon", "coordinates": [[[15.728302, -4.5723182, 0.0], [15.728302, -4.5709493, 0.0], [15.7269287, -4.5709493, 0.0], [15.7269287, -4.5723182, 0.0], [15.7269287, -4.5736871, 0.0], [15.728302, -4.5736871, 0.0], [15.728302, -4.5723182, 0.0]]]}}, {"type": "Feature", "properties": {"id": 429}, "geometry": {"type": "Polygon", "coordinates": [[[15.7173157, -4.5723182, 0.0], [15.7173157, -4.5736871, 0.0], [15.718689, -4.5736871, 0.0], [15.718689, -4.5723182, 0.0], [15.7173157, -4.5723182, 0.0]]]}}, {"type": "Feature", "properties": {"id": 430}, "geometry": {"type": "Polygon", "coordinates": [[[15.6761169, -4.5709493, 0.0], [15.6774902, -4.5709493, 0.0], [15.6774902, -4.5695803, 0.0], [15.6761169, -4.5695803, 0.0], [15.6747437, -4.5695803, 0.0], [15.6747437, -4.5709493, 0.0], [15.6747437, -4.5723182, 0.0], [15.6761169, -4.5723182, 0.0], [15.6761169, -4.5709493, 0.0]]]}}, {"type": "Feature", "properties": {"id": 431}, "geometry": {"type": "Polygon", "coordinates": [[[15.7063293, -4.5709493, 0.0], [15.7063293, -4.5723182, 0.0], [15.7077026, -4.5723182, 0.0], [15.7077026, -4.5709493, 0.0], [15.7063293, -4.5709493, 0.0]]]}}, {"type": "Feature", "properties": {"id": 432}, "geometry": {"type": "Polygon", "coordinates": [[[15.7008362, -4.5709493, 0.0], [15.7008362, -4.5723182, 0.0], [15.7022095, -4.5723182, 0.0], [15.7022095, -4.5709493, 0.0], [15.7008362, -4.5709493, 0.0]]]}}, {"type": "Feature", "properties": {"id": 433}, "geometry": {"type": "Polygon", "coordinates": [[[15.8587646, -4.5709493, 0.0], [15.8587646, -4.5723182, 0.0], [15.8601379, -4.5723182, 0.0], [15.8601379, -4.5709493, 0.0], [15.8587646, -4.5709493, 0.0]]]}}, {"type": "Feature", "properties": {"id": 434}, "geometry": {"type": "Polygon", "coordinates": [[[15.8505249, -4.5709493, 0.0], [15.8505249, -4.5723182, 0.0], [15.8518982, -4.5723182, 0.0], [15.8518982, -4.5709493, 0.0], [15.8505249, -4.5709493, 0.0]]]}}, {"type": "Feature", "properties": {"id": 435}, "geometry": {"type": "Polygon", "coordinates": [[[15.7461548, -4.5709493, 0.0], [15.7461548, -4.5695803, 0.0], [15.7447815, -4.5695803, 0.0], [15.7447815, -4.5709493, 0.0], [15.7434082, -4.5709493, 0.0], [15.7434082, -4.5723182, 0.0], [15.7447815, -4.5723182, 0.0], [15.7461548, -4.5723182, 0.0], [15.7461548, -4.5709493, 0.0]]]}}, {"type": "Feature", "properties": {"id": 436}, "geometry": {"type": "Polygon", "coordinates": [[[15.6719971, -4.5709493, 0.0], [15.6706238, -4.5709493, 0.0], [15.6706238, -4.5723182, 0.0], [15.6719971, -4.5723182, 0.0], [15.6733704, -4.5723182, 0.0], [15.6733704, -4.5709493, 0.0], [15.6719971, -4.5709493, 0.0]]]}}, {"type": "Feature", "properties": {"id": 437}, "geometry": {"type": "Polygon", "coordinates": [[[15.6980896, -4.5695803, 0.0], [15.6980896, -4.5682114, 0.0], [15.6967163, -4.5682114, 0.0], [15.6967163, -4.5695803, 0.0], [15.6967163, -4.5709493, 0.0], [15.6980896, -4.5709493, 0.0], [15.6994629, -4.5709493, 0.0], [15.6994629, -4.5695803, 0.0], [15.6980896, -4.5695803, 0.0]]]}}, {"type": "Feature", "properties": {"id": 438}, "geometry": {"type": "Polygon", "coordinates": [[[15.8738708, -4.5695803, 0.0], [15.8738708, -4.5682114, 0.0], [15.8724976, -4.5682114, 0.0], [15.8711243, -4.5682114, 0.0], [15.869751, -4.5682114, 0.0], [15.869751, -4.5695803, 0.0], [15.8683777, -4.5695803, 0.0], [15.8683777, -4.5709493, 0.0], [15.869751, -4.5709493, 0.0], [15.8711243, -4.5709493, 0.0], [15.8724976, -4.5709493, 0.0], [15.8738708, -4.5709493, 0.0], [15.8738708, -4.5695803, 0.0]]]}}, {"type": "Feature", "properties": {"id": 439}, "geometry": {"type": "Polygon", "coordinates": [[[15.8779907, -4.5695803, 0.0], [15.8779907, -4.5709493, 0.0], [15.879364, -4.5709493, 0.0], [15.879364, -4.5695803, 0.0], [15.8779907, -4.5695803, 0.0]]]}}, {"type": "Feature", "properties": {"id": 440}, "geometry": {"type": "Polygon", "coordinates": [[[15.7118225, -4.5682114, 0.0], [15.7118225, -4.5695803, 0.0], [15.7131958, -4.5695803, 0.0], [15.7131958, -4.5682114, 0.0], [15.7118225, -4.5682114, 0.0]]]}}, {"type": "Feature", "properties": {"id": 441}, "geometry": {"type": "Polygon", "coordinates": [[[15.8615112, -4.5695803, 0.0], [15.8615112, -4.5682114, 0.0], [15.8601379, -4.5682114, 0.0], [15.8601379, -4.5695803, 0.0], [15.8601379, -4.5709493, 0.0], [15.8615112, -4.5709493, 0.0], [15.8615112, -4.5695803, 0.0]]]}}, {"type": "Feature", "properties": {"id": 442}, "geometry": {"type": "Polygon", "coordinates": [[[15.6816101, -4.5668425, 0.0], [15.6816101, -4.5654736, 0.0], [15.6802368, -4.5654736, 0.0], [15.6802368, -4.5668425, 0.0], [15.6802368, -4.5682114, 0.0], [15.6802368, -4.5695803, 0.0], [15.6816101, -4.5695803, 0.0], [15.6829834, -4.5695803, 0.0], [15.6829834, -4.5682114, 0.0], [15.6829834, -4.5668425, 0.0], [15.6816101, -4.5668425, 0.0]]]}}, {"type": "Feature", "properties": {"id": 443}, "geometry": {"type": "Polygon", "coordinates": [[[15.7557678, -4.5668425, 0.0], [15.7557678, -4.5682114, 0.0], [15.7571411, -4.5682114, 0.0], [15.7571411, -4.5668425, 0.0], [15.7557678, -4.5668425, 0.0]]]}}, {"type": "Feature", "properties": {"id": 444}, "geometry": {"type": "Polygon", "coordinates": [[[15.6967163, -4.5668425, 0.0], [15.6967163, -4.5654736, 0.0], [15.695343, -4.5654736, 0.0], [15.6939697, -4.5654736, 0.0], [15.6939697, -4.5668425, 0.0], [15.6939697, -4.5682114, 0.0], [15.695343, -4.5682114, 0.0], [15.6967163, -4.5682114, 0.0], [15.6967163, -4.5668425, 0.0]]]}}, {"type": "Feature", "properties": {"id": 445}, "geometry": {"type": "Polygon", "coordinates": [[[15.8738708, -4.5668425, 0.0], [15.8738708, -4.5682114, 0.0], [15.8752441, -4.5682114, 0.0], [15.8752441, -4.5668425, 0.0], [15.8738708, -4.5668425, 0.0]]]}}, {"type": "Feature", "properties": {"id": 446}, "geometry": {"type": "Polygon", "coordinates": [[[15.7022095, -4.5654736, 0.0], [15.7022095, -4.5668425, 0.0], [15.7035828, -4.5668425, 0.0], [15.7035828, -4.5654736, 0.0], [15.7022095, -4.5654736, 0.0]]]}}, {"type": "Feature", "properties": {"id": 447}, "geometry": {"type": "Polygon", "coordinates": [[[15.8615112, -4.5654736, 0.0], [15.8615112, -4.5641046, 0.0], [15.8615112, -4.5627357, 0.0], [15.8601379, -4.5627357, 0.0], [15.8601379, -4.5613667, 0.0], [15.8587646, -4.5613667, 0.0], [15.8587646, -4.5627357, 0.0], [15.8587646, -4.5641046, 0.0], [15.8587646, -4.5654736, 0.0], [15.8587646, -4.5668425, 0.0], [15.8601379, -4.5668425, 0.0], [15.8615112, -4.5668425, 0.0], [15.8628845, -4.5668425, 0.0], [15.8628845, -4.5654736, 0.0], [15.8615112, -4.5654736, 0.0]]]}}, {"type": "Feature", "properties": {"id": 448}, "geometry": {"type": "Polygon", "coordinates": [[[15.9082031, -4.5627357, 0.0], [15.9082031, -4.5641046, 0.0], [15.9095764, -4.5641046, 0.0], [15.9095764, -4.5627357, 0.0], [15.9082031, -4.5627357, 0.0]]]}}, {"type": "Feature", "properties": {"id": 449}, "geometry": {"type": "Polygon", "coordinates": [[[15.8738708, -4.5627357, 0.0], [15.8724976, -4.5627357, 0.0], [15.8724976, -4.5641046, 0.0], [15.8738708, -4.5641046, 0.0], [15.8752441, -4.5641046, 0.0], [15.8766174, -4.5641046, 0.0], [15.8766174, -4.5627357, 0.0], [15.8752441, -4.5627357, 0.0], [15.8738708, -4.5627357, 0.0]]]}}, {"type": "Feature", "properties": {"id": 450}, "geometry": {"type": "Polygon", "coordinates": [[[15.869751, -4.5627357, 0.0], [15.8683777, -4.5627357, 0.0], [15.8683777, -4.5641046, 0.0], [15.869751, -4.5641046, 0.0], [15.8711243, -4.5641046, 0.0], [15.8711243, -4.5627357, 0.0], [15.869751, -4.5627357, 0.0]]]}}, {"type": "Feature", "properties": {"id": 451}, "geometry": {"type": "Polygon", "coordinates": [[[15.8148193, -4.5627357, 0.0], [15.8148193, -4.5641046, 0.0], [15.8161926, -4.5641046, 0.0], [15.8161926, -4.5627357, 0.0], [15.8148193, -4.5627357, 0.0]]]}}, {"type": "Feature", "properties": {"id": 452}, "geometry": {"type": "Polygon", "coordinates": [[[15.7543945, -4.5627357, 0.0], [15.7530212, -4.5627357, 0.0], [15.7530212, -4.5641046, 0.0], [15.7543945, -4.5641046, 0.0], [15.7557678, -4.5641046, 0.0], [15.7557678, -4.5627357, 0.0], [15.7543945, -4.5627357, 0.0]]]}}, {"type": "Feature", "properties": {"id": 453}, "geometry": {"type": "Polygon", "coordinates": [[[15.6706238, -4.5613667, 0.0], [15.6706238, -4.5627357, 0.0], [15.6719971, -4.5627357, 0.0], [15.6719971, -4.5613667, 0.0], [15.6706238, -4.5613667, 0.0]]]}}, {"type": "Feature", "properties": {"id": 454}, "geometry": {"type": "Polygon", "coordinates": [[[15.6939697, -4.5627357, 0.0], [15.6939697, -4.5641046, 0.0], [15.695343, -4.5641046, 0.0], [15.695343, -4.5627357, 0.0], [15.6939697, -4.5627357, 0.0]]]}}, {"type": "Feature", "properties": {"id": 455}, "geometry": {"type": "Polygon", "coordinates": [[[15.6925964, -4.5613667, 0.0], [15.6912231, -4.5613667, 0.0], [15.6912231, -4.5627357, 0.0], [15.6925964, -4.5627357, 0.0], [15.6939697, -4.5627357, 0.0], [15.6939697, -4.5613667, 0.0], [15.6925964, -4.5613667, 0.0]]]}}, {"type": "Feature", "properties": {"id": 456}, "geometry": {"type": "Polygon", "coordinates": [[[15.8889771, -4.5599978, 0.0], [15.8889771, -4.5613667, 0.0], [15.8903503, -4.5613667, 0.0], [15.8903503, -4.5599978, 0.0], [15.8889771, -4.5599978, 0.0]]]}}, {"type": "Feature", "properties": {"id": 457}, "geometry": {"type": "Polygon", "coordinates": [[[15.7104492, -4.5613667, 0.0], [15.7104492, -4.5627357, 0.0], [15.7118225, -4.5627357, 0.0], [15.7118225, -4.5613667, 0.0], [15.7104492, -4.5613667, 0.0]]]}}, {"type": "Feature", "properties": {"id": 458}, "geometry": {"type": "Polygon", "coordinates": [[[15.7241821, -4.5613667, 0.0], [15.7241821, -4.5627357, 0.0], [15.7255554, -4.5627357, 0.0], [15.7255554, -4.5613667, 0.0], [15.7241821, -4.5613667, 0.0]]]}}, {"type": "Feature", "properties": {"id": 459}, "geometry": {"type": "Polygon", "coordinates": [[[15.7516479, -4.5613667, 0.0], [15.7516479, -4.5627357, 0.0], [15.7530212, -4.5627357, 0.0], [15.7530212, -4.5613667, 0.0], [15.7516479, -4.5613667, 0.0]]]}}, {"type": "Feature", "properties": {"id": 460}, "geometry": {"type": "Polygon", "coordinates": [[[15.7214355, -4.5599978, 0.0], [15.7214355, -4.5613667, 0.0], [15.7228088, -4.5613667, 0.0], [15.7228088, -4.5599978, 0.0], [15.7214355, -4.5599978, 0.0]]]}}, {"type": "Feature", "properties": {"id": 461}, "geometry": {"type": "Polygon", "coordinates": [[[15.7008362, -4.5599978, 0.0], [15.7008362, -4.5586289, 0.0], [15.6994629, -4.5586289, 0.0], [15.6994629, -4.5599978, 0.0], [15.6980896, -4.5599978, 0.0], [15.6980896, -4.5586289, 0.0], [15.6967163, -4.5586289, 0.0], [15.6967163, -4.5599978, 0.0], [15.6967163, -4.5613667, 0.0], [15.6980896, -4.5613667, 0.0], [15.6994629, -4.5613667, 0.0], [15.7008362, -4.5613667, 0.0], [15.7008362, -4.5599978, 0.0]]]}}, {"type": "Feature", "properties": {"id": 462}, "geometry": {"type": "Polygon", "coordinates": [[[15.8615112, -4.5613667, 0.0], [15.8615112, -4.5627357, 0.0], [15.8628845, -4.5627357, 0.0], [15.8628845, -4.5613667, 0.0], [15.8615112, -4.5613667, 0.0]]]}}, {"type": "Feature", "properties": {"id": 463}, "geometry": {"type": "Polygon", "coordinates": [[[15.8724976, -4.5599978, 0.0], [15.8724976, -4.5613667, 0.0], [15.8738708, -4.5613667, 0.0], [15.8752441, -4.5613667, 0.0], [15.8752441, -4.5599978, 0.0], [15.8738708, -4.5599978, 0.0], [15.8724976, -4.5599978, 0.0]]]}}, {"type": "Feature", "properties": {"id": 464}, "geometry": {"type": "Polygon", "coordinates": [[[15.6692505, -4.5599978, 0.0], [15.6692505, -4.5613667, 0.0], [15.6706238, -4.5613667, 0.0], [15.6706238, -4.5599978, 0.0], [15.6692505, -4.5599978, 0.0]]]}}, {"type": "Feature", "properties": {"id": 465}, "geometry": {"type": "Polygon", "coordinates": [[[15.68573, -4.554522, 0.0], [15.68573, -4.555891, 0.0], [15.6871033, -4.555891, 0.0], [15.6884766, -4.555891, 0.0], [15.6884766, -4.554522, 0.0], [15.6871033, -4.554522, 0.0], [15.68573, -4.554522, 0.0]]]}}, {"type": "Feature", "properties": {"id": 466}, "geometry": {"type": "Polygon", "coordinates": [[[15.8958435, -4.5504151, 0.0], [15.8958435, -4.5517841, 0.0], [15.8972168, -4.5517841, 0.0], [15.8972168, -4.5504151, 0.0], [15.8958435, -4.5504151, 0.0]]]}}, {"type": "Feature", "properties": {"id": 467}, "geometry": {"type": "Polygon", "coordinates": [[[15.8299255, -4.5504151, 0.0], [15.8299255, -4.5517841, 0.0], [15.8312988, -4.5517841, 0.0], [15.8312988, -4.5504151, 0.0], [15.8299255, -4.5504151, 0.0]]]}}, {"type": "Feature", "properties": {"id": 468}, "geometry": {"type": "Polygon", "coordinates": [[[15.7173157, -4.5490462, 0.0], [15.7173157, -4.5504151, 0.0], [15.718689, -4.5504151, 0.0], [15.718689, -4.5490462, 0.0], [15.7173157, -4.5490462, 0.0]]]}}, {"type": "Feature", "properties": {"id": 469}, "geometry": {"type": "Polygon", "coordinates": [[[15.7667542, -4.5517841, 0.0], [15.7667542, -4.553153, 0.0], [15.7681274, -4.553153, 0.0], [15.7681274, -4.5517841, 0.0], [15.7667542, -4.5517841, 0.0]]]}}, {"type": "Feature", "properties": {"id": 470}, "geometry": {"type": "Polygon", "coordinates": [[[15.7763672, -4.5504151, 0.0], [15.7763672, -4.5490462, 0.0], [15.7763672, -4.5476772, 0.0], [15.7763672, -4.5463082, 0.0], [15.7763672, -4.5449393, 0.0], [15.7749939, -4.5449393, 0.0], [15.7749939, -4.5463082, 0.0], [15.7736206, -4.5463082, 0.0], [15.7722473, -4.5463082, 0.0], [15.7722473, -4.5476772, 0.0], [15.7736206, -4.5476772, 0.0], [15.7736206, -4.5490462, 0.0], [15.7749939, -4.5490462, 0.0], [15.7749939, -4.5504151, 0.0], [15.7749939, -4.5517841, 0.0], [15.7763672, -4.5517841, 0.0], [15.7763672, -4.5504151, 0.0]]]}}, {"type": "Feature", "properties": {"id": 471}, "geometry": {"type": "Polygon", "coordinates": [[[15.8601379, -4.5572599, 0.0], [15.8587646, -4.5572599, 0.0], [15.8587646, -4.5586289, 0.0], [15.8601379, -4.5586289, 0.0], [15.8615112, -4.5586289, 0.0], [15.8615112, -4.5572599, 0.0], [15.8601379, -4.5572599, 0.0]]]}}, {"type": "Feature", "properties": {"id": 472}, "geometry": {"type": "Polygon", "coordinates": [[[15.7324219, -4.5572599, 0.0], [15.7324219, -4.5586289, 0.0], [15.7337952, -4.5586289, 0.0], [15.7337952, -4.5572599, 0.0], [15.7324219, -4.5572599, 0.0]]]}}, {"type": "Feature", "properties": {"id": 473}, "geometry": {"type": "Polygon", "coordinates": [[[15.7090759, -4.5572599, 0.0], [15.7090759, -4.5586289, 0.0], [15.7104492, -4.5586289, 0.0], [15.7104492, -4.5572599, 0.0], [15.7090759, -4.5572599, 0.0]]]}}, {"type": "Feature", "properties": {"id": 474}, "geometry": {"type": "Polygon", "coordinates": [[[15.7887268, -4.555891, 0.0], [15.7887268, -4.5572599, 0.0], [15.7901001, -4.5572599, 0.0], [15.7901001, -4.555891, 0.0], [15.7887268, -4.555891, 0.0]]]}}, {"type": "Feature", "properties": {"id": 475}, "geometry": {"type": "Polygon", "coordinates": [[[15.7983398, -4.5476772, 0.0], [15.7983398, -4.5490462, 0.0], [15.7997131, -4.5490462, 0.0], [15.7997131, -4.5476772, 0.0], [15.7983398, -4.5476772, 0.0]]]}}, {"type": "Feature", "properties": {"id": 476}, "geometry": {"type": "Polygon", "coordinates": [[[15.8766174, -4.5476772, 0.0], [15.8766174, -4.5490462, 0.0], [15.8779907, -4.5490462, 0.0], [15.8779907, -4.5476772, 0.0], [15.8766174, -4.5476772, 0.0]]]}}, {"type": "Feature", "properties": {"id": 477}, "geometry": {"type": "Polygon", "coordinates": [[[15.8972168, -4.5463082, 0.0], [15.8972168, -4.5449393, 0.0], [15.8958435, -4.5449393, 0.0], [15.8958435, -4.5463082, 0.0], [15.8958435, -4.5476772, 0.0], [15.8972168, -4.5476772, 0.0], [15.8972168, -4.5463082, 0.0]]]}}, {"type": "Feature", "properties": {"id": 478}, "geometry": {"type": "Polygon", "coordinates": [[[15.7228088, -4.5476772, 0.0], [15.7228088, -4.5463082, 0.0], [15.7214355, -4.5463082, 0.0], [15.7200623, -4.5463082, 0.0], [15.7200623, -4.5476772, 0.0], [15.7214355, -4.5476772, 0.0], [15.7214355, -4.5490462, 0.0], [15.7228088, -4.5490462, 0.0], [15.7228088, -4.5476772, 0.0]]]}}, {"type": "Feature", "properties": {"id": 479}, "geometry": {"type": "Polygon", "coordinates": [[[15.718689, -4.5449393, 0.0], [15.718689, -4.5463082, 0.0], [15.7200623, -4.5463082, 0.0], [15.7200623, -4.5449393, 0.0], [15.718689, -4.5449393, 0.0]]]}}, {"type": "Feature", "properties": {"id": 480}, "geometry": {"type": "Polygon", "coordinates": [[[15.7598877, -4.5449393, 0.0], [15.7598877, -4.5463082, 0.0], [15.761261, -4.5463082, 0.0], [15.761261, -4.5449393, 0.0], [15.7598877, -4.5449393, 0.0]]]}}, {"type": "Feature", "properties": {"id": 481}, "geometry": {"type": "Polygon", "coordinates": [[[15.7695007, -4.5463082, 0.0], [15.7695007, -4.5476772, 0.0], [15.770874, -4.5476772, 0.0], [15.770874, -4.5463082, 0.0], [15.7695007, -4.5463082, 0.0]]]}}, {"type": "Feature", "properties": {"id": 482}, "geometry": {"type": "Polygon", "coordinates": [[[15.7516479, -4.5435703, 0.0], [15.7516479, -4.5449393, 0.0], [15.7530212, -4.5449393, 0.0], [15.7530212, -4.5435703, 0.0], [15.7516479, -4.5435703, 0.0]]]}}, {"type": "Feature", "properties": {"id": 483}, "geometry": {"type": "Polygon", "coordinates": [[[15.8889771, -4.5435703, 0.0], [15.8889771, -4.5449393, 0.0], [15.8903503, -4.5449393, 0.0], [15.8903503, -4.5435703, 0.0], [15.8889771, -4.5435703, 0.0]]]}}, {"type": "Feature", "properties": {"id": 484}, "geometry": {"type": "Polygon", "coordinates": [[[15.7955933, -4.5435703, 0.0], [15.7955933, -4.5449393, 0.0], [15.7969666, -4.5449393, 0.0], [15.7969666, -4.5435703, 0.0], [15.7955933, -4.5435703, 0.0]]]}}, {"type": "Feature", "properties": {"id": 485}, "geometry": {"type": "Polygon", "coordinates": [[[15.7269287, -4.5422013, 0.0], [15.7269287, -4.5435703, 0.0], [15.728302, -4.5435703, 0.0], [15.728302, -4.5422013, 0.0], [15.7269287, -4.5422013, 0.0]]]}}, {"type": "Feature", "properties": {"id": 486}, "geometry": {"type": "Polygon", "coordinates": [[[15.7324219, -4.5422013, 0.0], [15.7324219, -4.5435703, 0.0], [15.7337952, -4.5435703, 0.0], [15.7337952, -4.5422013, 0.0], [15.7324219, -4.5422013, 0.0]]]}}, {"type": "Feature", "properties": {"id": 487}, "geometry": {"type": "Polygon", "coordinates": [[[15.6747437, -4.5422013, 0.0], [15.6733704, -4.5422013, 0.0], [15.6733704, -4.5435703, 0.0], [15.6747437, -4.5435703, 0.0], [15.6761169, -4.5435703, 0.0], [15.6761169, -4.5422013, 0.0], [15.6747437, -4.5422013, 0.0]]]}}, {"type": "Feature", "properties": {"id": 488}, "geometry": {"type": "Polygon", "coordinates": [[[15.7969666, -4.5408323, 0.0], [15.7969666, -4.5422013, 0.0], [15.7983398, -4.5422013, 0.0], [15.7983398, -4.5408323, 0.0], [15.7969666, -4.5408323, 0.0]]]}}, {"type": "Feature", "properties": {"id": 489}, "geometry": {"type": "Polygon", "coordinates": [[[15.695343, -4.5408323, 0.0], [15.695343, -4.5422013, 0.0], [15.6967163, -4.5422013, 0.0], [15.6967163, -4.5408323, 0.0], [15.695343, -4.5408323, 0.0]]]}}, {"type": "Feature", "properties": {"id": 490}, "geometry": {"type": "Polygon", "coordinates": [[[15.7571411, -4.5408323, 0.0], [15.7585144, -4.5408323, 0.0], [15.7585144, -4.5394633, 0.0], [15.7598877, -4.5394633, 0.0], [15.7598877, -4.5380944, 0.0], [15.7585144, -4.5380944, 0.0], [15.7585144, -4.5367254, 0.0], [15.7598877, -4.5367254, 0.0], [15.7598877, -4.5353564, 0.0], [15.7585144, -4.5353564, 0.0], [15.7571411, -4.5353564, 0.0], [15.7557678, -4.5353564, 0.0], [15.7543945, -4.5353564, 0.0], [15.7530212, -4.5353564, 0.0], [15.7516479, -4.5353564, 0.0], [15.7502747, -4.5353564, 0.0], [15.7489014, -4.5353564, 0.0], [15.7489014, -4.5367254, 0.0], [15.7502747, -4.5367254, 0.0], [15.7502747, -4.5380944, 0.0], [15.7489014, -4.5380944, 0.0], [15.7489014, -4.5394633, 0.0], [15.7502747, -4.5394633, 0.0], [15.7516479, -4.5394633, 0.0], [15.7530212, -4.5394633, 0.0], [15.7530212, -4.5408323, 0.0], [15.7530212, -4.5422013, 0.0], [15.7543945, -4.5422013, 0.0], [15.7557678, -4.5422013, 0.0], [15.7571411, -4.5422013, 0.0], [15.7571411, -4.5408323, 0.0]]]}}, {"type": "Feature", "properties": {"id": 491}, "geometry": {"type": "Polygon", "coordinates": [[[15.7640076, -4.5408323, 0.0], [15.7640076, -4.5422013, 0.0], [15.7653809, -4.5422013, 0.0], [15.7653809, -4.5408323, 0.0], [15.7640076, -4.5408323, 0.0]]]}}, {"type": "Feature", "properties": {"id": 492}, "geometry": {"type": "Polygon", "coordinates": [[[15.827179, -4.658555, 0.0], [15.8258057, -4.658555, 0.0], [15.8258057, -4.6599237, 0.0], [15.827179, -4.6599237, 0.0], [15.8285522, -4.6599237, 0.0], [15.8285522, -4.658555, 0.0], [15.827179, -4.658555, 0.0]]]}}, {"type": "Feature", "properties": {"id": 493}, "geometry": {"type": "Polygon", "coordinates": [[[15.8999634, -4.6612925, 0.0], [15.8999634, -4.6599237, 0.0], [15.8985901, -4.6599237, 0.0], [15.8985901, -4.658555, 0.0], [15.8972168, -4.658555, 0.0], [15.8972168, -4.6599237, 0.0], [15.8972168, -4.6612925, 0.0], [15.8985901, -4.6612925, 0.0], [15.8985901, -4.6626612, 0.0], [15.8999634, -4.6626612, 0.0], [15.8999634, -4.6612925, 0.0]]]}}, {"type": "Feature", "properties": {"id": 494}, "geometry": {"type": "Polygon", "coordinates": [[[15.7585144, -4.6571862, 0.0], [15.7585144, -4.6558174, 0.0], [15.7585144, -4.6544487, 0.0], [15.7571411, -4.6544487, 0.0], [15.7557678, -4.6544487, 0.0], [15.7557678, -4.6558174, 0.0], [15.7571411, -4.6558174, 0.0], [15.7571411, -4.6571862, 0.0], [15.7571411, -4.658555, 0.0], [15.7585144, -4.658555, 0.0], [15.7585144, -4.6571862, 0.0]]]}}, {"type": "Feature", "properties": {"id": 495}, "geometry": {"type": "Polygon", "coordinates": [[[15.7695007, -4.6571862, 0.0], [15.7695007, -4.658555, 0.0], [15.770874, -4.658555, 0.0], [15.770874, -4.6571862, 0.0], [15.7695007, -4.6571862, 0.0]]]}}, {"type": "Feature", "properties": {"id": 496}, "geometry": {"type": "Polygon", "coordinates": [[[15.8010864, -4.6571862, 0.0], [15.8010864, -4.6558174, 0.0], [15.7997131, -4.6558174, 0.0], [15.7997131, -4.6571862, 0.0], [15.7997131, -4.658555, 0.0], [15.8010864, -4.658555, 0.0], [15.8010864, -4.6571862, 0.0]]]}}, {"type": "Feature", "properties": {"id": 497}, "geometry": {"type": "Polygon", "coordinates": [[[15.7901001, -4.6571862, 0.0], [15.7901001, -4.658555, 0.0], [15.7914734, -4.658555, 0.0], [15.7914734, -4.6571862, 0.0], [15.7901001, -4.6571862, 0.0]]]}}, {"type": "Feature", "properties": {"id": 498}, "geometry": {"type": "Polygon", "coordinates": [[[15.728302, -4.5394633, 0.0], [15.728302, -4.5408323, 0.0], [15.7296753, -4.5408323, 0.0], [15.7296753, -4.5394633, 0.0], [15.728302, -4.5394633, 0.0]]]}}, {"type": "Feature", "properties": {"id": 499}, "geometry": {"type": "Polygon", "coordinates": [[[15.8546448, -4.5380944, 0.0], [15.8546448, -4.5394633, 0.0], [15.8560181, -4.5394633, 0.0], [15.8560181, -4.5380944, 0.0], [15.8546448, -4.5380944, 0.0]]]}}, {"type": "Feature", "properties": {"id": 500}, "geometry": {"type": "Polygon", "coordinates": [[[15.8532715, -4.5353564, 0.0], [15.8532715, -4.5367254, 0.0], [15.8546448, -4.5367254, 0.0], [15.8546448, -4.5353564, 0.0], [15.8532715, -4.5353564, 0.0]]]}}, {"type": "Feature", "properties": {"id": 501}, "geometry": {"type": "Polygon", "coordinates": [[[15.7598877, -4.5367254, 0.0], [15.7598877, -4.5380944, 0.0], [15.761261, -4.5380944, 0.0], [15.761261, -4.5367254, 0.0], [15.7598877, -4.5367254, 0.0]]]}}, {"type": "Feature", "properties": {"id": 502}, "geometry": {"type": "Polygon", "coordinates": [[[15.9274292, -4.5339874, 0.0], [15.9274292, -4.5353564, 0.0], [15.9288025, -4.5353564, 0.0], [15.9301758, -4.5353564, 0.0], [15.9315491, -4.5353564, 0.0], [15.9315491, -4.5339874, 0.0], [15.9301758, -4.5339874, 0.0], [15.9288025, -4.5339874, 0.0], [15.9274292, -4.5339874, 0.0]]]}}, {"type": "Feature", "properties": {"id": 503}, "geometry": {"type": "Polygon", "coordinates": [[[15.8821106, -4.5339874, 0.0], [15.8807373, -4.5339874, 0.0], [15.8807373, -4.5353564, 0.0], [15.8821106, -4.5353564, 0.0], [15.8834839, -4.5353564, 0.0], [15.8834839, -4.5339874, 0.0], [15.8821106, -4.5339874, 0.0]]]}}, {"type": "Feature", "properties": {"id": 504}, "geometry": {"type": "Polygon", "coordinates": [[[15.8560181, -4.5339874, 0.0], [15.8560181, -4.5353564, 0.0], [15.8573914, -4.5353564, 0.0], [15.8573914, -4.5339874, 0.0], [15.8560181, -4.5339874, 0.0]]]}}, {"type": "Feature", "properties": {"id": 505}, "geometry": {"type": "Polygon", "coordinates": [[[15.6829834, -4.5339874, 0.0], [15.6843567, -4.5339874, 0.0], [15.6843567, -4.5326184, 0.0], [15.68573, -4.5326184, 0.0], [15.68573, -4.5312494, 0.0], [15.6843567, -4.5312494, 0.0], [15.6843567, -4.5298804, 0.0], [15.6829834, -4.5298804, 0.0], [15.6816101, -4.5298804, 0.0], [15.6816101, -4.5312494, 0.0], [15.6816101, -4.5326184, 0.0], [15.6802368, -4.5326184, 0.0], [15.6788635, -4.5326184, 0.0], [15.6788635, -4.5339874, 0.0], [15.6802368, -4.5339874, 0.0], [15.6802368, -4.5353564, 0.0], [15.6816101, -4.5353564, 0.0], [15.6829834, -4.5353564, 0.0], [15.6829834, -4.5339874, 0.0]]]}}, {"type": "Feature", "properties": {"id": 506}, "geometry": {"type": "Polygon", "coordinates": [[[15.7241821, -4.5339874, 0.0], [15.7241821, -4.5353564, 0.0], [15.7255554, -4.5353564, 0.0], [15.7255554, -4.5339874, 0.0], [15.7241821, -4.5339874, 0.0]]]}}, {"type": "Feature", "properties": {"id": 507}, "geometry": {"type": "Polygon", "coordinates": [[[15.7173157, -4.5339874, 0.0], [15.7173157, -4.5353564, 0.0], [15.718689, -4.5353564, 0.0], [15.718689, -4.5339874, 0.0], [15.7173157, -4.5339874, 0.0]]]}}, {"type": "Feature", "properties": {"id": 508}, "geometry": {"type": "Polygon", "coordinates": [[[15.8752441, -4.5339874, 0.0], [15.8752441, -4.5353564, 0.0], [15.8766174, -4.5353564, 0.0], [15.8766174, -4.5339874, 0.0], [15.8752441, -4.5339874, 0.0]]]}}, {"type": "Feature", "properties": {"id": 509}, "geometry": {"type": "Polygon", "coordinates": [[[15.728302, -4.5326184, 0.0], [15.728302, -4.5339874, 0.0], [15.7296753, -4.5339874, 0.0], [15.7296753, -4.5326184, 0.0], [15.728302, -4.5326184, 0.0]]]}}, {"type": "Feature", "properties": {"id": 510}, "geometry": {"type": "Polygon", "coordinates": [[[15.7791138, -4.5326184, 0.0], [15.7791138, -4.5312494, 0.0], [15.7777405, -4.5312494, 0.0], [15.7763672, -4.5312494, 0.0], [15.7763672, -4.5326184, 0.0], [15.7763672, -4.5339874, 0.0], [15.7777405, -4.5339874, 0.0], [15.7791138, -4.5339874, 0.0], [15.7791138, -4.5326184, 0.0]]]}}, {"type": "Feature", "properties": {"id": 511}, "geometry": {"type": "Polygon", "coordinates": [[[15.7818604, -4.5312494, 0.0], [15.7818604, -4.5326184, 0.0], [15.7832336, -4.5326184, 0.0], [15.7832336, -4.5312494, 0.0], [15.7818604, -4.5312494, 0.0]]]}}, {"type": "Feature", "properties": {"id": 512}, "geometry": {"type": "Polygon", "coordinates": [[[15.8944702, -4.5312494, 0.0], [15.8944702, -4.5326184, 0.0], [15.8958435, -4.5326184, 0.0], [15.8958435, -4.5312494, 0.0], [15.8944702, -4.5312494, 0.0]]]}}, {"type": "Feature", "properties": {"id": 513}, "geometry": {"type": "Polygon", "coordinates": [[[15.8518982, -4.5312494, 0.0], [15.8518982, -4.5326184, 0.0], [15.8532715, -4.5326184, 0.0], [15.8532715, -4.5312494, 0.0], [15.8518982, -4.5312494, 0.0]]]}}, {"type": "Feature", "properties": {"id": 514}, "geometry": {"type": "Polygon", "coordinates": [[[15.8834839, -4.5298804, 0.0], [15.8848572, -4.5298804, 0.0], [15.8848572, -4.5285114, 0.0], [15.8834839, -4.5285114, 0.0], [15.8821106, -4.5285114, 0.0], [15.8821106, -4.5298804, 0.0], [15.8821106, -4.5312494, 0.0], [15.8834839, -4.5312494, 0.0], [15.8834839, -4.5298804, 0.0]]]}}, {"type": "Feature", "properties": {"id": 515}, "geometry": {"type": "Polygon", "coordinates": [[[15.7324219, -4.5298804, 0.0], [15.7324219, -4.5285114, 0.0], [15.7310486, -4.5285114, 0.0], [15.7310486, -4.5298804, 0.0], [15.7310486, -4.5312494, 0.0], [15.7324219, -4.5312494, 0.0], [15.7337952, -4.5312494, 0.0], [15.7337952, -4.5298804, 0.0], [15.7324219, -4.5298804, 0.0]]]}}, {"type": "Feature", "properties": {"id": 516}, "geometry": {"type": "Polygon", "coordinates": [[[15.9013367, -4.5298804, 0.0], [15.9013367, -4.5312494, 0.0], [15.90271, -4.5312494, 0.0], [15.90271, -4.5298804, 0.0], [15.9013367, -4.5298804, 0.0]]]}}, {"type": "Feature", "properties": {"id": 517}, "geometry": {"type": "Polygon", "coordinates": [[[15.9329224, -4.5285114, 0.0], [15.9315491, -4.5285114, 0.0], [15.9315491, -4.5298804, 0.0], [15.9329224, -4.5298804, 0.0], [15.9342957, -4.5298804, 0.0], [15.9342957, -4.5285114, 0.0], [15.9329224, -4.5285114, 0.0]]]}}, {"type": "Feature", "properties": {"id": 518}, "geometry": {"type": "Polygon", "coordinates": [[[15.9439087, -4.5285114, 0.0], [15.9439087, -4.5298804, 0.0], [15.945282, -4.5298804, 0.0], [15.945282, -4.5285114, 0.0], [15.9439087, -4.5285114, 0.0]]]}}, {"type": "Feature", "properties": {"id": 519}, "geometry": {"type": "Polygon", "coordinates": [[[15.921936, -4.5257734, 0.0], [15.921936, -4.5271424, 0.0], [15.9233093, -4.5271424, 0.0], [15.9233093, -4.5257734, 0.0], [15.921936, -4.5257734, 0.0]]]}}, {"type": "Feature", "properties": {"id": 520}, "geometry": {"type": "Polygon", "coordinates": [[[15.68573, -4.5257734, 0.0], [15.68573, -4.5244044, 0.0], [15.6843567, -4.5244044, 0.0], [15.6843567, -4.5230354, 0.0], [15.68573, -4.5230354, 0.0], [15.68573, -4.5216663, 0.0], [15.6843567, -4.5216663, 0.0], [15.6843567, -4.5202973, 0.0], [15.6829834, -4.5202973, 0.0], [15.6829834, -4.5216663, 0.0], [15.6829834, -4.5230354, 0.0], [15.6816101, -4.5230354, 0.0], [15.6816101, -4.5244044, 0.0], [15.6816101, -4.5257734, 0.0], [15.6816101, -4.5271424, 0.0], [15.6829834, -4.5271424, 0.0], [15.6843567, -4.5271424, 0.0], [15.68573, -4.5271424, 0.0], [15.68573, -4.5257734, 0.0]]]}}, {"type": "Feature", "properties": {"id": 521}, "geometry": {"type": "Polygon", "coordinates": [[[15.8258057, -4.5257734, 0.0], [15.8258057, -4.5271424, 0.0], [15.827179, -4.5271424, 0.0], [15.827179, -4.5257734, 0.0], [15.8258057, -4.5257734, 0.0]]]}}, {"type": "Feature", "properties": {"id": 522}, "geometry": {"type": "Polygon", "coordinates": [[[15.8326721, -4.5285114, 0.0], [15.8326721, -4.5298804, 0.0], [15.8340454, -4.5298804, 0.0], [15.8340454, -4.5285114, 0.0], [15.8326721, -4.5285114, 0.0]]]}}, {"type": "Feature", "properties": {"id": 523}, "geometry": {"type": "Polygon", "coordinates": [[[15.8491516, -4.5285114, 0.0], [15.8491516, -4.5298804, 0.0], [15.8505249, -4.5298804, 0.0], [15.8518982, -4.5298804, 0.0], [15.8518982, -4.5285114, 0.0], [15.8505249, -4.5285114, 0.0], [15.8491516, -4.5285114, 0.0]]]}}, {"type": "Feature", "properties": {"id": 524}, "geometry": {"type": "Polygon", "coordinates": [[[15.8862305, -4.5285114, 0.0], [15.8862305, -4.5298804, 0.0], [15.8876038, -4.5298804, 0.0], [15.8876038, -4.5285114, 0.0], [15.8862305, -4.5285114, 0.0]]]}}, {"type": "Feature", "properties": {"id": 525}, "geometry": {"type": "Polygon", "coordinates": [[[15.8299255, -4.5271424, 0.0], [15.8299255, -4.5285114, 0.0], [15.8312988, -4.5285114, 0.0], [15.8312988, -4.5271424, 0.0], [15.8299255, -4.5271424, 0.0]]]}}, {"type": "Feature", "properties": {"id": 526}, "geometry": {"type": "Polygon", "coordinates": [[[15.8999634, -4.5271424, 0.0], [15.8999634, -4.5285114, 0.0], [15.9013367, -4.5285114, 0.0], [15.90271, -4.5285114, 0.0], [15.90271, -4.5271424, 0.0], [15.9013367, -4.5271424, 0.0], [15.8999634, -4.5271424, 0.0]]]}}, {"type": "Feature", "properties": {"id": 527}, "geometry": {"type": "Polygon", "coordinates": [[[15.7859802, -4.5257734, 0.0], [15.7859802, -4.5271424, 0.0], [15.7873535, -4.5271424, 0.0], [15.7873535, -4.5257734, 0.0], [15.7859802, -4.5257734, 0.0]]]}}, {"type": "Feature", "properties": {"id": 528}, "geometry": {"type": "Polygon", "coordinates": [[[15.7777405, -4.5257734, 0.0], [15.7777405, -4.5271424, 0.0], [15.7791138, -4.5271424, 0.0], [15.7791138, -4.5257734, 0.0], [15.7777405, -4.5257734, 0.0]]]}}, {"type": "Feature", "properties": {"id": 529}, "geometry": {"type": "Polygon", "coordinates": [[[15.8230591, -4.5244044, 0.0], [15.8230591, -4.5257734, 0.0], [15.8244324, -4.5257734, 0.0], [15.8258057, -4.5257734, 0.0], [15.8258057, -4.5244044, 0.0], [15.8244324, -4.5244044, 0.0], [15.8230591, -4.5244044, 0.0]]]}}, {"type": "Feature", "properties": {"id": 530}, "geometry": {"type": "Polygon", "coordinates": [[[15.8834839, -4.5244044, 0.0], [15.8834839, -4.5257734, 0.0], [15.8848572, -4.5257734, 0.0], [15.8848572, -4.5244044, 0.0], [15.8834839, -4.5244044, 0.0]]]}}, {"type": "Feature", "properties": {"id": 531}, "geometry": {"type": "Polygon", "coordinates": [[[15.7022095, -4.5244044, 0.0], [15.7022095, -4.5257734, 0.0], [15.7035828, -4.5257734, 0.0], [15.7035828, -4.5244044, 0.0], [15.7022095, -4.5244044, 0.0]]]}}, {"type": "Feature", "properties": {"id": 532}, "geometry": {"type": "Polygon", "coordinates": [[[15.8052063, -4.5230354, 0.0], [15.8052063, -4.5244044, 0.0], [15.8065796, -4.5244044, 0.0], [15.8065796, -4.5230354, 0.0], [15.8052063, -4.5230354, 0.0]]]}}, {"type": "Feature", "properties": {"id": 533}, "geometry": {"type": "Polygon", "coordinates": [[[15.7873535, -4.5230354, 0.0], [15.7873535, -4.5244044, 0.0], [15.7887268, -4.5244044, 0.0], [15.7887268, -4.5230354, 0.0], [15.7873535, -4.5230354, 0.0]]]}}, {"type": "Feature", "properties": {"id": 534}, "geometry": {"type": "Polygon", "coordinates": [[[15.7846069, -4.5230354, 0.0], [15.7846069, -4.5244044, 0.0], [15.7859802, -4.5244044, 0.0], [15.7859802, -4.5230354, 0.0], [15.7846069, -4.5230354, 0.0]]]}}, {"type": "Feature", "properties": {"id": 535}, "geometry": {"type": "Polygon", "coordinates": [[[15.7351685, -4.5216663, 0.0], [15.7351685, -4.5230354, 0.0], [15.7365417, -4.5230354, 0.0], [15.7365417, -4.5216663, 0.0], [15.7351685, -4.5216663, 0.0]]]}}, {"type": "Feature", "properties": {"id": 536}, "geometry": {"type": "Polygon", "coordinates": [[[15.9439087, -4.5189283, 0.0], [15.9439087, -4.5175593, 0.0], [15.9425354, -4.5175593, 0.0], [15.9425354, -4.5189283, 0.0], [15.9425354, -4.5202973, 0.0], [15.9439087, -4.5202973, 0.0], [15.945282, -4.5202973, 0.0], [15.945282, -4.5189283, 0.0], [15.9439087, -4.5189283, 0.0]]]}}, {"type": "Feature", "properties": {"id": 537}, "geometry": {"type": "Polygon", "coordinates": [[[15.7310486, -4.5175593, 0.0], [15.7310486, -4.5189283, 0.0], [15.7324219, -4.5189283, 0.0], [15.7337952, -4.5189283, 0.0], [15.7337952, -4.5175593, 0.0], [15.7324219, -4.5175593, 0.0], [15.7310486, -4.5175593, 0.0]]]}}, {"type": "Feature", "properties": {"id": 538}, "geometry": {"type": "Polygon", "coordinates": [[[15.9205627, -4.5202973, 0.0], [15.9205627, -4.5216663, 0.0], [15.921936, -4.5216663, 0.0], [15.921936, -4.5202973, 0.0], [15.9205627, -4.5202973, 0.0]]]}}, {"type": "Feature", "properties": {"id": 539}, "geometry": {"type": "Polygon", "coordinates": [[[15.7365417, -4.5202973, 0.0], [15.7365417, -4.5216663, 0.0], [15.737915, -4.5216663, 0.0], [15.737915, -4.5202973, 0.0], [15.7365417, -4.5202973, 0.0]]]}}, {"type": "Feature", "properties": {"id": 540}, "geometry": {"type": "Polygon", "coordinates": [[[15.846405, -4.5189283, 0.0], [15.846405, -4.5202973, 0.0], [15.8477783, -4.5202973, 0.0], [15.8477783, -4.5189283, 0.0], [15.846405, -4.5189283, 0.0]]]}}, {"type": "Feature", "properties": {"id": 541}, "geometry": {"type": "Polygon", "coordinates": [[[15.68573, -4.5175593, 0.0], [15.68573, -4.5161903, 0.0], [15.6843567, -4.5161903, 0.0], [15.6829834, -4.5161903, 0.0], [15.6829834, -4.5175593, 0.0], [15.6829834, -4.5189283, 0.0], [15.6843567, -4.5189283, 0.0], [15.68573, -4.5189283, 0.0], [15.68573, -4.5175593, 0.0]]]}}, {"type": "Feature", "properties": {"id": 542}, "geometry": {"type": "Polygon", "coordinates": [[[15.9068298, -4.5175593, 0.0], [15.9068298, -4.5189283, 0.0], [15.9082031, -4.5189283, 0.0], [15.9082031, -4.5175593, 0.0], [15.9068298, -4.5175593, 0.0]]]}}, {"type": "Feature", "properties": {"id": 543}, "geometry": {"type": "Polygon", "coordinates": [[[15.7475281, -4.5175593, 0.0], [15.7475281, -4.5189283, 0.0], [15.7489014, -4.5189283, 0.0], [15.7502747, -4.5189283, 0.0], [15.7502747, -4.5175593, 0.0], [15.7489014, -4.5175593, 0.0], [15.7475281, -4.5175593, 0.0]]]}}, {"type": "Feature", "properties": {"id": 544}, "geometry": {"type": "Polygon", "coordinates": [[[15.8491516, -4.5175593, 0.0], [15.8477783, -4.5175593, 0.0], [15.8477783, -4.5189283, 0.0], [15.8491516, -4.5189283, 0.0], [15.8505249, -4.5189283, 0.0], [15.8505249, -4.5175593, 0.0], [15.8491516, -4.5175593, 0.0]]]}}, {"type": "Feature", "properties": {"id": 545}, "geometry": {"type": "Polygon", "coordinates": [[[15.9233093, -4.5161903, 0.0], [15.9233093, -4.5175593, 0.0], [15.9246826, -4.5175593, 0.0], [15.9246826, -4.5161903, 0.0], [15.9233093, -4.5161903, 0.0]]]}}, {"type": "Feature", "properties": {"id": 546}, "geometry": {"type": "Polygon", "coordinates": [[[15.945282, -4.5161903, 0.0], [15.9466553, -4.5161903, 0.0], [15.9466553, -4.5148212, 0.0], [15.9466553, -4.5134522, 0.0], [15.9480286, -4.5134522, 0.0], [15.9480286, -4.5120832, 0.0], [15.9466553, -4.5120832, 0.0], [15.945282, -4.5120832, 0.0], [15.945282, -4.5134522, 0.0], [15.945282, -4.5148212, 0.0], [15.9439087, -4.5148212, 0.0], [15.9439087, -4.5161903, 0.0], [15.9439087, -4.5175593, 0.0], [15.945282, -4.5175593, 0.0], [15.945282, -4.5161903, 0.0]]]}}, {"type": "Feature", "properties": {"id": 547}, "geometry": {"type": "Polygon", "coordinates": [[[15.8505249, -4.5148212, 0.0], [15.8505249, -4.5161903, 0.0], [15.8518982, -4.5161903, 0.0], [15.8518982, -4.5148212, 0.0], [15.8505249, -4.5148212, 0.0]]]}}, {"type": "Feature", "properties": {"id": 548}, "geometry": {"type": "Polygon", "coordinates": [[[15.8203125, -4.5175593, 0.0], [15.8203125, -4.5189283, 0.0], [15.8216858, -4.5189283, 0.0], [15.8216858, -4.5175593, 0.0], [15.8203125, -4.5175593, 0.0]]]}}, {"type": "Feature", "properties": {"id": 549}, "geometry": {"type": "Polygon", "coordinates": [[[15.7557678, -4.5148212, 0.0], [15.7557678, -4.5161903, 0.0], [15.7571411, -4.5161903, 0.0], [15.7571411, -4.5148212, 0.0], [15.7557678, -4.5148212, 0.0]]]}}, {"type": "Feature", "properties": {"id": 550}, "geometry": {"type": "Polygon", "coordinates": [[[15.7420349, -4.5148212, 0.0], [15.7420349, -4.5161903, 0.0], [15.7434082, -4.5161903, 0.0], [15.7447815, -4.5161903, 0.0], [15.7447815, -4.5148212, 0.0], [15.7434082, -4.5148212, 0.0], [15.7420349, -4.5148212, 0.0]]]}}, {"type": "Feature", "properties": {"id": 551}, "geometry": {"type": "Polygon", "coordinates": [[[15.9260559, -4.5148212, 0.0], [15.9260559, -4.5161903, 0.0], [15.9274292, -4.5161903, 0.0], [15.9274292, -4.5148212, 0.0], [15.9260559, -4.5148212, 0.0]]]}}, {"type": "Feature", "properties": {"id": 552}, "geometry": {"type": "Polygon", "coordinates": [[[15.9329224, -4.5134522, 0.0], [15.9329224, -4.5148212, 0.0], [15.9342957, -4.5148212, 0.0], [15.9342957, -4.5134522, 0.0], [15.9329224, -4.5134522, 0.0]]]}}, {"type": "Feature", "properties": {"id": 553}, "geometry": {"type": "Polygon", "coordinates": [[[15.7667542, -4.5134522, 0.0], [15.7667542, -4.5148212, 0.0], [15.7681274, -4.5148212, 0.0], [15.7681274, -4.5134522, 0.0], [15.7667542, -4.5134522, 0.0]]]}}, {"type": "Feature", "properties": {"id": 554}, "geometry": {"type": "Polygon", "coordinates": [[[15.7749939, -4.5134522, 0.0], [15.7749939, -4.5148212, 0.0], [15.7763672, -4.5148212, 0.0], [15.7763672, -4.5134522, 0.0], [15.7749939, -4.5134522, 0.0]]]}}, {"type": "Feature", "properties": {"id": 555}, "geometry": {"type": "Polygon", "coordinates": [[[15.9013367, -4.5134522, 0.0], [15.9013367, -4.5120832, 0.0], [15.8999634, -4.5120832, 0.0], [15.8999634, -4.5134522, 0.0], [15.8999634, -4.5148212, 0.0], [15.9013367, -4.5148212, 0.0], [15.90271, -4.5148212, 0.0], [15.90271, -4.5134522, 0.0], [15.9013367, -4.5134522, 0.0]]]}}, {"type": "Feature", "properties": {"id": 556}, "geometry": {"type": "Polygon", "coordinates": [[[15.9082031, -4.5120832, 0.0], [15.9082031, -4.5134522, 0.0], [15.9095764, -4.5134522, 0.0], [15.9095764, -4.5120832, 0.0], [15.9082031, -4.5120832, 0.0]]]}}, {"type": "Feature", "properties": {"id": 557}, "geometry": {"type": "Polygon", "coordinates": [[[15.6925964, -4.5120832, 0.0], [15.6925964, -4.5134522, 0.0], [15.6939697, -4.5134522, 0.0], [15.6939697, -4.5120832, 0.0], [15.6925964, -4.5120832, 0.0]]]}}, {"type": "Feature", "properties": {"id": 558}, "geometry": {"type": "Polygon", "coordinates": [[[15.9507751, -4.5120832, 0.0], [15.9507751, -4.5134522, 0.0], [15.9521484, -4.5134522, 0.0], [15.9521484, -4.5120832, 0.0], [15.9507751, -4.5120832, 0.0]]]}}, {"type": "Feature", "properties": {"id": 559}, "geometry": {"type": "Polygon", "coordinates": [[[15.7859802, -4.5120832, 0.0], [15.7859802, -4.5134522, 0.0], [15.7873535, -4.5134522, 0.0], [15.7873535, -4.5120832, 0.0], [15.7859802, -4.5120832, 0.0]]]}}, {"type": "Feature", "properties": {"id": 560}, "geometry": {"type": "Polygon", "coordinates": [[[15.7406616, -4.5120832, 0.0], [15.7392883, -4.5120832, 0.0], [15.7392883, -4.5134522, 0.0], [15.7406616, -4.5134522, 0.0], [15.7420349, -4.5134522, 0.0], [15.7420349, -4.5120832, 0.0], [15.7406616, -4.5120832, 0.0]]]}}, {"type": "Feature", "properties": {"id": 561}, "geometry": {"type": "Polygon", "coordinates": [[[15.7022095, -4.5120832, 0.0], [15.7022095, -4.5134522, 0.0], [15.7035828, -4.5134522, 0.0], [15.7035828, -4.5120832, 0.0], [15.7022095, -4.5120832, 0.0]]]}}, {"type": "Feature", "properties": {"id": 562}, "geometry": {"type": "Polygon", "coordinates": [[[15.9397888, -4.5120832, 0.0], [15.9397888, -4.5134522, 0.0], [15.9411621, -4.5134522, 0.0], [15.9411621, -4.5120832, 0.0], [15.9397888, -4.5120832, 0.0]]]}}, {"type": "Feature", "properties": {"id": 563}, "geometry": {"type": "Polygon", "coordinates": [[[15.8299255, -4.5107141, 0.0], [15.8299255, -4.5120832, 0.0], [15.8312988, -4.5120832, 0.0], [15.8312988, -4.5107141, 0.0], [15.8299255, -4.5107141, 0.0]]]}}, {"type": "Feature", "properties": {"id": 564}, "geometry": {"type": "Polygon", "coordinates": [[[15.737915, -4.5107141, 0.0], [15.737915, -4.5120832, 0.0], [15.7392883, -4.5120832, 0.0], [15.7392883, -4.5107141, 0.0], [15.737915, -4.5107141, 0.0]]]}}, {"type": "Feature", "properties": {"id": 565}, "geometry": {"type": "Polygon", "coordinates": [[[15.7914734, -4.5107141, 0.0], [15.7914734, -4.5120832, 0.0], [15.7928467, -4.5120832, 0.0], [15.7928467, -4.5107141, 0.0], [15.7914734, -4.5107141, 0.0]]]}}, {"type": "Feature", "properties": {"id": 566}, "geometry": {"type": "Polygon", "coordinates": [[[15.79422, -4.5107141, 0.0], [15.79422, -4.5120832, 0.0], [15.7955933, -4.5120832, 0.0], [15.7955933, -4.5107141, 0.0], [15.79422, -4.5107141, 0.0]]]}}, {"type": "Feature", "properties": {"id": 567}, "geometry": {"type": "Polygon", "coordinates": [[[15.912323, -4.5038689, 0.0], [15.912323, -4.505238, 0.0], [15.9136963, -4.505238, 0.0], [15.9136963, -4.5038689, 0.0], [15.912323, -4.5038689, 0.0]]]}}, {"type": "Feature", "properties": {"id": 568}, "geometry": {"type": "Polygon", "coordinates": [[[15.7420349, -4.5011308, 0.0], [15.7406616, -4.5011308, 0.0], [15.7406616, -4.5024999, 0.0], [15.7420349, -4.5024999, 0.0], [15.7434082, -4.5024999, 0.0], [15.7434082, -4.5011308, 0.0], [15.7420349, -4.5011308, 0.0]]]}}, {"type": "Feature", "properties": {"id": 569}, "geometry": {"type": "Polygon", "coordinates": [[[15.6843567, -4.5011308, 0.0], [15.6843567, -4.5024999, 0.0], [15.68573, -4.5024999, 0.0], [15.68573, -4.5011308, 0.0], [15.6843567, -4.5011308, 0.0]]]}}, {"type": "Feature", "properties": {"id": 570}, "geometry": {"type": "Polygon", "coordinates": [[[15.7022095, -4.5024999, 0.0], [15.7022095, -4.5038689, 0.0], [15.7035828, -4.5038689, 0.0], [15.7035828, -4.5024999, 0.0], [15.7022095, -4.5024999, 0.0]]]}}, {"type": "Feature", "properties": {"id": 571}, "geometry": {"type": "Polygon", "coordinates": [[[15.737915, -4.5011308, 0.0], [15.737915, -4.5024999, 0.0], [15.7392883, -4.5024999, 0.0], [15.7392883, -4.5011308, 0.0], [15.737915, -4.5011308, 0.0]]]}}, {"type": "Feature", "properties": {"id": 572}, "geometry": {"type": "Polygon", "coordinates": [[[15.7131958, -4.5011308, 0.0], [15.7131958, -4.5024999, 0.0], [15.7145691, -4.5024999, 0.0], [15.7159424, -4.5024999, 0.0], [15.7159424, -4.5011308, 0.0], [15.7145691, -4.5011308, 0.0], [15.7131958, -4.5011308, 0.0]]]}}, {"type": "Feature", "properties": {"id": 573}, "geometry": {"type": "Polygon", "coordinates": [[[15.7049561, -4.5011308, 0.0], [15.7049561, -4.5024999, 0.0], [15.7063293, -4.5024999, 0.0], [15.7063293, -4.5011308, 0.0], [15.7049561, -4.5011308, 0.0]]]}}, {"type": "Feature", "properties": {"id": 574}, "geometry": {"type": "Polygon", "coordinates": [[[15.8148193, -4.505238, 0.0], [15.8148193, -4.506607, 0.0], [15.8161926, -4.506607, 0.0], [15.8161926, -4.505238, 0.0], [15.8148193, -4.505238, 0.0]]]}}, {"type": "Feature", "properties": {"id": 575}, "geometry": {"type": "Polygon", "coordinates": [[[15.9040833, -4.505238, 0.0], [15.9040833, -4.506607, 0.0], [15.9054565, -4.506607, 0.0], [15.9068298, -4.506607, 0.0], [15.9068298, -4.505238, 0.0], [15.9054565, -4.505238, 0.0], [15.9040833, -4.505238, 0.0]]]}}, {"type": "Feature", "properties": {"id": 576}, "geometry": {"type": "Polygon", "coordinates": [[[15.90271, -4.5038689, 0.0], [15.90271, -4.505238, 0.0], [15.9040833, -4.505238, 0.0], [15.9040833, -4.5038689, 0.0], [15.90271, -4.5038689, 0.0]]]}}, {"type": "Feature", "properties": {"id": 577}, "geometry": {"type": "Polygon", "coordinates": [[[15.6925964, -4.4997617, 0.0], [15.6925964, -4.5011308, 0.0], [15.6939697, -4.5011308, 0.0], [15.6939697, -4.4997617, 0.0], [15.6925964, -4.4997617, 0.0]]]}}, {"type": "Feature", "properties": {"id": 578}, "geometry": {"type": "Polygon", "coordinates": [[[15.8889771, -4.4997617, 0.0], [15.8889771, -4.5011308, 0.0], [15.8903503, -4.5011308, 0.0], [15.8903503, -4.4997617, 0.0], [15.8889771, -4.4997617, 0.0]]]}}, {"type": "Feature", "properties": {"id": 579}, "geometry": {"type": "Polygon", "coordinates": [[[15.7434082, -4.4997617, 0.0], [15.7434082, -4.5011308, 0.0], [15.7447815, -4.5011308, 0.0], [15.7447815, -4.4997617, 0.0], [15.7434082, -4.4997617, 0.0]]]}}, {"type": "Feature", "properties": {"id": 580}, "geometry": {"type": "Polygon", "coordinates": [[[15.7173157, -4.4997617, 0.0], [15.7173157, -4.5011308, 0.0], [15.718689, -4.5011308, 0.0], [15.718689, -4.4997617, 0.0], [15.7173157, -4.4997617, 0.0]]]}}, {"type": "Feature", "properties": {"id": 581}, "geometry": {"type": "Polygon", "coordinates": [[[15.7104492, -4.4997617, 0.0], [15.7104492, -4.5011308, 0.0], [15.7118225, -4.5011308, 0.0], [15.7118225, -4.4997617, 0.0], [15.7104492, -4.4997617, 0.0]]]}}, {"type": "Feature", "properties": {"id": 582}, "geometry": {"type": "Polygon", "coordinates": [[[15.6843567, -4.5134522, 0.0], [15.68573, -4.5134522, 0.0], [15.68573, -4.5120832, 0.0], [15.68573, -4.5107141, 0.0], [15.68573, -4.5093451, 0.0], [15.6843567, -4.5093451, 0.0], [15.6829834, -4.5093451, 0.0], [15.6816101, -4.5093451, 0.0], [15.6816101, -4.5107141, 0.0], [15.6829834, -4.5107141, 0.0], [15.6829834, -4.5120832, 0.0], [15.6829834, -4.5134522, 0.0], [15.6829834, -4.5148212, 0.0], [15.6843567, -4.5148212, 0.0], [15.6843567, -4.5134522, 0.0]]]}}, {"type": "Feature", "properties": {"id": 583}, "geometry": {"type": "Polygon", "coordinates": [[[15.9439087, -4.5107141, 0.0], [15.9439087, -4.5093451, 0.0], [15.9425354, -4.5093451, 0.0], [15.9411621, -4.5093451, 0.0], [15.9411621, -4.5107141, 0.0], [15.9425354, -4.5107141, 0.0], [15.9425354, -4.5120832, 0.0], [15.9439087, -4.5120832, 0.0], [15.9439087, -4.5107141, 0.0]]]}}, {"type": "Feature", "properties": {"id": 584}, "geometry": {"type": "Polygon", "coordinates": [[[15.9095764, -4.5093451, 0.0], [15.9095764, -4.5107141, 0.0], [15.9109497, -4.5107141, 0.0], [15.9109497, -4.5093451, 0.0], [15.9095764, -4.5093451, 0.0]]]}}, {"type": "Feature", "properties": {"id": 585}, "geometry": {"type": "Polygon", "coordinates": [[[15.8518982, -4.5093451, 0.0], [15.8518982, -4.5107141, 0.0], [15.8532715, -4.5107141, 0.0], [15.8532715, -4.5093451, 0.0], [15.8518982, -4.5093451, 0.0]]]}}, {"type": "Feature", "properties": {"id": 586}, "geometry": {"type": "Polygon", "coordinates": [[[15.7887268, -4.5093451, 0.0], [15.7887268, -4.5107141, 0.0], [15.7901001, -4.5107141, 0.0], [15.7901001, -4.5093451, 0.0], [15.7887268, -4.5093451, 0.0]]]}}, {"type": "Feature", "properties": {"id": 587}, "geometry": {"type": "Polygon", "coordinates": [[[15.9342957, -4.507976, 0.0], [15.9342957, -4.5093451, 0.0], [15.9356689, -4.5093451, 0.0], [15.9356689, -4.507976, 0.0], [15.9342957, -4.507976, 0.0]]]}}, {"type": "Feature", "properties": {"id": 588}, "geometry": {"type": "Polygon", "coordinates": [[[15.7351685, -4.507976, 0.0], [15.7351685, -4.5093451, 0.0], [15.7365417, -4.5093451, 0.0], [15.7365417, -4.507976, 0.0], [15.7351685, -4.507976, 0.0]]]}}, {"type": "Feature", "properties": {"id": 589}, "geometry": {"type": "Polygon", "coordinates": [[[15.9274292, -4.507976, 0.0], [15.9274292, -4.5093451, 0.0], [15.9288025, -4.5093451, 0.0], [15.9288025, -4.507976, 0.0], [15.9274292, -4.507976, 0.0]]]}}, {"type": "Feature", "properties": {"id": 590}, "geometry": {"type": "Polygon", "coordinates": [[[15.9082031, -4.507976, 0.0], [15.9082031, -4.5093451, 0.0], [15.9095764, -4.5093451, 0.0], [15.9095764, -4.507976, 0.0], [15.9082031, -4.507976, 0.0]]]}}, {"type": "Feature", "properties": {"id": 591}, "geometry": {"type": "Polygon", "coordinates": [[[15.9301758, -4.4942855, 0.0], [15.9301758, -4.4956546, 0.0], [15.9315491, -4.4956546, 0.0], [15.9315491, -4.4942855, 0.0], [15.9301758, -4.4942855, 0.0]]]}}, {"type": "Feature", "properties": {"id": 592}, "geometry": {"type": "Polygon", "coordinates": [[[15.8230591, -4.4942855, 0.0], [15.8230591, -4.4956546, 0.0], [15.8244324, -4.4956546, 0.0], [15.8244324, -4.4942855, 0.0], [15.8230591, -4.4942855, 0.0]]]}}, {"type": "Feature", "properties": {"id": 593}, "geometry": {"type": "Polygon", "coordinates": [[[15.8601379, -4.4929164, 0.0], [15.8615112, -4.4929164, 0.0], [15.8615112, -4.4915473, 0.0], [15.8615112, -4.4901783, 0.0], [15.8615112, -4.4888092, 0.0], [15.8628845, -4.4888092, 0.0], [15.8628845, -4.4874401, 0.0], [15.8615112, -4.4874401, 0.0], [15.8601379, -4.4874401, 0.0], [15.8587646, -4.4874401, 0.0], [15.8573914, -4.4874401, 0.0], [15.8573914, -4.4888092, 0.0], [15.8587646, -4.4888092, 0.0], [15.8587646, -4.4901783, 0.0], [15.8573914, -4.4901783, 0.0], [15.8573914, -4.4915473, 0.0], [15.8573914, -4.4929164, 0.0], [15.8573914, -4.4942855, 0.0], [15.8587646, -4.4942855, 0.0], [15.8601379, -4.4942855, 0.0], [15.8601379, -4.4929164, 0.0]]]}}, {"type": "Feature", "properties": {"id": 594}, "geometry": {"type": "Polygon", "coordinates": [[[15.8944702, -4.4929164, 0.0], [15.8944702, -4.4942855, 0.0], [15.8958435, -4.4942855, 0.0], [15.8958435, -4.4929164, 0.0], [15.8944702, -4.4929164, 0.0]]]}}, {"type": "Feature", "properties": {"id": 595}, "geometry": {"type": "Polygon", "coordinates": [[[15.9150696, -4.4929164, 0.0], [15.9150696, -4.4942855, 0.0], [15.9164429, -4.4942855, 0.0], [15.9178162, -4.4942855, 0.0], [15.9178162, -4.4929164, 0.0], [15.9164429, -4.4929164, 0.0], [15.9150696, -4.4929164, 0.0]]]}}, {"type": "Feature", "properties": {"id": 596}, "geometry": {"type": "Polygon", "coordinates": [[[15.9301758, -4.4929164, 0.0], [15.9301758, -4.4915473, 0.0], [15.9315491, -4.4915473, 0.0], [15.9315491, -4.4901783, 0.0], [15.9301758, -4.4901783, 0.0], [15.9288025, -4.4901783, 0.0], [15.9274292, -4.4901783, 0.0], [15.9274292, -4.4915473, 0.0], [15.9288025, -4.4915473, 0.0], [15.9288025, -4.4929164, 0.0], [15.9288025, -4.4942855, 0.0], [15.9301758, -4.4942855, 0.0], [15.9301758, -4.4929164, 0.0]]]}}, {"type": "Feature", "properties": {"id": 597}, "geometry": {"type": "Polygon", "coordinates": [[[15.9576416, -4.4915473, 0.0], [15.9576416, -4.4929164, 0.0], [15.9590149, -4.4929164, 0.0], [15.9603882, -4.4929164, 0.0], [15.9603882, -4.4915473, 0.0], [15.9590149, -4.4915473, 0.0], [15.9576416, -4.4915473, 0.0]]]}}, {"type": "Feature", "properties": {"id": 598}, "geometry": {"type": "Polygon", "coordinates": [[[15.6884766, -4.4915473, 0.0], [15.6884766, -4.4901783, 0.0], [15.6871033, -4.4901783, 0.0], [15.68573, -4.4901783, 0.0], [15.68573, -4.4915473, 0.0], [15.6843567, -4.4915473, 0.0], [15.6829834, -4.4915473, 0.0], [15.6829834, -4.4929164, 0.0], [15.6843567, -4.4929164, 0.0], [15.68573, -4.4929164, 0.0], [15.6871033, -4.4929164, 0.0], [15.6884766, -4.4929164, 0.0], [15.6884766, -4.4915473, 0.0]]]}}, {"type": "Feature", "properties": {"id": 599}, "geometry": {"type": "Polygon", "coordinates": [[[15.8505249, -4.4915473, 0.0], [15.8505249, -4.4929164, 0.0], [15.8518982, -4.4929164, 0.0], [15.8518982, -4.4915473, 0.0], [15.8505249, -4.4915473, 0.0]]]}}, {"type": "Feature", "properties": {"id": 600}, "geometry": {"type": "Polygon", "coordinates": [[[15.8010864, -4.4901783, 0.0], [15.8010864, -4.4915473, 0.0], [15.8024597, -4.4915473, 0.0], [15.8024597, -4.4901783, 0.0], [15.8010864, -4.4901783, 0.0]]]}}, {"type": "Feature", "properties": {"id": 601}, "geometry": {"type": "Polygon", "coordinates": [[[15.7269287, -4.4901783, 0.0], [15.7269287, -4.4915473, 0.0], [15.728302, -4.4915473, 0.0], [15.728302, -4.4901783, 0.0], [15.7269287, -4.4901783, 0.0]]]}}, {"type": "Feature", "properties": {"id": 602}, "geometry": {"type": "Polygon", "coordinates": [[[15.6898499, -4.4901783, 0.0], [15.6898499, -4.4915473, 0.0], [15.6912231, -4.4915473, 0.0], [15.6912231, -4.4901783, 0.0], [15.6898499, -4.4901783, 0.0]]]}}, {"type": "Feature", "properties": {"id": 603}, "geometry": {"type": "Polygon", "coordinates": [[[15.9246826, -4.4888092, 0.0], [15.9246826, -4.4901783, 0.0], [15.9260559, -4.4901783, 0.0], [15.9260559, -4.4888092, 0.0], [15.9246826, -4.4888092, 0.0]]]}}, {"type": "Feature", "properties": {"id": 604}, "geometry": {"type": "Polygon", "coordinates": [[[15.6788635, -4.4888092, 0.0], [15.6788635, -4.4874401, 0.0], [15.6774902, -4.4874401, 0.0], [15.6774902, -4.4888092, 0.0], [15.6774902, -4.4901783, 0.0], [15.6788635, -4.4901783, 0.0], [15.6788635, -4.4888092, 0.0]]]}}, {"type": "Feature", "properties": {"id": 605}, "geometry": {"type": "Polygon", "coordinates": [[[15.7337952, -4.4888092, 0.0], [15.7337952, -4.4901783, 0.0], [15.7351685, -4.4901783, 0.0], [15.7351685, -4.4888092, 0.0], [15.7337952, -4.4888092, 0.0]]]}}, {"type": "Feature", "properties": {"id": 606}, "geometry": {"type": "Polygon", "coordinates": [[[15.7392883, -4.4888092, 0.0], [15.7392883, -4.4901783, 0.0], [15.7406616, -4.4901783, 0.0], [15.7420349, -4.4901783, 0.0], [15.7420349, -4.4888092, 0.0], [15.7406616, -4.4888092, 0.0], [15.7392883, -4.4888092, 0.0]]]}}, {"type": "Feature", "properties": {"id": 607}, "geometry": {"type": "Polygon", "coordinates": [[[15.8216858, -4.4888092, 0.0], [15.8203125, -4.4888092, 0.0], [15.8203125, -4.4901783, 0.0], [15.8216858, -4.4901783, 0.0], [15.8230591, -4.4901783, 0.0], [15.8230591, -4.4888092, 0.0], [15.8216858, -4.4888092, 0.0]]]}}, {"type": "Feature", "properties": {"id": 608}, "geometry": {"type": "Polygon", "coordinates": [[[15.8065796, -4.4888092, 0.0], [15.8065796, -4.4874401, 0.0], [15.8052063, -4.4874401, 0.0], [15.8052063, -4.4888092, 0.0], [15.8052063, -4.4901783, 0.0], [15.8065796, -4.4901783, 0.0], [15.8065796, -4.4888092, 0.0]]]}}, {"type": "Feature", "properties": {"id": 609}, "geometry": {"type": "Polygon", "coordinates": [[[15.7434082, -4.4888092, 0.0], [15.7434082, -4.4901783, 0.0], [15.7447815, -4.4901783, 0.0], [15.7447815, -4.4888092, 0.0], [15.7434082, -4.4888092, 0.0]]]}}, {"type": "Feature", "properties": {"id": 610}, "geometry": {"type": "Polygon", "coordinates": [[[15.9178162, -4.4888092, 0.0], [15.9178162, -4.4901783, 0.0], [15.9191895, -4.4901783, 0.0], [15.9191895, -4.4888092, 0.0], [15.9178162, -4.4888092, 0.0]]]}}, {"type": "Feature", "properties": {"id": 611}, "geometry": {"type": "Polygon", "coordinates": [[[15.9233093, -4.4874401, 0.0], [15.9233093, -4.486071, 0.0], [15.921936, -4.486071, 0.0], [15.9205627, -4.486071, 0.0], [15.9205627, -4.4874401, 0.0], [15.9191895, -4.4874401, 0.0], [15.9191895, -4.4888092, 0.0], [15.9205627, -4.4888092, 0.0], [15.921936, -4.4888092, 0.0], [15.9233093, -4.4888092, 0.0], [15.9233093, -4.4874401, 0.0]]]}}, {"type": "Feature", "properties": {"id": 612}, "geometry": {"type": "Polygon", "coordinates": [[[15.6747437, -4.486071, 0.0], [15.6747437, -4.4874401, 0.0], [15.6761169, -4.4874401, 0.0], [15.6761169, -4.486071, 0.0], [15.6747437, -4.486071, 0.0]]]}}, {"type": "Feature", "properties": {"id": 613}, "geometry": {"type": "Polygon", "coordinates": [[[15.9700012, -4.486071, 0.0], [15.9700012, -4.4874401, 0.0], [15.9713745, -4.4874401, 0.0], [15.9713745, -4.486071, 0.0], [15.9700012, -4.486071, 0.0]]]}}, {"type": "Feature", "properties": {"id": 614}, "geometry": {"type": "Polygon", "coordinates": [[[15.9768677, -4.486071, 0.0], [15.9768677, -4.4874401, 0.0], [15.978241, -4.4874401, 0.0], [15.978241, -4.486071, 0.0], [15.9768677, -4.486071, 0.0]]]}}, {"type": "Feature", "properties": {"id": 615}, "geometry": {"type": "Polygon", "coordinates": [[[15.7351685, -4.486071, 0.0], [15.7351685, -4.4874401, 0.0], [15.7365417, -4.4874401, 0.0], [15.7365417, -4.486071, 0.0], [15.7351685, -4.486071, 0.0]]]}}, {"type": "Feature", "properties": {"id": 616}, "geometry": {"type": "Polygon", "coordinates": [[[15.7489014, -4.486071, 0.0], [15.7489014, -4.4847019, 0.0], [15.7502747, -4.4847019, 0.0], [15.7502747, -4.4833329, 0.0], [15.7502747, -4.4819638, 0.0], [15.7489014, -4.4819638, 0.0], [15.7489014, -4.4833329, 0.0], [15.7475281, -4.4833329, 0.0], [15.7461548, -4.4833329, 0.0], [15.7461548, -4.4847019, 0.0], [15.7461548, -4.486071, 0.0], [15.7475281, -4.486071, 0.0], [15.7475281, -4.4874401, 0.0], [15.7489014, -4.4874401, 0.0], [15.7489014, -4.486071, 0.0]]]}}, {"type": "Feature", "properties": {"id": 617}, "geometry": {"type": "Polygon", "coordinates": [[[15.8024597, -4.486071, 0.0], [15.8024597, -4.4874401, 0.0], [15.803833, -4.4874401, 0.0], [15.803833, -4.486071, 0.0], [15.8024597, -4.486071, 0.0]]]}}, {"type": "Feature", "properties": {"id": 618}, "geometry": {"type": "Polygon", "coordinates": [[[15.813446, -4.486071, 0.0], [15.8148193, -4.486071, 0.0], [15.8148193, -4.4847019, 0.0], [15.8161926, -4.4847019, 0.0], [15.8161926, -4.4833329, 0.0], [15.8148193, -4.4833329, 0.0], [15.8148193, -4.4819638, 0.0], [15.8148193, -4.4805947, 0.0], [15.813446, -4.4805947, 0.0], [15.8120728, -4.4805947, 0.0], [15.8120728, -4.4819638, 0.0], [15.8106995, -4.4819638, 0.0], [15.8106995, -4.4833329, 0.0], [15.8106995, -4.4847019, 0.0], [15.8106995, -4.486071, 0.0], [15.8093262, -4.486071, 0.0], [15.8093262, -4.4874401, 0.0], [15.8106995, -4.4874401, 0.0], [15.8120728, -4.4874401, 0.0], [15.813446, -4.4874401, 0.0], [15.813446, -4.486071, 0.0]]]}}, {"type": "Feature", "properties": {"id": 619}, "geometry": {"type": "Polygon", "coordinates": [[[15.8148193, -4.486071, 0.0], [15.8148193, -4.4874401, 0.0], [15.8161926, -4.4874401, 0.0], [15.8175659, -4.4874401, 0.0], [15.8175659, -4.486071, 0.0], [15.8161926, -4.486071, 0.0], [15.8148193, -4.486071, 0.0]]]}}, {"type": "Feature", "properties": {"id": 620}, "geometry": {"type": "Polygon", "coordinates": [[[15.7461548, -4.4983927, 0.0], [15.7447815, -4.4983927, 0.0], [15.7447815, -4.4997617, 0.0], [15.7461548, -4.4997617, 0.0], [15.7475281, -4.4997617, 0.0], [15.7475281, -4.4983927, 0.0], [15.7461548, -4.4983927, 0.0]]]}}, {"type": "Feature", "properties": {"id": 621}, "geometry": {"type": "Polygon", "coordinates": [[[15.7406616, -4.4983927, 0.0], [15.7406616, -4.4997617, 0.0], [15.7420349, -4.4997617, 0.0], [15.7420349, -4.4983927, 0.0], [15.7406616, -4.4983927, 0.0]]]}}, {"type": "Feature", "properties": {"id": 622}, "geometry": {"type": "Polygon", "coordinates": [[[15.737915, -4.4983927, 0.0], [15.737915, -4.4997617, 0.0], [15.7392883, -4.4997617, 0.0], [15.7392883, -4.4983927, 0.0], [15.737915, -4.4983927, 0.0]]]}}, {"type": "Feature", "properties": {"id": 623}, "geometry": {"type": "Polygon", "coordinates": [[[15.7159424, -4.4983927, 0.0], [15.7159424, -4.4997617, 0.0], [15.7173157, -4.4997617, 0.0], [15.7173157, -4.4983927, 0.0], [15.7159424, -4.4983927, 0.0]]]}}, {"type": "Feature", "properties": {"id": 624}, "geometry": {"type": "Polygon", "coordinates": [[[15.7049561, -4.4983927, 0.0], [15.7049561, -4.4997617, 0.0], [15.7063293, -4.4997617, 0.0], [15.7063293, -4.4983927, 0.0], [15.7049561, -4.4983927, 0.0]]]}}, {"type": "Feature", "properties": {"id": 625}, "geometry": {"type": "Polygon", "coordinates": [[[15.9535217, -4.4983927, 0.0], [15.9521484, -4.4983927, 0.0], [15.9521484, -4.4997617, 0.0], [15.9535217, -4.4997617, 0.0], [15.954895, -4.4997617, 0.0], [15.954895, -4.4983927, 0.0], [15.9535217, -4.4983927, 0.0]]]}}, {"type": "Feature", "properties": {"id": 626}, "geometry": {"type": "Polygon", "coordinates": [[[15.9425354, -4.4970236, 0.0], [15.9425354, -4.4983927, 0.0], [15.9439087, -4.4983927, 0.0], [15.9439087, -4.4970236, 0.0], [15.9425354, -4.4970236, 0.0]]]}}, {"type": "Feature", "properties": {"id": 627}, "geometry": {"type": "Polygon", "coordinates": [[[15.8161926, -4.4983927, 0.0], [15.8161926, -4.4997617, 0.0], [15.8175659, -4.4997617, 0.0], [15.8175659, -4.4983927, 0.0], [15.8161926, -4.4983927, 0.0]]]}}, {"type": "Feature", "properties": {"id": 628}, "geometry": {"type": "Polygon", "coordinates": [[[15.6994629, -4.4970236, 0.0], [15.6994629, -4.4983927, 0.0], [15.7008362, -4.4983927, 0.0], [15.7008362, -4.4970236, 0.0], [15.6994629, -4.4970236, 0.0]]]}}, {"type": "Feature", "properties": {"id": 629}, "geometry": {"type": "Polygon", "coordinates": [[[15.6912231, -4.4956546, 0.0], [15.6912231, -4.4970236, 0.0], [15.6925964, -4.4970236, 0.0], [15.6925964, -4.4956546, 0.0], [15.6912231, -4.4956546, 0.0]]]}}, {"type": "Feature", "properties": {"id": 630}, "geometry": {"type": "Polygon", "coordinates": [[[15.9109497, -4.486071, 0.0], [15.9109497, -4.4874401, 0.0], [15.912323, -4.4874401, 0.0], [15.9136963, -4.4874401, 0.0], [15.9136963, -4.486071, 0.0], [15.912323, -4.486071, 0.0], [15.9109497, -4.486071, 0.0]]]}}, {"type": "Feature", "properties": {"id": 631}, "geometry": {"type": "Polygon", "coordinates": [[[15.9191895, -4.486071, 0.0], [15.9191895, -4.4847019, 0.0], [15.9178162, -4.4847019, 0.0], [15.9178162, -4.486071, 0.0], [15.9178162, -4.4874401, 0.0], [15.9191895, -4.4874401, 0.0], [15.9191895, -4.486071, 0.0]]]}}, {"type": "Feature", "properties": {"id": 632}, "geometry": {"type": "Polygon", "coordinates": [[[15.9521484, -4.486071, 0.0], [15.9521484, -4.4874401, 0.0], [15.9535217, -4.4874401, 0.0], [15.9535217, -4.486071, 0.0], [15.9521484, -4.486071, 0.0]]]}}, {"type": "Feature", "properties": {"id": 633}, "geometry": {"type": "Polygon", "coordinates": [[[15.8766174, -4.4847019, 0.0], [15.8766174, -4.486071, 0.0], [15.8779907, -4.486071, 0.0], [15.8779907, -4.4847019, 0.0], [15.8766174, -4.4847019, 0.0]]]}}, {"type": "Feature", "properties": {"id": 634}, "geometry": {"type": "Polygon", "coordinates": [[[15.6994629, -4.4847019, 0.0], [15.6994629, -4.486071, 0.0], [15.7008362, -4.486071, 0.0], [15.7008362, -4.4847019, 0.0], [15.6994629, -4.4847019, 0.0]]]}}, {"type": "Feature", "properties": {"id": 635}, "geometry": {"type": "Polygon", "coordinates": [[[15.8642578, -4.4847019, 0.0], [15.8642578, -4.4833329, 0.0], [15.8628845, -4.4833329, 0.0], [15.8615112, -4.4833329, 0.0], [15.8615112, -4.4847019, 0.0], [15.8615112, -4.486071, 0.0], [15.8628845, -4.486071, 0.0], [15.8642578, -4.486071, 0.0], [15.8642578, -4.4847019, 0.0]]]}}, {"type": "Feature", "properties": {"id": 636}, "geometry": {"type": "Polygon", "coordinates": [[[15.9013367, -4.4847019, 0.0], [15.9013367, -4.4833329, 0.0], [15.8999634, -4.4833329, 0.0], [15.8999634, -4.4847019, 0.0], [15.8999634, -4.486071, 0.0], [15.9013367, -4.486071, 0.0], [15.9013367, -4.4847019, 0.0]]]}}, {"type": "Feature", "properties": {"id": 637}, "geometry": {"type": "Polygon", "coordinates": [[[15.7969666, -4.4847019, 0.0], [15.7969666, -4.486071, 0.0], [15.7983398, -4.486071, 0.0], [15.7983398, -4.4847019, 0.0], [15.7969666, -4.4847019, 0.0]]]}}, {"type": "Feature", "properties": {"id": 638}, "geometry": {"type": "Polygon", "coordinates": [[[15.79422, -4.4847019, 0.0], [15.79422, -4.486071, 0.0], [15.7955933, -4.486071, 0.0], [15.7955933, -4.4847019, 0.0], [15.79422, -4.4847019, 0.0]]]}}, {"type": "Feature", "properties": {"id": 639}, "geometry": {"type": "Polygon", "coordinates": [[[15.8546448, -4.4833329, 0.0], [15.8546448, -4.4847019, 0.0], [15.8560181, -4.4847019, 0.0], [15.8560181, -4.4833329, 0.0], [15.8546448, -4.4833329, 0.0]]]}}, {"type": "Feature", "properties": {"id": 640}, "geometry": {"type": "Polygon", "coordinates": [[[15.9205627, -4.4819638, 0.0], [15.9205627, -4.4833329, 0.0], [15.921936, -4.4833329, 0.0], [15.921936, -4.4819638, 0.0], [15.9205627, -4.4819638, 0.0]]]}}, {"type": "Feature", "properties": {"id": 641}, "geometry": {"type": "Polygon", "coordinates": [[[15.6774902, -4.4819638, 0.0], [15.6774902, -4.4833329, 0.0], [15.6788635, -4.4833329, 0.0], [15.6788635, -4.4819638, 0.0], [15.6774902, -4.4819638, 0.0]]]}}, {"type": "Feature", "properties": {"id": 642}, "geometry": {"type": "Polygon", "coordinates": [[[15.8189392, -4.4805947, 0.0], [15.8189392, -4.4792256, 0.0], [15.8175659, -4.4792256, 0.0], [15.8161926, -4.4792256, 0.0], [15.8161926, -4.4805947, 0.0], [15.8161926, -4.4819638, 0.0], [15.8175659, -4.4819638, 0.0], [15.8189392, -4.4819638, 0.0], [15.8189392, -4.4805947, 0.0]]]}}, {"type": "Feature", "properties": {"id": 643}, "geometry": {"type": "Polygon", "coordinates": [[[15.9136963, -4.4805947, 0.0], [15.9136963, -4.4819638, 0.0], [15.9150696, -4.4819638, 0.0], [15.9150696, -4.4805947, 0.0], [15.9136963, -4.4805947, 0.0]]]}}, {"type": "Feature", "properties": {"id": 644}, "geometry": {"type": "Polygon", "coordinates": [[[15.7447815, -4.4805947, 0.0], [15.7447815, -4.4792256, 0.0], [15.7434082, -4.4792256, 0.0], [15.7434082, -4.4805947, 0.0], [15.7420349, -4.4805947, 0.0], [15.7406616, -4.4805947, 0.0], [15.7392883, -4.4805947, 0.0], [15.7392883, -4.4819638, 0.0], [15.7406616, -4.4819638, 0.0], [15.7420349, -4.4819638, 0.0], [15.7434082, -4.4819638, 0.0], [15.7447815, -4.4819638, 0.0], [15.7447815, -4.4805947, 0.0]]]}}, {"type": "Feature", "properties": {"id": 645}, "geometry": {"type": "Polygon", "coordinates": [[[15.7008362, -4.4805947, 0.0], [15.7008362, -4.4819638, 0.0], [15.7022095, -4.4819638, 0.0], [15.7022095, -4.4805947, 0.0], [15.7008362, -4.4805947, 0.0]]]}}, {"type": "Feature", "properties": {"id": 646}, "geometry": {"type": "Polygon", "coordinates": [[[15.6925964, -4.4805947, 0.0], [15.6925964, -4.4792256, 0.0], [15.6925964, -4.4778565, 0.0], [15.6912231, -4.4778565, 0.0], [15.6912231, -4.4792256, 0.0], [15.6912231, -4.4805947, 0.0], [15.6912231, -4.4819638, 0.0], [15.6925964, -4.4819638, 0.0], [15.6925964, -4.4805947, 0.0]]]}}, {"type": "Feature", "properties": {"id": 647}, "geometry": {"type": "Polygon", "coordinates": [[[15.7214355, -4.4805947, 0.0], [15.7228088, -4.4805947, 0.0], [15.7228088, -4.4792256, 0.0], [15.7214355, -4.4792256, 0.0], [15.7214355, -4.4778565, 0.0], [15.7200623, -4.4778565, 0.0], [15.7200623, -4.4792256, 0.0], [15.718689, -4.4792256, 0.0], [15.7173157, -4.4792256, 0.0], [15.7173157, -4.4805947, 0.0], [15.718689, -4.4805947, 0.0], [15.7200623, -4.4805947, 0.0], [15.7200623, -4.4819638, 0.0], [15.7214355, -4.4819638, 0.0], [15.7214355, -4.4805947, 0.0]]]}}, {"type": "Feature", "properties": {"id": 648}, "geometry": {"type": "Polygon", "coordinates": [[[15.7901001, -4.4792256, 0.0], [15.7887268, -4.4792256, 0.0], [15.7887268, -4.4805947, 0.0], [15.7901001, -4.4805947, 0.0], [15.7914734, -4.4805947, 0.0], [15.7914734, -4.4792256, 0.0], [15.7901001, -4.4792256, 0.0]]]}}, {"type": "Feature", "properties": {"id": 649}, "geometry": {"type": "Polygon", "coordinates": [[[15.7543945, -4.4792256, 0.0], [15.7530212, -4.4792256, 0.0], [15.7530212, -4.4805947, 0.0], [15.7543945, -4.4805947, 0.0], [15.7557678, -4.4805947, 0.0], [15.7557678, -4.4792256, 0.0], [15.7543945, -4.4792256, 0.0]]]}}, {"type": "Feature", "properties": {"id": 650}, "geometry": {"type": "Polygon", "coordinates": [[[15.9631348, -4.4792256, 0.0], [15.9631348, -4.4805947, 0.0], [15.9645081, -4.4805947, 0.0], [15.9645081, -4.4792256, 0.0], [15.9631348, -4.4792256, 0.0]]]}}, {"type": "Feature", "properties": {"id": 651}, "geometry": {"type": "Polygon", "coordinates": [[[15.6774902, -4.4792256, 0.0], [15.6774902, -4.4805947, 0.0], [15.6788635, -4.4805947, 0.0], [15.6788635, -4.4792256, 0.0], [15.6774902, -4.4792256, 0.0]]]}}, {"type": "Feature", "properties": {"id": 652}, "geometry": {"type": "Polygon", "coordinates": [[[15.8106995, -4.4792256, 0.0], [15.8106995, -4.4805947, 0.0], [15.8120728, -4.4805947, 0.0], [15.8120728, -4.4792256, 0.0], [15.8106995, -4.4792256, 0.0]]]}}, {"type": "Feature", "properties": {"id": 653}, "geometry": {"type": "Polygon", "coordinates": [[[15.6719971, -4.4778565, 0.0], [15.6719971, -4.4792256, 0.0], [15.6733704, -4.4792256, 0.0], [15.6733704, -4.4778565, 0.0], [15.6719971, -4.4778565, 0.0]]]}}, {"type": "Feature", "properties": {"id": 654}, "geometry": {"type": "Polygon", "coordinates": [[[15.6898499, -4.4778565, 0.0], [15.6898499, -4.4764874, 0.0], [15.6884766, -4.4764874, 0.0], [15.6884766, -4.4778565, 0.0], [15.6871033, -4.4778565, 0.0], [15.6871033, -4.4792256, 0.0], [15.6884766, -4.4792256, 0.0], [15.6898499, -4.4792256, 0.0], [15.6898499, -4.4778565, 0.0]]]}}, {"type": "Feature", "properties": {"id": 655}, "geometry": {"type": "Polygon", "coordinates": [[[15.8587646, -4.4764874, 0.0], [15.8587646, -4.4778565, 0.0], [15.8601379, -4.4778565, 0.0], [15.8601379, -4.4764874, 0.0], [15.8587646, -4.4764874, 0.0]]]}}, {"type": "Feature", "properties": {"id": 656}, "geometry": {"type": "Polygon", "coordinates": [[[15.9233093, -4.4764874, 0.0], [15.9233093, -4.4778565, 0.0], [15.9246826, -4.4778565, 0.0], [15.9246826, -4.4764874, 0.0], [15.9233093, -4.4764874, 0.0]]]}}, {"type": "Feature", "properties": {"id": 657}, "geometry": {"type": "Polygon", "coordinates": [[[15.9068298, -4.4764874, 0.0], [15.9068298, -4.4751183, 0.0], [15.9054565, -4.4751183, 0.0], [15.9040833, -4.4751183, 0.0], [15.9040833, -4.4764874, 0.0], [15.9040833, -4.4778565, 0.0], [15.9054565, -4.4778565, 0.0], [15.9068298, -4.4778565, 0.0], [15.9082031, -4.4778565, 0.0], [15.9082031, -4.4764874, 0.0], [15.9068298, -4.4764874, 0.0]]]}}, {"type": "Feature", "properties": {"id": 658}, "geometry": {"type": "Polygon", "coordinates": [[[15.7543945, -4.4764874, 0.0], [15.7543945, -4.4778565, 0.0], [15.7557678, -4.4778565, 0.0], [15.7557678, -4.4764874, 0.0], [15.7543945, -4.4764874, 0.0]]]}}, {"type": "Feature", "properties": {"id": 659}, "geometry": {"type": "Polygon", "coordinates": [[[15.7447815, -4.4764874, 0.0], [15.7434082, -4.4764874, 0.0], [15.7434082, -4.4778565, 0.0], [15.7447815, -4.4778565, 0.0], [15.7461548, -4.4778565, 0.0], [15.7461548, -4.4764874, 0.0], [15.7447815, -4.4764874, 0.0]]]}}, {"type": "Feature", "properties": {"id": 660}, "geometry": {"type": "Polygon", "coordinates": [[[15.9150696, -4.4764874, 0.0], [15.9150696, -4.4778565, 0.0], [15.9164429, -4.4778565, 0.0], [15.9164429, -4.4764874, 0.0], [15.9150696, -4.4764874, 0.0]]]}}, {"type": "Feature", "properties": {"id": 661}, "geometry": {"type": "Polygon", "coordinates": [[[15.7118225, -4.4751183, 0.0], [15.7118225, -4.4737492, 0.0], [15.7104492, -4.4737492, 0.0], [15.7104492, -4.4751183, 0.0], [15.7104492, -4.4764874, 0.0], [15.7118225, -4.4764874, 0.0], [15.7118225, -4.4751183, 0.0]]]}}, {"type": "Feature", "properties": {"id": 662}, "geometry": {"type": "Polygon", "coordinates": [[[15.9521484, -4.4737492, 0.0], [15.9521484, -4.4751183, 0.0], [15.9535217, -4.4751183, 0.0], [15.9535217, -4.4737492, 0.0], [15.9521484, -4.4737492, 0.0]]]}}, {"type": "Feature", "properties": {"id": 663}, "geometry": {"type": "Polygon", "coordinates": [[[15.6733704, -4.4751183, 0.0], [15.6733704, -4.4764874, 0.0], [15.6747437, -4.4764874, 0.0], [15.6747437, -4.4751183, 0.0], [15.6733704, -4.4751183, 0.0]]]}}, {"type": "Feature", "properties": {"id": 664}, "geometry": {"type": "Polygon", "coordinates": [[[15.7653809, -4.4751183, 0.0], [15.7653809, -4.4764874, 0.0], [15.7667542, -4.4764874, 0.0], [15.7667542, -4.4751183, 0.0], [15.7653809, -4.4751183, 0.0]]]}}, {"type": "Feature", "properties": {"id": 665}, "geometry": {"type": "Polygon", "coordinates": [[[15.7585144, -4.4751183, 0.0], [15.7585144, -4.4764874, 0.0], [15.7598877, -4.4764874, 0.0], [15.7598877, -4.4751183, 0.0], [15.7585144, -4.4751183, 0.0]]]}}, {"type": "Feature", "properties": {"id": 666}, "geometry": {"type": "Polygon", "coordinates": [[[15.7296753, -4.4751183, 0.0], [15.7296753, -4.4764874, 0.0], [15.7310486, -4.4764874, 0.0], [15.7310486, -4.4751183, 0.0], [15.7296753, -4.4751183, 0.0]]]}}, {"type": "Feature", "properties": {"id": 667}, "geometry": {"type": "Polygon", "coordinates": [[[15.6925964, -4.4751183, 0.0], [15.6925964, -4.4764874, 0.0], [15.6939697, -4.4764874, 0.0], [15.6939697, -4.4751183, 0.0], [15.6925964, -4.4751183, 0.0]]]}}, {"type": "Feature", "properties": {"id": 668}, "geometry": {"type": "Polygon", "coordinates": [[[15.6802368, -4.4737492, 0.0], [15.6802368, -4.4751183, 0.0], [15.6816101, -4.4751183, 0.0], [15.6816101, -4.4737492, 0.0], [15.6802368, -4.4737492, 0.0]]]}}, {"type": "Feature", "properties": {"id": 669}, "geometry": {"type": "Polygon", "coordinates": [[[15.9274292, -4.4737492, 0.0], [15.9260559, -4.4737492, 0.0], [15.9260559, -4.4751183, 0.0], [15.9274292, -4.4751183, 0.0], [15.9288025, -4.4751183, 0.0], [15.9288025, -4.4737492, 0.0], [15.9274292, -4.4737492, 0.0]]]}}, {"type": "Feature", "properties": {"id": 670}, "geometry": {"type": "Polygon", "coordinates": [[[15.8175659, -4.4737492, 0.0], [15.8175659, -4.4723801, 0.0], [15.8175659, -4.471011, 0.0], [15.8161926, -4.471011, 0.0], [15.8148193, -4.471011, 0.0], [15.8148193, -4.4723801, 0.0], [15.8161926, -4.4723801, 0.0], [15.8161926, -4.4737492, 0.0], [15.8161926, -4.4751183, 0.0], [15.8175659, -4.4751183, 0.0], [15.8175659, -4.4737492, 0.0]]]}}, {"type": "Feature", "properties": {"id": 671}, "geometry": {"type": "Polygon", "coordinates": [[[15.7626343, -4.4737492, 0.0], [15.7626343, -4.4751183, 0.0], [15.7640076, -4.4751183, 0.0], [15.7640076, -4.4737492, 0.0], [15.7626343, -4.4737492, 0.0]]]}}, {"type": "Feature", "properties": {"id": 672}, "geometry": {"type": "Polygon", "coordinates": [[[15.7571411, -4.4737492, 0.0], [15.7557678, -4.4737492, 0.0], [15.7557678, -4.4751183, 0.0], [15.7571411, -4.4751183, 0.0], [15.7585144, -4.4751183, 0.0], [15.7585144, -4.4737492, 0.0], [15.7571411, -4.4737492, 0.0]]]}}, {"type": "Feature", "properties": {"id": 673}, "geometry": {"type": "Polygon", "coordinates": [[[15.6733704, -4.4737492, 0.0], [15.6733704, -4.4723801, 0.0], [15.6719971, -4.4723801, 0.0], [15.6719971, -4.4737492, 0.0], [15.6719971, -4.4751183, 0.0], [15.6733704, -4.4751183, 0.0], [15.6733704, -4.4737492, 0.0]]]}}, {"type": "Feature", "properties": {"id": 674}, "geometry": {"type": "Polygon", "coordinates": [[[15.695343, -4.4737492, 0.0], [15.695343, -4.4751183, 0.0], [15.6967163, -4.4751183, 0.0], [15.6967163, -4.4737492, 0.0], [15.695343, -4.4737492, 0.0]]]}}, {"type": "Feature", "properties": {"id": 675}, "geometry": {"type": "Polygon", "coordinates": [[[15.9576416, -4.471011, 0.0], [15.9576416, -4.4723801, 0.0], [15.9590149, -4.4723801, 0.0], [15.9590149, -4.471011, 0.0], [15.9576416, -4.471011, 0.0]]]}}, {"type": "Feature", "properties": {"id": 676}, "geometry": {"type": "Polygon", "coordinates": [[[15.728302, -4.471011, 0.0], [15.728302, -4.4723801, 0.0], [15.7296753, -4.4723801, 0.0], [15.7296753, -4.471011, 0.0], [15.728302, -4.471011, 0.0]]]}}, {"type": "Feature", "properties": {"id": 677}, "geometry": {"type": "Polygon", "coordinates": [[[15.8821106, -4.4682727, 0.0], [15.8821106, -4.4696418, 0.0], [15.8834839, -4.4696418, 0.0], [15.8834839, -4.4682727, 0.0], [15.8821106, -4.4682727, 0.0]]]}}, {"type": "Feature", "properties": {"id": 678}, "geometry": {"type": "Polygon", "coordinates": [[[15.827179, -4.471011, 0.0], [15.827179, -4.4723801, 0.0], [15.8285522, -4.4723801, 0.0], [15.8285522, -4.471011, 0.0], [15.827179, -4.471011, 0.0]]]}}, {"type": "Feature", "properties": {"id": 679}, "geometry": {"type": "Polygon", "coordinates": [[[15.7489014, -4.471011, 0.0], [15.7489014, -4.4723801, 0.0], [15.7502747, -4.4723801, 0.0], [15.7502747, -4.471011, 0.0], [15.7489014, -4.471011, 0.0]]]}}, {"type": "Feature", "properties": {"id": 680}, "geometry": {"type": "Polygon", "coordinates": [[[15.8203125, -4.4696418, 0.0], [15.8216858, -4.4696418, 0.0], [15.8216858, -4.4682727, 0.0], [15.8203125, -4.4682727, 0.0], [15.8189392, -4.4682727, 0.0], [15.8175659, -4.4682727, 0.0], [15.8175659, -4.4696418, 0.0], [15.8175659, -4.471011, 0.0], [15.8189392, -4.471011, 0.0], [15.8203125, -4.471011, 0.0], [15.8203125, -4.4696418, 0.0]]]}}, {"type": "Feature", "properties": {"id": 681}, "geometry": {"type": "Polygon", "coordinates": [[[15.8230591, -4.4696418, 0.0], [15.8230591, -4.471011, 0.0], [15.8244324, -4.471011, 0.0], [15.8244324, -4.4696418, 0.0], [15.8230591, -4.4696418, 0.0]]]}}, {"type": "Feature", "properties": {"id": 682}, "geometry": {"type": "Polygon", "coordinates": [[[15.8670044, -4.4696418, 0.0], [15.8670044, -4.471011, 0.0], [15.8683777, -4.471011, 0.0], [15.8683777, -4.4696418, 0.0], [15.8670044, -4.4696418, 0.0]]]}}, {"type": "Feature", "properties": {"id": 683}, "geometry": {"type": "Polygon", "coordinates": [[[15.7667542, -4.4696418, 0.0], [15.7667542, -4.471011, 0.0], [15.7681274, -4.471011, 0.0], [15.7681274, -4.4696418, 0.0], [15.7667542, -4.4696418, 0.0]]]}}, {"type": "Feature", "properties": {"id": 684}, "geometry": {"type": "Polygon", "coordinates": [[[15.8862305, -4.4696418, 0.0], [15.8862305, -4.471011, 0.0], [15.8876038, -4.471011, 0.0], [15.8876038, -4.4696418, 0.0], [15.8862305, -4.4696418, 0.0]]]}}, {"type": "Feature", "properties": {"id": 685}, "geometry": {"type": "Polygon", "coordinates": [[[15.921936, -4.4682727, 0.0], [15.921936, -4.4669036, 0.0], [15.9205627, -4.4669036, 0.0], [15.9205627, -4.4682727, 0.0], [15.9205627, -4.4696418, 0.0], [15.921936, -4.4696418, 0.0], [15.921936, -4.4682727, 0.0]]]}}, {"type": "Feature", "properties": {"id": 686}, "geometry": {"type": "Polygon", "coordinates": [[[15.7640076, -4.4682727, 0.0], [15.7640076, -4.4696418, 0.0], [15.7653809, -4.4696418, 0.0], [15.7653809, -4.4682727, 0.0], [15.7640076, -4.4682727, 0.0]]]}}, {"type": "Feature", "properties": {"id": 687}, "geometry": {"type": "Polygon", "coordinates": [[[15.7406616, -4.4669036, 0.0], [15.7406616, -4.4655345, 0.0], [15.7392883, -4.4655345, 0.0], [15.7392883, -4.4669036, 0.0], [15.7392883, -4.4682727, 0.0], [15.7406616, -4.4682727, 0.0], [15.7406616, -4.4669036, 0.0]]]}}, {"type": "Feature", "properties": {"id": 688}, "geometry": {"type": "Polygon", "coordinates": [[[15.869751, -4.4669036, 0.0], [15.869751, -4.4682727, 0.0], [15.8711243, -4.4682727, 0.0], [15.8711243, -4.4669036, 0.0], [15.869751, -4.4669036, 0.0]]]}}, {"type": "Feature", "properties": {"id": 689}, "geometry": {"type": "Polygon", "coordinates": [[[15.7269287, -4.4669036, 0.0], [15.7269287, -4.4682727, 0.0], [15.728302, -4.4682727, 0.0], [15.728302, -4.4669036, 0.0], [15.7269287, -4.4669036, 0.0]]]}}, {"type": "Feature", "properties": {"id": 690}, "geometry": {"type": "Polygon", "coordinates": [[[15.7420349, -4.4655345, 0.0], [15.7420349, -4.4669036, 0.0], [15.7434082, -4.4669036, 0.0], [15.7434082, -4.4655345, 0.0], [15.7420349, -4.4655345, 0.0]]]}}, {"type": "Feature", "properties": {"id": 691}, "geometry": {"type": "Polygon", "coordinates": [[[15.9466553, -4.4641654, 0.0], [15.9466553, -4.4627962, 0.0], [15.945282, -4.4627962, 0.0], [15.9439087, -4.4627962, 0.0], [15.9439087, -4.4641654, 0.0], [15.945282, -4.4641654, 0.0], [15.945282, -4.4655345, 0.0], [15.9466553, -4.4655345, 0.0], [15.9480286, -4.4655345, 0.0], [15.9480286, -4.4641654, 0.0], [15.9466553, -4.4641654, 0.0]]]}}, {"type": "Feature", "properties": {"id": 692}, "geometry": {"type": "Polygon", "coordinates": [[[15.8807373, -4.4655345, 0.0], [15.8807373, -4.4669036, 0.0], [15.8821106, -4.4669036, 0.0], [15.8821106, -4.4655345, 0.0], [15.8807373, -4.4655345, 0.0]]]}}, {"type": "Feature", "properties": {"id": 693}, "geometry": {"type": "Polygon", "coordinates": [[[15.8258057, -4.4641654, 0.0], [15.8258057, -4.4627962, 0.0], [15.8244324, -4.4627962, 0.0], [15.8230591, -4.4627962, 0.0], [15.8230591, -4.4641654, 0.0], [15.8230591, -4.4655345, 0.0], [15.8244324, -4.4655345, 0.0], [15.8258057, -4.4655345, 0.0], [15.8258057, -4.4641654, 0.0]]]}}, {"type": "Feature", "properties": {"id": 694}, "geometry": {"type": "Polygon", "coordinates": [[[15.6816101, -4.4627962, 0.0], [15.6829834, -4.4627962, 0.0], [15.6829834, -4.4614271, 0.0], [15.6843567, -4.4614271, 0.0], [15.6843567, -4.460058, 0.0], [15.6829834, -4.460058, 0.0], [15.6829834, -4.4586888, 0.0], [15.6816101, -4.4586888, 0.0], [15.6816101, -4.4573197, 0.0], [15.6802368, -4.4573197, 0.0], [15.6802368, -4.4586888, 0.0], [15.6802368, -4.460058, 0.0], [15.6802368, -4.4614271, 0.0], [15.6802368, -4.4627962, 0.0], [15.6802368, -4.4641654, 0.0], [15.6816101, -4.4641654, 0.0], [15.6816101, -4.4627962, 0.0]]]}}, {"type": "Feature", "properties": {"id": 695}, "geometry": {"type": "Polygon", "coordinates": [[[15.8189392, -4.4627962, 0.0], [15.8189392, -4.4614271, 0.0], [15.8175659, -4.4614271, 0.0], [15.8175659, -4.4627962, 0.0], [15.8175659, -4.4641654, 0.0], [15.8189392, -4.4641654, 0.0], [15.8189392, -4.4627962, 0.0]]]}}, {"type": "Feature", "properties": {"id": 696}, "geometry": {"type": "Polygon", "coordinates": [[[15.7859802, -4.4627962, 0.0], [15.7859802, -4.4641654, 0.0], [15.7873535, -4.4641654, 0.0], [15.7873535, -4.4627962, 0.0], [15.7859802, -4.4627962, 0.0]]]}}, {"type": "Feature", "properties": {"id": 697}, "geometry": {"type": "Polygon", "coordinates": [[[15.8285522, -4.4641654, 0.0], [15.8285522, -4.4627962, 0.0], [15.827179, -4.4627962, 0.0], [15.827179, -4.4641654, 0.0], [15.827179, -4.4655345, 0.0], [15.8285522, -4.4655345, 0.0], [15.8285522, -4.4641654, 0.0]]]}}, {"type": "Feature", "properties": {"id": 698}, "geometry": {"type": "Polygon", "coordinates": [[[15.8518982, -4.4627962, 0.0], [15.8518982, -4.4641654, 0.0], [15.8532715, -4.4641654, 0.0], [15.8532715, -4.4627962, 0.0], [15.8518982, -4.4627962, 0.0]]]}}, {"type": "Feature", "properties": {"id": 699}, "geometry": {"type": "Polygon", "coordinates": [[[15.869751, -4.4627962, 0.0], [15.869751, -4.4641654, 0.0], [15.8711243, -4.4641654, 0.0], [15.8711243, -4.4627962, 0.0], [15.869751, -4.4627962, 0.0]]]}}, {"type": "Feature", "properties": {"id": 700}, "geometry": {"type": "Polygon", "coordinates": [[[15.7008362, -4.4627962, 0.0], [15.7008362, -4.4614271, 0.0], [15.6994629, -4.4614271, 0.0], [15.6994629, -4.4627962, 0.0], [15.6994629, -4.4641654, 0.0], [15.7008362, -4.4641654, 0.0], [15.7008362, -4.4627962, 0.0]]]}}, {"type": "Feature", "properties": {"id": 701}, "geometry": {"type": "Polygon", "coordinates": [[[15.9260559, -4.4627962, 0.0], [15.9260559, -4.4641654, 0.0], [15.9274292, -4.4641654, 0.0], [15.9274292, -4.4627962, 0.0], [15.9260559, -4.4627962, 0.0]]]}}, {"type": "Feature", "properties": {"id": 702}, "geometry": {"type": "Polygon", "coordinates": [[[15.921936, -4.4627962, 0.0], [15.9205627, -4.4627962, 0.0], [15.9205627, -4.4641654, 0.0], [15.921936, -4.4641654, 0.0], [15.9233093, -4.4641654, 0.0], [15.9233093, -4.4627962, 0.0], [15.921936, -4.4627962, 0.0]]]}}, {"type": "Feature", "properties": {"id": 703}, "geometry": {"type": "Polygon", "coordinates": [[[15.8862305, -4.4627962, 0.0], [15.8862305, -4.4641654, 0.0], [15.8876038, -4.4641654, 0.0], [15.8876038, -4.4627962, 0.0], [15.8862305, -4.4627962, 0.0]]]}}, {"type": "Feature", "properties": {"id": 704}, "geometry": {"type": "Polygon", "coordinates": [[[15.9274292, -4.4614271, 0.0], [15.9274292, -4.4627962, 0.0], [15.9288025, -4.4627962, 0.0], [15.9288025, -4.4614271, 0.0], [15.9274292, -4.4614271, 0.0]]]}}, {"type": "Feature", "properties": {"id": 705}, "geometry": {"type": "Polygon", "coordinates": [[[15.8683777, -4.4614271, 0.0], [15.8683777, -4.4627962, 0.0], [15.869751, -4.4627962, 0.0], [15.869751, -4.4614271, 0.0], [15.8683777, -4.4614271, 0.0]]]}}, {"type": "Feature", "properties": {"id": 706}, "geometry": {"type": "Polygon", "coordinates": [[[15.7324219, -4.4614271, 0.0], [15.7324219, -4.4627962, 0.0], [15.7337952, -4.4627962, 0.0], [15.7337952, -4.4614271, 0.0], [15.7324219, -4.4614271, 0.0]]]}}, {"type": "Feature", "properties": {"id": 707}, "geometry": {"type": "Polygon", "coordinates": [[[15.8216858, -4.4614271, 0.0], [15.8216858, -4.460058, 0.0], [15.8203125, -4.460058, 0.0], [15.8203125, -4.4614271, 0.0], [15.8203125, -4.4627962, 0.0], [15.8216858, -4.4627962, 0.0], [15.8216858, -4.4614271, 0.0]]]}}, {"type": "Feature", "properties": {"id": 708}, "geometry": {"type": "Polygon", "coordinates": [[[15.7749939, -4.4614271, 0.0], [15.7749939, -4.460058, 0.0], [15.7736206, -4.460058, 0.0], [15.7736206, -4.4614271, 0.0], [15.7736206, -4.4627962, 0.0], [15.7749939, -4.4627962, 0.0], [15.7749939, -4.4614271, 0.0]]]}}, {"type": "Feature", "properties": {"id": 709}, "geometry": {"type": "Polygon", "coordinates": [[[15.8285522, -4.4614271, 0.0], [15.8285522, -4.4627962, 0.0], [15.8299255, -4.4627962, 0.0], [15.8299255, -4.4614271, 0.0], [15.8285522, -4.4614271, 0.0]]]}}, {"type": "Feature", "properties": {"id": 710}, "geometry": {"type": "Polygon", "coordinates": [[[15.8326721, -4.4614271, 0.0], [15.8326721, -4.4627962, 0.0], [15.8340454, -4.4627962, 0.0], [15.8340454, -4.4614271, 0.0], [15.8326721, -4.4614271, 0.0]]]}}, {"type": "Feature", "properties": {"id": 711}, "geometry": {"type": "Polygon", "coordinates": [[[15.813446, -4.460058, 0.0], [15.813446, -4.4586888, 0.0], [15.8120728, -4.4586888, 0.0], [15.8120728, -4.460058, 0.0], [15.8120728, -4.4614271, 0.0], [15.813446, -4.4614271, 0.0], [15.813446, -4.460058, 0.0]]]}}, {"type": "Feature", "properties": {"id": 712}, "geometry": {"type": "Polygon", "coordinates": [[[15.8642578, -4.460058, 0.0], [15.8642578, -4.4614271, 0.0], [15.8656311, -4.4614271, 0.0], [15.8656311, -4.460058, 0.0], [15.8642578, -4.460058, 0.0]]]}}, {"type": "Feature", "properties": {"id": 713}, "geometry": {"type": "Polygon", "coordinates": [[[15.8285522, -4.460058, 0.0], [15.8299255, -4.460058, 0.0], [15.8299255, -4.4586888, 0.0], [15.8285522, -4.4586888, 0.0], [15.8285522, -4.4573197, 0.0], [15.827179, -4.4573197, 0.0], [15.827179, -4.4586888, 0.0], [15.8258057, -4.4586888, 0.0], [15.8258057, -4.460058, 0.0], [15.827179, -4.460058, 0.0], [15.827179, -4.4614271, 0.0], [15.8285522, -4.4614271, 0.0], [15.8285522, -4.460058, 0.0]]]}}, {"type": "Feature", "properties": {"id": 714}, "geometry": {"type": "Polygon", "coordinates": [[[15.6898499, -4.4586888, 0.0], [15.6898499, -4.460058, 0.0], [15.6912231, -4.460058, 0.0], [15.6912231, -4.4586888, 0.0], [15.6898499, -4.4586888, 0.0]]]}}, {"type": "Feature", "properties": {"id": 715}, "geometry": {"type": "Polygon", "coordinates": [[[15.7447815, -4.460058, 0.0], [15.7447815, -4.4614271, 0.0], [15.7461548, -4.4614271, 0.0], [15.7475281, -4.4614271, 0.0], [15.7475281, -4.460058, 0.0], [15.7461548, -4.460058, 0.0], [15.7447815, -4.460058, 0.0]]]}}, {"type": "Feature", "properties": {"id": 716}, "geometry": {"type": "Polygon", "coordinates": [[[15.7543945, -4.460058, 0.0], [15.7557678, -4.460058, 0.0], [15.7557678, -4.4586888, 0.0], [15.7543945, -4.4586888, 0.0], [15.7530212, -4.4586888, 0.0], [15.7530212, -4.460058, 0.0], [15.7530212, -4.4614271, 0.0], [15.7543945, -4.4614271, 0.0], [15.7543945, -4.460058, 0.0]]]}}, {"type": "Feature", "properties": {"id": 717}, "geometry": {"type": "Polygon", "coordinates": [[[15.7434082, -4.4586888, 0.0], [15.7434082, -4.460058, 0.0], [15.7447815, -4.460058, 0.0], [15.7447815, -4.4586888, 0.0], [15.7434082, -4.4586888, 0.0]]]}}, {"type": "Feature", "properties": {"id": 718}, "geometry": {"type": "Polygon", "coordinates": [[[15.7736206, -4.4586888, 0.0], [15.7736206, -4.4573197, 0.0], [15.7722473, -4.4573197, 0.0], [15.7722473, -4.4586888, 0.0], [15.7722473, -4.460058, 0.0], [15.7736206, -4.460058, 0.0], [15.7736206, -4.4586888, 0.0]]]}}, {"type": "Feature", "properties": {"id": 719}, "geometry": {"type": "Polygon", "coordinates": [[[15.9301758, -4.4586888, 0.0], [15.9301758, -4.460058, 0.0], [15.9315491, -4.460058, 0.0], [15.9315491, -4.4586888, 0.0], [15.9301758, -4.4586888, 0.0]]]}}, {"type": "Feature", "properties": {"id": 720}, "geometry": {"type": "Polygon", "coordinates": [[[15.9590149, -4.4573197, 0.0], [15.9590149, -4.4586888, 0.0], [15.9603882, -4.4586888, 0.0], [15.9603882, -4.4573197, 0.0], [15.9590149, -4.4573197, 0.0]]]}}, {"type": "Feature", "properties": {"id": 721}, "geometry": {"type": "Polygon", "coordinates": [[[15.9246826, -4.4573197, 0.0], [15.9246826, -4.4586888, 0.0], [15.9260559, -4.4586888, 0.0], [15.9260559, -4.4573197, 0.0], [15.9246826, -4.4573197, 0.0]]]}}, {"type": "Feature", "properties": {"id": 722}, "geometry": {"type": "Polygon", "coordinates": [[[15.7406616, -4.4573197, 0.0], [15.7406616, -4.4586888, 0.0], [15.7420349, -4.4586888, 0.0], [15.7420349, -4.4573197, 0.0], [15.7406616, -4.4573197, 0.0]]]}}, {"type": "Feature", "properties": {"id": 723}, "geometry": {"type": "Polygon", "coordinates": [[[15.7351685, -4.4573197, 0.0], [15.7351685, -4.4586888, 0.0], [15.7365417, -4.4586888, 0.0], [15.7365417, -4.4573197, 0.0], [15.7351685, -4.4573197, 0.0]]]}}, {"type": "Feature", "properties": {"id": 724}, "geometry": {"type": "Polygon", "coordinates": [[[15.8230591, -4.4573197, 0.0], [15.8216858, -4.4573197, 0.0], [15.8203125, -4.4573197, 0.0], [15.8203125, -4.4586888, 0.0], [15.8216858, -4.4586888, 0.0], [15.8230591, -4.4586888, 0.0], [15.8244324, -4.4586888, 0.0], [15.8244324, -4.4573197, 0.0], [15.8230591, -4.4573197, 0.0]]]}}, {"type": "Feature", "properties": {"id": 725}, "geometry": {"type": "Polygon", "coordinates": [[[15.7983398, -4.4573197, 0.0], [15.7983398, -4.4586888, 0.0], [15.7997131, -4.4586888, 0.0], [15.7997131, -4.4573197, 0.0], [15.7983398, -4.4573197, 0.0]]]}}, {"type": "Feature", "properties": {"id": 726}, "geometry": {"type": "Polygon", "coordinates": [[[15.7310486, -4.450474, 0.0], [15.7324219, -4.450474, 0.0], [15.7324219, -4.4491048, 0.0], [15.7324219, -4.4477357, 0.0], [15.7310486, -4.4477357, 0.0], [15.7296753, -4.4477357, 0.0], [15.728302, -4.4477357, 0.0], [15.728302, -4.4491048, 0.0], [15.7269287, -4.4491048, 0.0], [15.7269287, -4.450474, 0.0], [15.728302, -4.450474, 0.0], [15.7296753, -4.450474, 0.0], [15.7296753, -4.4518431, 0.0], [15.7310486, -4.4518431, 0.0], [15.7310486, -4.450474, 0.0]]]}}, {"type": "Feature", "properties": {"id": 727}, "geometry": {"type": "Polygon", "coordinates": [[[15.827179, -4.4518431, 0.0], [15.827179, -4.4532123, 0.0], [15.8285522, -4.4532123, 0.0], [15.8285522, -4.4518431, 0.0], [15.827179, -4.4518431, 0.0]]]}}, {"type": "Feature", "properties": {"id": 728}, "geometry": {"type": "Polygon", "coordinates": [[[15.9837341, -4.450474, 0.0], [15.9837341, -4.4518431, 0.0], [15.9851074, -4.4518431, 0.0], [15.9851074, -4.450474, 0.0], [15.9837341, -4.450474, 0.0]]]}}, {"type": "Feature", "properties": {"id": 729}, "geometry": {"type": "Polygon", "coordinates": [[[15.9480286, -4.450474, 0.0], [15.9480286, -4.4518431, 0.0], [15.9494019, -4.4518431, 0.0], [15.9494019, -4.450474, 0.0], [15.9480286, -4.450474, 0.0]]]}}, {"type": "Feature", "properties": {"id": 730}, "geometry": {"type": "Polygon", "coordinates": [[[15.9356689, -4.450474, 0.0], [15.9356689, -4.4491048, 0.0], [15.9342957, -4.4491048, 0.0], [15.9342957, -4.450474, 0.0], [15.9342957, -4.4518431, 0.0], [15.9356689, -4.4518431, 0.0], [15.9356689, -4.450474, 0.0]]]}}, {"type": "Feature", "properties": {"id": 731}, "geometry": {"type": "Polygon", "coordinates": [[[15.9425354, -4.450474, 0.0], [15.9439087, -4.450474, 0.0], [15.9439087, -4.4491048, 0.0], [15.9425354, -4.4491048, 0.0], [15.9425354, -4.4477357, 0.0], [15.9411621, -4.4477357, 0.0], [15.9411621, -4.4491048, 0.0], [15.9411621, -4.450474, 0.0], [15.9411621, -4.4518431, 0.0], [15.9425354, -4.4518431, 0.0], [15.9425354, -4.450474, 0.0]]]}}, {"type": "Feature", "properties": {"id": 732}, "geometry": {"type": "Polygon", "coordinates": [[[15.9274292, -4.4518431, 0.0], [15.9274292, -4.4532123, 0.0], [15.9288025, -4.4532123, 0.0], [15.9288025, -4.4518431, 0.0], [15.9274292, -4.4518431, 0.0]]]}}, {"type": "Feature", "properties": {"id": 733}, "geometry": {"type": "Polygon", "coordinates": [[[15.8560181, -4.4491048, 0.0], [15.8560181, -4.450474, 0.0], [15.8573914, -4.450474, 0.0], [15.8573914, -4.4491048, 0.0], [15.8560181, -4.4491048, 0.0]]]}}, {"type": "Feature", "properties": {"id": 734}, "geometry": {"type": "Polygon", "coordinates": [[[15.9288025, -4.4491048, 0.0], [15.9288025, -4.4477357, 0.0], [15.9274292, -4.4477357, 0.0], [15.9274292, -4.4491048, 0.0], [15.9274292, -4.450474, 0.0], [15.9288025, -4.450474, 0.0], [15.9301758, -4.450474, 0.0], [15.9301758, -4.4491048, 0.0], [15.9288025, -4.4491048, 0.0]]]}}, {"type": "Feature", "properties": {"id": 735}, "geometry": {"type": "Polygon", "coordinates": [[[15.9288025, -4.4545814, 0.0], [15.9288025, -4.4559506, 0.0], [15.9301758, -4.4559506, 0.0], [15.9301758, -4.4545814, 0.0], [15.9288025, -4.4545814, 0.0]]]}}, {"type": "Feature", "properties": {"id": 736}, "geometry": {"type": "Polygon", "coordinates": [[[15.9260559, -4.4559506, 0.0], [15.9260559, -4.4573197, 0.0], [15.9274292, -4.4573197, 0.0], [15.9274292, -4.4559506, 0.0], [15.9260559, -4.4559506, 0.0]]]}}, {"type": "Feature", "properties": {"id": 737}, "geometry": {"type": "Polygon", "coordinates": [[[15.8120728, -4.4559506, 0.0], [15.8120728, -4.4573197, 0.0], [15.813446, -4.4573197, 0.0], [15.813446, -4.4559506, 0.0], [15.8120728, -4.4559506, 0.0]]]}}, {"type": "Feature", "properties": {"id": 738}, "geometry": {"type": "Polygon", "coordinates": [[[15.7928467, -4.4532123, 0.0], [15.7928467, -4.4545814, 0.0], [15.79422, -4.4545814, 0.0], [15.79422, -4.4532123, 0.0], [15.7928467, -4.4532123, 0.0]]]}}, {"type": "Feature", "properties": {"id": 739}, "geometry": {"type": "Polygon", "coordinates": [[[15.9246826, -4.4545814, 0.0], [15.9246826, -4.4559506, 0.0], [15.9260559, -4.4559506, 0.0], [15.9260559, -4.4545814, 0.0], [15.9246826, -4.4545814, 0.0]]]}}, {"type": "Feature", "properties": {"id": 740}, "geometry": {"type": "Polygon", "coordinates": [[[15.827179, -4.4545814, 0.0], [15.827179, -4.4532123, 0.0], [15.8258057, -4.4532123, 0.0], [15.8258057, -4.4545814, 0.0], [15.8258057, -4.4559506, 0.0], [15.827179, -4.4559506, 0.0], [15.8285522, -4.4559506, 0.0], [15.8285522, -4.4545814, 0.0], [15.827179, -4.4545814, 0.0]]]}}, {"type": "Feature", "properties": {"id": 741}, "geometry": {"type": "Polygon", "coordinates": [[[15.8093262, -4.4491048, 0.0], [15.8093262, -4.450474, 0.0], [15.8106995, -4.450474, 0.0], [15.8106995, -4.4491048, 0.0], [15.8093262, -4.4491048, 0.0]]]}}, {"type": "Feature", "properties": {"id": 742}, "geometry": {"type": "Polygon", "coordinates": [[[15.718689, -4.4491048, 0.0], [15.718689, -4.4477357, 0.0], [15.7173157, -4.4477357, 0.0], [15.7173157, -4.4463665, 0.0], [15.7173157, -4.4449974, 0.0], [15.7159424, -4.4449974, 0.0], [15.7159424, -4.4436282, 0.0], [15.7159424, -4.442259, 0.0], [15.7159424, -4.4408899, 0.0], [15.7145691, -4.4408899, 0.0], [15.7131958, -4.4408899, 0.0], [15.7131958, -4.442259, 0.0], [15.7145691, -4.442259, 0.0], [15.7145691, -4.4436282, 0.0], [15.7145691, -4.4449974, 0.0], [15.7145691, -4.4463665, 0.0], [15.7145691, -4.4477357, 0.0], [15.7159424, -4.4477357, 0.0], [15.7159424, -4.4491048, 0.0], [15.7159424, -4.450474, 0.0], [15.7173157, -4.450474, 0.0], [15.718689, -4.450474, 0.0], [15.718689, -4.4491048, 0.0]]]}}, {"type": "Feature", "properties": {"id": 743}, "geometry": {"type": "Polygon", "coordinates": [[[15.9439087, -4.4477357, 0.0], [15.9439087, -4.4491048, 0.0], [15.945282, -4.4491048, 0.0], [15.945282, -4.4477357, 0.0], [15.9439087, -4.4477357, 0.0]]]}}, {"type": "Feature", "properties": {"id": 744}, "geometry": {"type": "Polygon", "coordinates": [[[15.6788635, -4.4477357, 0.0], [15.6788635, -4.4491048, 0.0], [15.6802368, -4.4491048, 0.0], [15.6802368, -4.4477357, 0.0], [15.6788635, -4.4477357, 0.0]]]}}, {"type": "Feature", "properties": {"id": 745}, "geometry": {"type": "Polygon", "coordinates": [[[15.9233093, -4.4449974, 0.0], [15.921936, -4.4449974, 0.0], [15.921936, -4.4463665, 0.0], [15.921936, -4.4477357, 0.0], [15.9233093, -4.4477357, 0.0], [15.9246826, -4.4477357, 0.0], [15.9246826, -4.4463665, 0.0], [15.9246826, -4.4449974, 0.0], [15.9233093, -4.4449974, 0.0]]]}}, {"type": "Feature", "properties": {"id": 746}, "geometry": {"type": "Polygon", "coordinates": [[[15.8120728, -4.4477357, 0.0], [15.8120728, -4.4491048, 0.0], [15.813446, -4.4491048, 0.0], [15.813446, -4.4477357, 0.0], [15.8120728, -4.4477357, 0.0]]]}}, {"type": "Feature", "properties": {"id": 747}, "geometry": {"type": "Polygon", "coordinates": [[[15.9164429, -4.4463665, 0.0], [15.9164429, -4.4477357, 0.0], [15.9178162, -4.4477357, 0.0], [15.9178162, -4.4463665, 0.0], [15.9164429, -4.4463665, 0.0]]]}}, {"type": "Feature", "properties": {"id": 748}, "geometry": {"type": "Polygon", "coordinates": [[[15.7983398, -4.4463665, 0.0], [15.7983398, -4.4477357, 0.0], [15.7997131, -4.4477357, 0.0], [15.7997131, -4.4463665, 0.0], [15.7983398, -4.4463665, 0.0]]]}}, {"type": "Feature", "properties": {"id": 749}, "geometry": {"type": "Polygon", "coordinates": [[[15.9191895, -4.4449974, 0.0], [15.9191895, -4.4463665, 0.0], [15.9205627, -4.4463665, 0.0], [15.9205627, -4.4449974, 0.0], [15.9191895, -4.4449974, 0.0]]]}}, {"type": "Feature", "properties": {"id": 750}, "geometry": {"type": "Polygon", "coordinates": [[[15.9617615, -4.4449974, 0.0], [15.9617615, -4.4463665, 0.0], [15.9631348, -4.4463665, 0.0], [15.9631348, -4.4449974, 0.0], [15.9617615, -4.4449974, 0.0]]]}}, {"type": "Feature", "properties": {"id": 751}, "geometry": {"type": "Polygon", "coordinates": [[[15.7667542, -4.4449974, 0.0], [15.7667542, -4.4463665, 0.0], [15.7681274, -4.4463665, 0.0], [15.7681274, -4.4449974, 0.0], [15.7667542, -4.4449974, 0.0]]]}}, {"type": "Feature", "properties": {"id": 752}, "geometry": {"type": "Polygon", "coordinates": [[[15.7516479, -4.4449974, 0.0], [15.7516479, -4.4463665, 0.0], [15.7530212, -4.4463665, 0.0], [15.7530212, -4.4449974, 0.0], [15.7516479, -4.4449974, 0.0]]]}}, {"type": "Feature", "properties": {"id": 753}, "geometry": {"type": "Polygon", "coordinates": [[[15.7104492, -4.4436282, 0.0], [15.7104492, -4.4449974, 0.0], [15.7118225, -4.4449974, 0.0], [15.7118225, -4.4436282, 0.0], [15.7104492, -4.4436282, 0.0]]]}}, {"type": "Feature", "properties": {"id": 754}, "geometry": {"type": "Polygon", "coordinates": [[[15.9274292, -4.4436282, 0.0], [15.9274292, -4.4449974, 0.0], [15.9288025, -4.4449974, 0.0], [15.9288025, -4.4436282, 0.0], [15.9274292, -4.4436282, 0.0]]]}}, {"type": "Feature", "properties": {"id": 755}, "geometry": {"type": "Polygon", "coordinates": [[[15.7557678, -4.442259, 0.0], [15.7557678, -4.4408899, 0.0], [15.7543945, -4.4408899, 0.0], [15.7543945, -4.442259, 0.0], [15.7530212, -4.442259, 0.0], [15.7530212, -4.4436282, 0.0], [15.7530212, -4.4449974, 0.0], [15.7543945, -4.4449974, 0.0], [15.7557678, -4.4449974, 0.0], [15.7557678, -4.4436282, 0.0], [15.7557678, -4.442259, 0.0]]]}}, {"type": "Feature", "properties": {"id": 756}, "geometry": {"type": "Polygon", "coordinates": [[[15.9397888, -4.4436282, 0.0], [15.9397888, -4.4449974, 0.0], [15.9411621, -4.4449974, 0.0], [15.9411621, -4.4436282, 0.0], [15.9397888, -4.4436282, 0.0]]]}}, {"type": "Feature", "properties": {"id": 757}, "geometry": {"type": "Polygon", "coordinates": [[[15.9178162, -4.442259, 0.0], [15.9178162, -4.4436282, 0.0], [15.9191895, -4.4436282, 0.0], [15.9191895, -4.442259, 0.0], [15.9178162, -4.442259, 0.0]]]}}, {"type": "Feature", "properties": {"id": 758}, "geometry": {"type": "Polygon", "coordinates": [[[15.7420349, -4.442259, 0.0], [15.7420349, -4.4408899, 0.0], [15.7420349, -4.4395207, 0.0], [15.7406616, -4.4395207, 0.0], [15.7406616, -4.4408899, 0.0], [15.7392883, -4.4408899, 0.0], [15.7392883, -4.442259, 0.0], [15.737915, -4.442259, 0.0], [15.737915, -4.4436282, 0.0], [15.7392883, -4.4436282, 0.0], [15.7406616, -4.4436282, 0.0], [15.7420349, -4.4436282, 0.0], [15.7420349, -4.442259, 0.0]]]}}, {"type": "Feature", "properties": {"id": 759}, "geometry": {"type": "Polygon", "coordinates": [[[15.7214355, -4.442259, 0.0], [15.7200623, -4.442259, 0.0], [15.7200623, -4.4436282, 0.0], [15.7214355, -4.4436282, 0.0], [15.7228088, -4.4436282, 0.0], [15.7228088, -4.442259, 0.0], [15.7214355, -4.442259, 0.0]]]}}, {"type": "Feature", "properties": {"id": 760}, "geometry": {"type": "Polygon", "coordinates": [[[15.68573, -4.4408899, 0.0], [15.68573, -4.442259, 0.0], [15.6871033, -4.442259, 0.0], [15.6871033, -4.4408899, 0.0], [15.68573, -4.4408899, 0.0]]]}}, {"type": "Feature", "properties": {"id": 761}, "geometry": {"type": "Polygon", "coordinates": [[[15.8670044, -4.4395207, 0.0], [15.8656311, -4.4395207, 0.0], [15.8656311, -4.4408899, 0.0], [15.8670044, -4.4408899, 0.0], [15.8683777, -4.4408899, 0.0], [15.8683777, -4.4395207, 0.0], [15.8670044, -4.4395207, 0.0]]]}}, {"type": "Feature", "properties": {"id": 762}, "geometry": {"type": "Polygon", "coordinates": [[[15.9411621, -4.4395207, 0.0], [15.9411621, -4.4408899, 0.0], [15.9425354, -4.4408899, 0.0], [15.9425354, -4.4395207, 0.0], [15.9411621, -4.4395207, 0.0]]]}}, {"type": "Feature", "properties": {"id": 763}, "geometry": {"type": "Polygon", "coordinates": [[[15.9342957, -4.4395207, 0.0], [15.9342957, -4.4381515, 0.0], [15.9356689, -4.4381515, 0.0], [15.9356689, -4.4367824, 0.0], [15.9370422, -4.4367824, 0.0], [15.9370422, -4.4354132, 0.0], [15.9356689, -4.4354132, 0.0], [15.9356689, -4.434044, 0.0], [15.9370422, -4.434044, 0.0], [15.9384155, -4.434044, 0.0], [15.9397888, -4.434044, 0.0], [15.9397888, -4.4326748, 0.0], [15.9384155, -4.4326748, 0.0], [15.9370422, -4.4326748, 0.0], [15.9356689, -4.4326748, 0.0], [15.9342957, -4.4326748, 0.0], [15.9329224, -4.4326748, 0.0], [15.9315491, -4.4326748, 0.0], [15.9315491, -4.4313056, 0.0], [15.9315491, -4.4299365, 0.0], [15.9301758, -4.4299365, 0.0], [15.9301758, -4.4285673, 0.0], [15.9301758, -4.4271981, 0.0], [15.9301758, -4.4258289, 0.0], [15.9288025, -4.4258289, 0.0], [15.9274292, -4.4258289, 0.0], [15.9274292, -4.4271981, 0.0], [15.9288025, -4.4271981, 0.0], [15.9288025, -4.4285673, 0.0], [15.9274292, -4.4285673, 0.0], [15.9274292, -4.4299365, 0.0], [15.9288025, -4.4299365, 0.0], [15.9288025, -4.4313056, 0.0], [15.9288025, -4.4326748, 0.0], [15.9288025, -4.434044, 0.0], [15.9274292, -4.434044, 0.0], [15.9274292, -4.4354132, 0.0], [15.9288025, -4.4354132, 0.0], [15.9301758, -4.4354132, 0.0], [15.9301758, -4.4367824, 0.0], [15.9315491, -4.4367824, 0.0], [15.9315491, -4.4381515, 0.0], [15.9329224, -4.4381515, 0.0], [15.9329224, -4.4395207, 0.0], [15.9329224, -4.4408899, 0.0], [15.9342957, -4.4408899, 0.0], [15.9356689, -4.4408899, 0.0], [15.9356689, -4.4395207, 0.0], [15.9342957, -4.4395207, 0.0]]]}}, {"type": "Feature", "properties": {"id": 764}, "geometry": {"type": "Polygon", "coordinates": [[[15.9109497, -4.4381515, 0.0], [15.9109497, -4.4395207, 0.0], [15.912323, -4.4395207, 0.0], [15.9136963, -4.4395207, 0.0], [15.9136963, -4.4381515, 0.0], [15.912323, -4.4381515, 0.0], [15.9109497, -4.4381515, 0.0]]]}}, {"type": "Feature", "properties": {"id": 765}, "geometry": {"type": "Polygon", "coordinates": [[[15.7434082, -4.4381515, 0.0], [15.7434082, -4.4367824, 0.0], [15.7447815, -4.4367824, 0.0], [15.7447815, -4.4354132, 0.0], [15.7434082, -4.4354132, 0.0], [15.7420349, -4.4354132, 0.0], [15.7420349, -4.4367824, 0.0], [15.7420349, -4.4381515, 0.0], [15.7420349, -4.4395207, 0.0], [15.7434082, -4.4395207, 0.0], [15.7434082, -4.4381515, 0.0]]]}}, {"type": "Feature", "properties": {"id": 766}, "geometry": {"type": "Polygon", "coordinates": [[[15.7502747, -4.4381515, 0.0], [15.7516479, -4.4381515, 0.0], [15.7516479, -4.4367824, 0.0], [15.7502747, -4.4367824, 0.0], [15.7489014, -4.4367824, 0.0], [15.7489014, -4.4381515, 0.0], [15.7489014, -4.4395207, 0.0], [15.7502747, -4.4395207, 0.0], [15.7502747, -4.4381515, 0.0]]]}}, {"type": "Feature", "properties": {"id": 767}, "geometry": {"type": "Polygon", "coordinates": [[[15.921936, -4.4381515, 0.0], [15.921936, -4.4395207, 0.0], [15.9233093, -4.4395207, 0.0], [15.9233093, -4.4381515, 0.0], [15.921936, -4.4381515, 0.0]]]}}, {"type": "Feature", "properties": {"id": 768}, "geometry": {"type": "Polygon", "coordinates": [[[15.7763672, -4.4367824, 0.0], [15.7763672, -4.4381515, 0.0], [15.7777405, -4.4381515, 0.0], [15.7777405, -4.4367824, 0.0], [15.7763672, -4.4367824, 0.0]]]}}, {"type": "Feature", "properties": {"id": 769}, "geometry": {"type": "Polygon", "coordinates": [[[15.921936, -4.4354132, 0.0], [15.921936, -4.4367824, 0.0], [15.9233093, -4.4367824, 0.0], [15.9233093, -4.4354132, 0.0], [15.921936, -4.4354132, 0.0]]]}}, {"type": "Feature", "properties": {"id": 770}, "geometry": {"type": "Polygon", "coordinates": [[[15.7214355, -4.4354132, 0.0], [15.7214355, -4.4367824, 0.0], [15.7228088, -4.4367824, 0.0], [15.7228088, -4.4354132, 0.0], [15.7214355, -4.4354132, 0.0]]]}}, {"type": "Feature", "properties": {"id": 771}, "geometry": {"type": "Polygon", "coordinates": [[[15.7077026, -4.434044, 0.0], [15.7077026, -4.4326748, 0.0], [15.7063293, -4.4326748, 0.0], [15.7063293, -4.434044, 0.0], [15.7049561, -4.434044, 0.0], [15.7049561, -4.4354132, 0.0], [15.7063293, -4.4354132, 0.0], [15.7077026, -4.4354132, 0.0], [15.7077026, -4.434044, 0.0]]]}}, {"type": "Feature", "properties": {"id": 772}, "geometry": {"type": "Polygon", "coordinates": [[[15.9136963, -4.4354132, 0.0], [15.9136963, -4.4367824, 0.0], [15.9150696, -4.4367824, 0.0], [15.9150696, -4.4354132, 0.0], [15.9136963, -4.4354132, 0.0]]]}}, {"type": "Feature", "properties": {"id": 773}, "geometry": {"type": "Polygon", "coordinates": [[[15.7640076, -4.4354132, 0.0], [15.7640076, -4.4367824, 0.0], [15.7653809, -4.4367824, 0.0], [15.7653809, -4.4354132, 0.0], [15.7640076, -4.4354132, 0.0]]]}}, {"type": "Feature", "properties": {"id": 774}, "geometry": {"type": "Polygon", "coordinates": [[[15.7255554, -4.4354132, 0.0], [15.7255554, -4.434044, 0.0], [15.7255554, -4.4326748, 0.0], [15.7241821, -4.4326748, 0.0], [15.7241821, -4.434044, 0.0], [15.7241821, -4.4354132, 0.0], [15.7241821, -4.4367824, 0.0], [15.7255554, -4.4367824, 0.0], [15.7255554, -4.4354132, 0.0]]]}}, {"type": "Feature", "properties": {"id": 775}, "geometry": {"type": "Polygon", "coordinates": [[[15.9658813, -4.434044, 0.0], [15.9658813, -4.4354132, 0.0], [15.9672546, -4.4354132, 0.0], [15.9672546, -4.434044, 0.0], [15.9658813, -4.434044, 0.0]]]}}, {"type": "Feature", "properties": {"id": 776}, "geometry": {"type": "Polygon", "coordinates": [[[15.7200623, -4.434044, 0.0], [15.7200623, -4.4354132, 0.0], [15.7214355, -4.4354132, 0.0], [15.7214355, -4.434044, 0.0], [15.7200623, -4.434044, 0.0]]]}}, {"type": "Feature", "properties": {"id": 777}, "geometry": {"type": "Polygon", "coordinates": [[[15.9109497, -4.434044, 0.0], [15.9109497, -4.4354132, 0.0], [15.912323, -4.4354132, 0.0], [15.9136963, -4.4354132, 0.0], [15.9136963, -4.434044, 0.0], [15.912323, -4.434044, 0.0], [15.9109497, -4.434044, 0.0]]]}}, {"type": "Feature", "properties": {"id": 778}, "geometry": {"type": "Polygon", "coordinates": [[[15.7653809, -4.434044, 0.0], [15.7653809, -4.4354132, 0.0], [15.7667542, -4.4354132, 0.0], [15.7667542, -4.434044, 0.0], [15.7653809, -4.434044, 0.0]]]}}, {"type": "Feature", "properties": {"id": 779}, "geometry": {"type": "Polygon", "coordinates": [[[15.7008362, -4.4326748, 0.0], [15.7008362, -4.4313056, 0.0], [15.6994629, -4.4313056, 0.0], [15.6980896, -4.4313056, 0.0], [15.6967163, -4.4313056, 0.0], [15.6967163, -4.4326748, 0.0], [15.6980896, -4.4326748, 0.0], [15.6980896, -4.434044, 0.0], [15.6994629, -4.434044, 0.0], [15.7008362, -4.434044, 0.0], [15.7022095, -4.434044, 0.0], [15.7022095, -4.4326748, 0.0], [15.7008362, -4.4326748, 0.0]]]}}, {"type": "Feature", "properties": {"id": 780}, "geometry": {"type": "Polygon", "coordinates": [[[15.7159424, -4.4326748, 0.0], [15.7145691, -4.4326748, 0.0], [15.7145691, -4.434044, 0.0], [15.7159424, -4.434044, 0.0], [15.7173157, -4.434044, 0.0], [15.718689, -4.434044, 0.0], [15.7200623, -4.434044, 0.0], [15.7200623, -4.4326748, 0.0], [15.718689, -4.4326748, 0.0], [15.7173157, -4.4326748, 0.0], [15.7159424, -4.4326748, 0.0]]]}}, {"type": "Feature", "properties": {"id": 781}, "geometry": {"type": "Polygon", "coordinates": [[[15.8670044, -4.4326748, 0.0], [15.8670044, -4.434044, 0.0], [15.8683777, -4.434044, 0.0], [15.869751, -4.434044, 0.0], [15.869751, -4.4326748, 0.0], [15.8711243, -4.4326748, 0.0], [15.8711243, -4.4313056, 0.0], [15.869751, -4.4313056, 0.0], [15.869751, -4.4299365, 0.0], [15.869751, -4.4285673, 0.0], [15.869751, -4.4271981, 0.0], [15.869751, -4.4258289, 0.0], [15.869751, -4.4244597, 0.0], [15.8683777, -4.4244597, 0.0], [15.8683777, -4.4258289, 0.0], [15.8683777, -4.4271981, 0.0], [15.8683777, -4.4285673, 0.0], [15.8683777, -4.4299365, 0.0], [15.8683777, -4.4313056, 0.0], [15.8683777, -4.4326748, 0.0], [15.8670044, -4.4326748, 0.0]]]}}, {"type": "Feature", "properties": {"id": 782}, "geometry": {"type": "Polygon", "coordinates": [[[15.9919739, -4.4326748, 0.0], [15.9919739, -4.434044, 0.0], [15.9933472, -4.434044, 0.0], [15.9933472, -4.4326748, 0.0], [15.9919739, -4.4326748, 0.0]]]}}, {"type": "Feature", "properties": {"id": 783}, "geometry": {"type": "Polygon", "coordinates": [[[15.9082031, -4.4326748, 0.0], [15.9082031, -4.434044, 0.0], [15.9095764, -4.434044, 0.0], [15.9095764, -4.4326748, 0.0], [15.9082031, -4.4326748, 0.0]]]}}, {"type": "Feature", "properties": {"id": 784}, "geometry": {"type": "Polygon", "coordinates": [[[15.7365417, -4.4326748, 0.0], [15.7365417, -4.434044, 0.0], [15.737915, -4.434044, 0.0], [15.737915, -4.4326748, 0.0], [15.7365417, -4.4326748, 0.0]]]}}, {"type": "Feature", "properties": {"id": 785}, "geometry": {"type": "Polygon", "coordinates": [[[15.7420349, -4.4313056, 0.0], [15.7420349, -4.4326748, 0.0], [15.7434082, -4.4326748, 0.0], [15.7434082, -4.4313056, 0.0], [15.7420349, -4.4313056, 0.0]]]}}, {"type": "Feature", "properties": {"id": 786}, "geometry": {"type": "Polygon", "coordinates": [[[15.9439087, -4.4313056, 0.0], [15.9425354, -4.4313056, 0.0], [15.9425354, -4.4326748, 0.0], [15.9439087, -4.4326748, 0.0], [15.945282, -4.4326748, 0.0], [15.945282, -4.4313056, 0.0], [15.9439087, -4.4313056, 0.0]]]}}, {"type": "Feature", "properties": {"id": 787}, "geometry": {"type": "Polygon", "coordinates": [[[15.7530212, -4.4313056, 0.0], [15.7543945, -4.4313056, 0.0], [15.7543945, -4.4299365, 0.0], [15.7530212, -4.4299365, 0.0], [15.7516479, -4.4299365, 0.0], [15.7516479, -4.4313056, 0.0], [15.7516479, -4.4326748, 0.0], [15.7530212, -4.4326748, 0.0], [15.7530212, -4.4313056, 0.0]]]}}, {"type": "Feature", "properties": {"id": 788}, "geometry": {"type": "Polygon", "coordinates": [[[15.8889771, -4.4313056, 0.0], [15.8889771, -4.4299365, 0.0], [15.8876038, -4.4299365, 0.0], [15.8876038, -4.4313056, 0.0], [15.8876038, -4.4326748, 0.0], [15.8889771, -4.4326748, 0.0], [15.8889771, -4.4313056, 0.0]]]}}, {"type": "Feature", "properties": {"id": 789}, "geometry": {"type": "Polygon", "coordinates": [[[15.8985901, -4.4313056, 0.0], [15.8972168, -4.4313056, 0.0], [15.8972168, -4.4326748, 0.0], [15.8985901, -4.4326748, 0.0], [15.8999634, -4.4326748, 0.0], [15.8999634, -4.4313056, 0.0], [15.8985901, -4.4313056, 0.0]]]}}, {"type": "Feature", "properties": {"id": 790}, "geometry": {"type": "Polygon", "coordinates": [[[15.9260559, -4.4313056, 0.0], [15.9260559, -4.4326748, 0.0], [15.9274292, -4.4326748, 0.0], [15.9274292, -4.4313056, 0.0], [15.9260559, -4.4313056, 0.0]]]}}, {"type": "Feature", "properties": {"id": 791}, "geometry": {"type": "Polygon", "coordinates": [[[15.9851074, -4.4299365, 0.0], [15.9851074, -4.4313056, 0.0], [15.9864807, -4.4313056, 0.0], [15.9864807, -4.4299365, 0.0], [15.9851074, -4.4299365, 0.0]]]}}, {"type": "Feature", "properties": {"id": 792}, "geometry": {"type": "Polygon", "coordinates": [[[15.7228088, -4.4299365, 0.0], [15.7228088, -4.4285673, 0.0], [15.7214355, -4.4285673, 0.0], [15.7200623, -4.4285673, 0.0], [15.718689, -4.4285673, 0.0], [15.718689, -4.4299365, 0.0], [15.7200623, -4.4299365, 0.0], [15.7214355, -4.4299365, 0.0], [15.7214355, -4.4313056, 0.0], [15.7228088, -4.4313056, 0.0], [15.7228088, -4.4299365, 0.0]]]}}, {"type": "Feature", "properties": {"id": 793}, "geometry": {"type": "Polygon", "coordinates": [[[15.9672546, -4.4299365, 0.0], [15.9672546, -4.4313056, 0.0], [15.9686279, -4.4313056, 0.0], [15.9686279, -4.4299365, 0.0], [15.9672546, -4.4299365, 0.0]]]}}, {"type": "Feature", "properties": {"id": 794}, "geometry": {"type": "Polygon", "coordinates": [[[15.9136963, -4.4299365, 0.0], [15.9136963, -4.4313056, 0.0], [15.9150696, -4.4313056, 0.0], [15.9150696, -4.4299365, 0.0], [15.9136963, -4.4299365, 0.0]]]}}, {"type": "Feature", "properties": {"id": 795}, "geometry": {"type": "Polygon", "coordinates": [[[15.9466553, -4.4285673, 0.0], [15.9466553, -4.4299365, 0.0], [15.9480286, -4.4299365, 0.0], [15.9480286, -4.4285673, 0.0], [15.9466553, -4.4285673, 0.0]]]}}, {"type": "Feature", "properties": {"id": 796}, "geometry": {"type": "Polygon", "coordinates": [[[15.9150696, -4.4285673, 0.0], [15.9150696, -4.4299365, 0.0], [15.9164429, -4.4299365, 0.0], [15.9178162, -4.4299365, 0.0], [15.9178162, -4.4285673, 0.0], [15.9164429, -4.4285673, 0.0], [15.9150696, -4.4285673, 0.0]]]}}, {"type": "Feature", "properties": {"id": 797}, "geometry": {"type": "Polygon", "coordinates": [[[15.8120728, -4.4285673, 0.0], [15.8120728, -4.4299365, 0.0], [15.813446, -4.4299365, 0.0], [15.813446, -4.4285673, 0.0], [15.8120728, -4.4285673, 0.0]]]}}, {"type": "Feature", "properties": {"id": 798}, "geometry": {"type": "Polygon", "coordinates": [[[15.7406616, -4.4285673, 0.0], [15.7392883, -4.4285673, 0.0], [15.7392883, -4.4299365, 0.0], [15.7406616, -4.4299365, 0.0], [15.7420349, -4.4299365, 0.0], [15.7420349, -4.4285673, 0.0], [15.7406616, -4.4285673, 0.0]]]}}, {"type": "Feature", "properties": {"id": 799}, "geometry": {"type": "Polygon", "coordinates": [[[15.846405, -4.4271981, 0.0], [15.846405, -4.4285673, 0.0], [15.8477783, -4.4285673, 0.0], [15.8477783, -4.4271981, 0.0], [15.846405, -4.4271981, 0.0]]]}}, {"type": "Feature", "properties": {"id": 800}, "geometry": {"type": "Polygon", "coordinates": [[[15.9521484, -4.4258289, 0.0], [15.9521484, -4.4271981, 0.0], [15.9535217, -4.4271981, 0.0], [15.9535217, -4.4258289, 0.0], [15.9521484, -4.4258289, 0.0]]]}}, {"type": "Feature", "properties": {"id": 801}, "geometry": {"type": "Polygon", "coordinates": [[[15.7461548, -4.4258289, 0.0], [15.7475281, -4.4258289, 0.0], [15.7475281, -4.4244597, 0.0], [15.7475281, -4.4230905, 0.0], [15.7475281, -4.4217213, 0.0], [15.7475281, -4.4203521, 0.0], [15.7461548, -4.4203521, 0.0], [15.7461548, -4.4217213, 0.0], [15.7461548, -4.4230905, 0.0], [15.7447815, -4.4230905, 0.0], [15.7447815, -4.4244597, 0.0], [15.7447815, -4.4258289, 0.0], [15.7461548, -4.4258289, 0.0]]]}}, {"type": "Feature", "properties": {"id": 802}, "geometry": {"type": "Polygon", "coordinates": [[[15.7585144, -4.4258289, 0.0], [15.7585144, -4.4271981, 0.0], [15.7598877, -4.4271981, 0.0], [15.7598877, -4.4258289, 0.0], [15.7585144, -4.4258289, 0.0]]]}}, {"type": "Feature", "properties": {"id": 803}, "geometry": {"type": "Polygon", "coordinates": [[[15.8518982, -4.4258289, 0.0], [15.8518982, -4.4271981, 0.0], [15.8532715, -4.4271981, 0.0], [15.8532715, -4.4258289, 0.0], [15.8518982, -4.4258289, 0.0]]]}}, {"type": "Feature", "properties": {"id": 804}, "geometry": {"type": "Polygon", "coordinates": [[[15.7777405, -4.4258289, 0.0], [15.7777405, -4.4271981, 0.0], [15.7791138, -4.4271981, 0.0], [15.7791138, -4.4258289, 0.0], [15.7777405, -4.4258289, 0.0]]]}}, {"type": "Feature", "properties": {"id": 805}, "geometry": {"type": "Polygon", "coordinates": [[[15.7818604, -4.4244597, 0.0], [15.7818604, -4.4230905, 0.0], [15.7818604, -4.4217213, 0.0], [15.7804871, -4.4217213, 0.0], [15.7804871, -4.4230905, 0.0], [15.7804871, -4.4244597, 0.0], [15.7804871, -4.4258289, 0.0], [15.7818604, -4.4258289, 0.0], [15.7832336, -4.4258289, 0.0], [15.7832336, -4.4244597, 0.0], [15.7818604, -4.4244597, 0.0]]]}}, {"type": "Feature", "properties": {"id": 806}, "geometry": {"type": "Polygon", "coordinates": [[[15.8615112, -4.4244597, 0.0], [15.8615112, -4.4230905, 0.0], [15.8601379, -4.4230905, 0.0], [15.8601379, -4.4244597, 0.0], [15.8587646, -4.4244597, 0.0], [15.8587646, -4.4258289, 0.0], [15.8601379, -4.4258289, 0.0], [15.8615112, -4.4258289, 0.0], [15.8615112, -4.4244597, 0.0]]]}}, {"type": "Feature", "properties": {"id": 807}, "geometry": {"type": "Polygon", "coordinates": [[[15.8532715, -4.4244597, 0.0], [15.8532715, -4.4258289, 0.0], [15.8546448, -4.4258289, 0.0], [15.8546448, -4.4244597, 0.0], [15.8532715, -4.4244597, 0.0]]]}}, {"type": "Feature", "properties": {"id": 808}, "geometry": {"type": "Polygon", "coordinates": [[[15.9466553, -4.4244597, 0.0], [15.9466553, -4.4258289, 0.0], [15.9480286, -4.4258289, 0.0], [15.9480286, -4.4244597, 0.0], [15.9466553, -4.4244597, 0.0]]]}}, {"type": "Feature", "properties": {"id": 809}, "geometry": {"type": "Polygon", "coordinates": [[[15.8244324, -4.4244597, 0.0], [15.8244324, -4.4230905, 0.0], [15.8230591, -4.4230905, 0.0], [15.8230591, -4.4244597, 0.0], [15.8230591, -4.4258289, 0.0], [15.8244324, -4.4258289, 0.0], [15.8244324, -4.4244597, 0.0]]]}}, {"type": "Feature", "properties": {"id": 810}, "geometry": {"type": "Polygon", "coordinates": [[[15.7420349, -4.4244597, 0.0], [15.7420349, -4.4258289, 0.0], [15.7434082, -4.4258289, 0.0], [15.7434082, -4.4244597, 0.0], [15.7420349, -4.4244597, 0.0]]]}}, {"type": "Feature", "properties": {"id": 811}, "geometry": {"type": "Polygon", "coordinates": [[[15.7640076, -4.4244597, 0.0], [15.7640076, -4.4258289, 0.0], [15.7653809, -4.4258289, 0.0], [15.7653809, -4.4244597, 0.0], [15.7640076, -4.4244597, 0.0]]]}}, {"type": "Feature", "properties": {"id": 812}, "geometry": {"type": "Polygon", "coordinates": [[[15.7873535, -4.4244597, 0.0], [15.7873535, -4.4258289, 0.0], [15.7887268, -4.4258289, 0.0], [15.7887268, -4.4244597, 0.0], [15.7873535, -4.4244597, 0.0]]]}}, {"type": "Feature", "properties": {"id": 813}, "geometry": {"type": "Polygon", "coordinates": [[[15.8889771, -4.4230905, 0.0], [15.8889771, -4.4244597, 0.0], [15.8903503, -4.4244597, 0.0], [15.8903503, -4.4230905, 0.0], [15.8889771, -4.4230905, 0.0]]]}}, {"type": "Feature", "properties": {"id": 814}, "geometry": {"type": "Polygon", "coordinates": [[[15.8985901, -4.4217213, 0.0], [15.8985901, -4.4203521, 0.0], [15.8972168, -4.4203521, 0.0], [15.8972168, -4.4189829, 0.0], [15.8958435, -4.4189829, 0.0], [15.8958435, -4.4203521, 0.0], [15.8958435, -4.4217213, 0.0], [15.8972168, -4.4217213, 0.0], [15.8972168, -4.4230905, 0.0], [15.8985901, -4.4230905, 0.0], [15.8985901, -4.4217213, 0.0]]]}}, {"type": "Feature", "properties": {"id": 815}, "geometry": {"type": "Polygon", "coordinates": [[[15.912323, -4.4217213, 0.0], [15.912323, -4.4203521, 0.0], [15.9109497, -4.4203521, 0.0], [15.9095764, -4.4203521, 0.0], [15.9095764, -4.4217213, 0.0], [15.9095764, -4.4230905, 0.0], [15.9109497, -4.4230905, 0.0], [15.912323, -4.4230905, 0.0], [15.9136963, -4.4230905, 0.0], [15.9136963, -4.4217213, 0.0], [15.912323, -4.4217213, 0.0]]]}}, {"type": "Feature", "properties": {"id": 816}, "geometry": {"type": "Polygon", "coordinates": [[[15.8738708, -4.4217213, 0.0], [15.8738708, -4.4230905, 0.0], [15.8752441, -4.4230905, 0.0], [15.8752441, -4.4217213, 0.0], [15.8738708, -4.4217213, 0.0]]]}}, {"type": "Feature", "properties": {"id": 817}, "geometry": {"type": "Polygon", "coordinates": [[[15.945282, -4.4217213, 0.0], [15.945282, -4.4230905, 0.0], [15.9466553, -4.4230905, 0.0], [15.9480286, -4.4230905, 0.0], [15.9480286, -4.4217213, 0.0], [15.9466553, -4.4217213, 0.0], [15.945282, -4.4217213, 0.0]]]}}, {"type": "Feature", "properties": {"id": 818}, "geometry": {"type": "Polygon", "coordinates": [[[15.8079529, -4.4217213, 0.0], [15.8093262, -4.4217213, 0.0], [15.8093262, -4.4203521, 0.0], [15.8079529, -4.4203521, 0.0], [15.8065796, -4.4203521, 0.0], [15.8065796, -4.4217213, 0.0], [15.8065796, -4.4230905, 0.0], [15.8079529, -4.4230905, 0.0], [15.8079529, -4.4217213, 0.0]]]}}, {"type": "Feature", "properties": {"id": 819}, "geometry": {"type": "Polygon", "coordinates": [[[15.9301758, -4.4203521, 0.0], [15.9301758, -4.4189829, 0.0], [15.9288025, -4.4189829, 0.0], [15.9274292, -4.4189829, 0.0], [15.9274292, -4.4203521, 0.0], [15.9288025, -4.4203521, 0.0], [15.9288025, -4.4217213, 0.0], [15.9301758, -4.4217213, 0.0], [15.9301758, -4.4203521, 0.0]]]}}, {"type": "Feature", "properties": {"id": 820}, "geometry": {"type": "Polygon", "coordinates": [[[15.7873535, -4.4203521, 0.0], [15.7887268, -4.4203521, 0.0], [15.7887268, -4.4189829, 0.0], [15.7873535, -4.4189829, 0.0], [15.7859802, -4.4189829, 0.0], [15.7859802, -4.4203521, 0.0], [15.7859802, -4.4217213, 0.0], [15.7873535, -4.4217213, 0.0], [15.7873535, -4.4203521, 0.0]]]}}, {"type": "Feature", "properties": {"id": 821}, "geometry": {"type": "Polygon", "coordinates": [[[15.761261, -4.4203521, 0.0], [15.761261, -4.4217213, 0.0], [15.7626343, -4.4217213, 0.0], [15.7626343, -4.4203521, 0.0], [15.761261, -4.4203521, 0.0]]]}}, {"type": "Feature", "properties": {"id": 822}, "geometry": {"type": "Polygon", "coordinates": [[[15.7214355, -4.4203521, 0.0], [15.7214355, -4.4189829, 0.0], [15.7200623, -4.4189829, 0.0], [15.718689, -4.4189829, 0.0], [15.7173157, -4.4189829, 0.0], [15.7173157, -4.4203521, 0.0], [15.718689, -4.4203521, 0.0], [15.718689, -4.4217213, 0.0], [15.7200623, -4.4217213, 0.0], [15.7214355, -4.4217213, 0.0], [15.7228088, -4.4217213, 0.0], [15.7228088, -4.4203521, 0.0], [15.7214355, -4.4203521, 0.0]]]}}, {"type": "Feature", "properties": {"id": 823}, "geometry": {"type": "Polygon", "coordinates": [[[15.7502747, -4.4189829, 0.0], [15.7502747, -4.4203521, 0.0], [15.7516479, -4.4203521, 0.0], [15.7516479, -4.4189829, 0.0], [15.7502747, -4.4189829, 0.0]]]}}, {"type": "Feature", "properties": {"id": 824}, "geometry": {"type": "Polygon", "coordinates": [[[15.9054565, -4.4203521, 0.0], [15.9054565, -4.4217213, 0.0], [15.9068298, -4.4217213, 0.0], [15.9068298, -4.4203521, 0.0], [15.9054565, -4.4203521, 0.0]]]}}, {"type": "Feature", "properties": {"id": 825}, "geometry": {"type": "Polygon", "coordinates": [[[15.9013367, -4.4203521, 0.0], [15.9013367, -4.4189829, 0.0], [15.8999634, -4.4189829, 0.0], [15.8999634, -4.4203521, 0.0], [15.8999634, -4.4217213, 0.0], [15.9013367, -4.4217213, 0.0], [15.90271, -4.4217213, 0.0], [15.90271, -4.4203521, 0.0], [15.9013367, -4.4203521, 0.0]]]}}, {"type": "Feature", "properties": {"id": 826}, "geometry": {"type": "Polygon", "coordinates": [[[15.8834839, -4.4203521, 0.0], [15.8834839, -4.4217213, 0.0], [15.8848572, -4.4217213, 0.0], [15.8848572, -4.4203521, 0.0], [15.8834839, -4.4203521, 0.0]]]}}, {"type": "Feature", "properties": {"id": 827}, "geometry": {"type": "Polygon", "coordinates": [[[15.7228088, -4.4189829, 0.0], [15.7228088, -4.4203521, 0.0], [15.7241821, -4.4203521, 0.0], [15.7241821, -4.4189829, 0.0], [15.7228088, -4.4189829, 0.0]]]}}, {"type": "Feature", "properties": {"id": 828}, "geometry": {"type": "Polygon", "coordinates": [[[15.7626343, -4.4189829, 0.0], [15.7626343, -4.4203521, 0.0], [15.7640076, -4.4203521, 0.0], [15.7640076, -4.4189829, 0.0], [15.7626343, -4.4189829, 0.0]]]}}, {"type": "Feature", "properties": {"id": 829}, "geometry": {"type": "Polygon", "coordinates": [[[15.7736206, -4.4189829, 0.0], [15.7736206, -4.4203521, 0.0], [15.7749939, -4.4203521, 0.0], [15.7749939, -4.4189829, 0.0], [15.7736206, -4.4189829, 0.0]]]}}, {"type": "Feature", "properties": {"id": 830}, "geometry": {"type": "Polygon", "coordinates": [[[15.869751, -4.4189829, 0.0], [15.869751, -4.4176137, 0.0], [15.869751, -4.4162444, 0.0], [15.8711243, -4.4162444, 0.0], [15.8711243, -4.4148752, 0.0], [15.8711243, -4.413506, 0.0], [15.869751, -4.413506, 0.0], [15.869751, -4.4148752, 0.0], [15.8683777, -4.4148752, 0.0], [15.8683777, -4.4162444, 0.0], [15.8683777, -4.4176137, 0.0], [15.8670044, -4.4176137, 0.0], [15.8670044, -4.4189829, 0.0], [15.8683777, -4.4189829, 0.0], [15.8683777, -4.4203521, 0.0], [15.869751, -4.4203521, 0.0], [15.869751, -4.4189829, 0.0]]]}}, {"type": "Feature", "properties": {"id": 831}, "geometry": {"type": "Polygon", "coordinates": [[[15.8930969, -4.4176137, 0.0], [15.8944702, -4.4176137, 0.0], [15.8944702, -4.4189829, 0.0], [15.8958435, -4.4189829, 0.0], [15.8958435, -4.4176137, 0.0], [15.8958435, -4.4162444, 0.0], [15.8944702, -4.4162444, 0.0], [15.8930969, -4.4162444, 0.0], [15.8917236, -4.4162444, 0.0], [15.8917236, -4.4176137, 0.0], [15.8917236, -4.4189829, 0.0], [15.8930969, -4.4189829, 0.0], [15.8930969, -4.4176137, 0.0]]]}}, {"type": "Feature", "properties": {"id": 832}, "geometry": {"type": "Polygon", "coordinates": [[[15.9713745, -4.4176137, 0.0], [15.9713745, -4.4189829, 0.0], [15.9727478, -4.4189829, 0.0], [15.9727478, -4.4176137, 0.0], [15.9713745, -4.4176137, 0.0]]]}}, {"type": "Feature", "properties": {"id": 833}, "geometry": {"type": "Polygon", "coordinates": [[[15.8821106, -4.4176137, 0.0], [15.8821106, -4.4189829, 0.0], [15.8834839, -4.4189829, 0.0], [15.8834839, -4.4176137, 0.0], [15.8821106, -4.4176137, 0.0]]]}}, {"type": "Feature", "properties": {"id": 834}, "geometry": {"type": "Polygon", "coordinates": [[[15.879364, -4.4176137, 0.0], [15.879364, -4.4189829, 0.0], [15.8807373, -4.4189829, 0.0], [15.8807373, -4.4176137, 0.0], [15.879364, -4.4176137, 0.0]]]}}, {"type": "Feature", "properties": {"id": 835}, "geometry": {"type": "Polygon", "coordinates": [[[15.8161926, -4.4176137, 0.0], [15.8161926, -4.4162444, 0.0], [15.8148193, -4.4162444, 0.0], [15.813446, -4.4162444, 0.0], [15.813446, -4.4176137, 0.0], [15.813446, -4.4189829, 0.0], [15.8148193, -4.4189829, 0.0], [15.8161926, -4.4189829, 0.0], [15.8161926, -4.4176137, 0.0]]]}}, {"type": "Feature", "properties": {"id": 836}, "geometry": {"type": "Polygon", "coordinates": [[[15.9205627, -4.4176137, 0.0], [15.9205627, -4.4189829, 0.0], [15.921936, -4.4189829, 0.0], [15.921936, -4.4176137, 0.0], [15.9205627, -4.4176137, 0.0]]]}}, {"type": "Feature", "properties": {"id": 837}, "geometry": {"type": "Polygon", "coordinates": [[[15.8340454, -4.4176137, 0.0], [15.8340454, -4.4189829, 0.0], [15.8354187, -4.4189829, 0.0], [15.8354187, -4.4176137, 0.0], [15.8340454, -4.4176137, 0.0]]]}}, {"type": "Feature", "properties": {"id": 838}, "geometry": {"type": "Polygon", "coordinates": [[[15.8834839, -4.4162444, 0.0], [15.8834839, -4.4176137, 0.0], [15.8848572, -4.4176137, 0.0], [15.8848572, -4.4162444, 0.0], [15.8834839, -4.4162444, 0.0]]]}}, {"type": "Feature", "properties": {"id": 839}, "geometry": {"type": "Polygon", "coordinates": [[[15.7214355, -4.4162444, 0.0], [15.7214355, -4.4176137, 0.0], [15.7228088, -4.4176137, 0.0], [15.7228088, -4.4162444, 0.0], [15.7214355, -4.4162444, 0.0]]]}}, {"type": "Feature", "properties": {"id": 840}, "geometry": {"type": "Polygon", "coordinates": [[[15.8010864, -4.4148752, 0.0], [15.8010864, -4.4162444, 0.0], [15.8024597, -4.4162444, 0.0], [15.8024597, -4.4148752, 0.0], [15.8010864, -4.4148752, 0.0]]]}}, {"type": "Feature", "properties": {"id": 841}, "geometry": {"type": "Polygon", "coordinates": [[[15.718689, -4.4148752, 0.0], [15.718689, -4.4162444, 0.0], [15.7200623, -4.4162444, 0.0], [15.7214355, -4.4162444, 0.0], [15.7214355, -4.4148752, 0.0], [15.7214355, -4.413506, 0.0], [15.7200623, -4.413506, 0.0], [15.7200623, -4.4148752, 0.0], [15.718689, -4.4148752, 0.0]]]}}, {"type": "Feature", "properties": {"id": 842}, "geometry": {"type": "Polygon", "coordinates": [[[15.8848572, -4.4148752, 0.0], [15.8848572, -4.4162444, 0.0], [15.8862305, -4.4162444, 0.0], [15.8862305, -4.4148752, 0.0], [15.8848572, -4.4148752, 0.0]]]}}, {"type": "Feature", "properties": {"id": 843}, "geometry": {"type": "Polygon", "coordinates": [[[15.7502747, -4.413506, 0.0], [15.7502747, -4.4148752, 0.0], [15.7516479, -4.4148752, 0.0], [15.7516479, -4.413506, 0.0], [15.7502747, -4.413506, 0.0]]]}}, {"type": "Feature", "properties": {"id": 844}, "geometry": {"type": "Polygon", "coordinates": [[[15.7846069, -4.4148752, 0.0], [15.7846069, -4.413506, 0.0], [15.7832336, -4.413506, 0.0], [15.7818604, -4.413506, 0.0], [15.7818604, -4.4148752, 0.0], [15.7832336, -4.4148752, 0.0], [15.7832336, -4.4162444, 0.0], [15.7846069, -4.4162444, 0.0], [15.7846069, -4.4148752, 0.0]]]}}, {"type": "Feature", "properties": {"id": 845}, "geometry": {"type": "Polygon", "coordinates": [[[15.8120728, -4.4148752, 0.0], [15.8120728, -4.4162444, 0.0], [15.813446, -4.4162444, 0.0], [15.813446, -4.4148752, 0.0], [15.8120728, -4.4148752, 0.0]]]}}, {"type": "Feature", "properties": {"id": 846}, "geometry": {"type": "Polygon", "coordinates": [[[15.9054565, -4.413506, 0.0], [15.9054565, -4.4148752, 0.0], [15.9068298, -4.4148752, 0.0], [15.9082031, -4.4148752, 0.0], [15.9082031, -4.413506, 0.0], [15.9082031, -4.4121368, 0.0], [15.9068298, -4.4121368, 0.0], [15.9068298, -4.413506, 0.0], [15.9054565, -4.413506, 0.0]]]}}, {"type": "Feature", "properties": {"id": 847}, "geometry": {"type": "Polygon", "coordinates": [[[15.8285522, -4.413506, 0.0], [15.8285522, -4.4121368, 0.0], [15.8285522, -4.4107676, 0.0], [15.8299255, -4.4107676, 0.0], [15.8299255, -4.4093983, 0.0], [15.8285522, -4.4093983, 0.0], [15.827179, -4.4093983, 0.0], [15.827179, -4.4107676, 0.0], [15.827179, -4.4121368, 0.0], [15.8258057, -4.4121368, 0.0], [15.8244324, -4.4121368, 0.0], [15.8244324, -4.413506, 0.0], [15.8258057, -4.413506, 0.0], [15.8258057, -4.4148752, 0.0], [15.827179, -4.4148752, 0.0], [15.8285522, -4.4148752, 0.0], [15.8299255, -4.4148752, 0.0], [15.8299255, -4.413506, 0.0], [15.8285522, -4.413506, 0.0]]]}}, {"type": "Feature", "properties": {"id": 848}, "geometry": {"type": "Polygon", "coordinates": [[[15.7035828, -4.413506, 0.0], [15.7035828, -4.4121368, 0.0], [15.7022095, -4.4121368, 0.0], [15.7022095, -4.413506, 0.0], [15.7022095, -4.4148752, 0.0], [15.7035828, -4.4148752, 0.0], [15.7035828, -4.413506, 0.0]]]}}, {"type": "Feature", "properties": {"id": 849}, "geometry": {"type": "Polygon", "coordinates": [[[15.7145691, -4.413506, 0.0], [15.7145691, -4.4148752, 0.0], [15.7159424, -4.4148752, 0.0], [15.7159424, -4.413506, 0.0], [15.7145691, -4.413506, 0.0]]]}}, {"type": "Feature", "properties": {"id": 850}, "geometry": {"type": "Polygon", "coordinates": [[[15.7571411, -4.413506, 0.0], [15.7571411, -4.4148752, 0.0], [15.7585144, -4.4148752, 0.0], [15.7585144, -4.413506, 0.0], [15.7571411, -4.413506, 0.0]]]}}, {"type": "Feature", "properties": {"id": 851}, "geometry": {"type": "Polygon", "coordinates": [[[15.7736206, -4.413506, 0.0], [15.7736206, -4.4148752, 0.0], [15.7749939, -4.4148752, 0.0], [15.7749939, -4.413506, 0.0], [15.7736206, -4.413506, 0.0]]]}}, {"type": "Feature", "properties": {"id": 852}, "geometry": {"type": "Polygon", "coordinates": [[[15.7777405, -4.413506, 0.0], [15.7777405, -4.4148752, 0.0], [15.7791138, -4.4148752, 0.0], [15.7791138, -4.413506, 0.0], [15.7777405, -4.413506, 0.0]]]}}, {"type": "Feature", "properties": {"id": 853}, "geometry": {"type": "Polygon", "coordinates": [[[15.803833, -4.4121368, 0.0], [15.8052063, -4.4121368, 0.0], [15.8052063, -4.4107676, 0.0], [15.803833, -4.4107676, 0.0], [15.803833, -4.4093983, 0.0], [15.8024597, -4.4093983, 0.0], [15.8024597, -4.4080291, 0.0], [15.8010864, -4.4080291, 0.0], [15.7997131, -4.4080291, 0.0], [15.7983398, -4.4080291, 0.0], [15.7969666, -4.4080291, 0.0], [15.7969666, -4.4093983, 0.0], [15.7969666, -4.4107676, 0.0], [15.7983398, -4.4107676, 0.0], [15.7997131, -4.4107676, 0.0], [15.7997131, -4.4121368, 0.0], [15.8010864, -4.4121368, 0.0], [15.8024597, -4.4121368, 0.0], [15.8024597, -4.413506, 0.0], [15.803833, -4.413506, 0.0], [15.803833, -4.4121368, 0.0]]]}}, {"type": "Feature", "properties": {"id": 854}, "geometry": {"type": "Polygon", "coordinates": [[[15.7653809, -4.4121368, 0.0], [15.7653809, -4.413506, 0.0], [15.7667542, -4.413506, 0.0], [15.7667542, -4.4121368, 0.0], [15.7653809, -4.4121368, 0.0]]]}}, {"type": "Feature", "properties": {"id": 855}, "geometry": {"type": "Polygon", "coordinates": [[[15.8711243, -4.4121368, 0.0], [15.8711243, -4.413506, 0.0], [15.8724976, -4.413506, 0.0], [15.8724976, -4.4121368, 0.0], [15.8711243, -4.4121368, 0.0]]]}}, {"type": "Feature", "properties": {"id": 856}, "geometry": {"type": "Polygon", "coordinates": [[[15.8477783, -4.4121368, 0.0], [15.8477783, -4.413506, 0.0], [15.8491516, -4.413506, 0.0], [15.8491516, -4.4121368, 0.0], [15.8477783, -4.4121368, 0.0]]]}}, {"type": "Feature", "properties": {"id": 857}, "geometry": {"type": "Polygon", "coordinates": [[[15.7406616, -4.4121368, 0.0], [15.7406616, -4.413506, 0.0], [15.7420349, -4.413506, 0.0], [15.7420349, -4.4121368, 0.0], [15.7406616, -4.4121368, 0.0]]]}}, {"type": "Feature", "properties": {"id": 858}, "geometry": {"type": "Polygon", "coordinates": [[[15.737915, -4.4121368, 0.0], [15.7365417, -4.4121368, 0.0], [15.7365417, -4.413506, 0.0], [15.737915, -4.413506, 0.0], [15.7392883, -4.413506, 0.0], [15.7392883, -4.4121368, 0.0], [15.737915, -4.4121368, 0.0]]]}}, {"type": "Feature", "properties": {"id": 859}, "geometry": {"type": "Polygon", "coordinates": [[[15.7241821, -4.4121368, 0.0], [15.7228088, -4.4121368, 0.0], [15.7228088, -4.413506, 0.0], [15.7241821, -4.413506, 0.0], [15.7255554, -4.413506, 0.0], [15.7255554, -4.4121368, 0.0], [15.7241821, -4.4121368, 0.0]]]}}, {"type": "Feature", "properties": {"id": 860}, "geometry": {"type": "Polygon", "coordinates": [[[15.7090759, -4.4121368, 0.0], [15.7090759, -4.413506, 0.0], [15.7104492, -4.413506, 0.0], [15.7104492, -4.4121368, 0.0], [15.7090759, -4.4121368, 0.0]]]}}, {"type": "Feature", "properties": {"id": 861}, "geometry": {"type": "Polygon", "coordinates": [[[15.9411621, -4.4107676, 0.0], [15.9411621, -4.4121368, 0.0], [15.9425354, -4.4121368, 0.0], [15.9425354, -4.4107676, 0.0], [15.9411621, -4.4107676, 0.0]]]}}, {"type": "Feature", "properties": {"id": 862}, "geometry": {"type": "Polygon", "coordinates": [[[15.879364, -4.4121368, 0.0], [15.879364, -4.413506, 0.0], [15.8807373, -4.413506, 0.0], [15.8807373, -4.4121368, 0.0], [15.879364, -4.4121368, 0.0]]]}}, {"type": "Feature", "properties": {"id": 863}, "geometry": {"type": "Polygon", "coordinates": [[[15.8340454, -4.4107676, 0.0], [15.8340454, -4.4121368, 0.0], [15.8354187, -4.4121368, 0.0], [15.8354187, -4.4107676, 0.0], [15.8340454, -4.4107676, 0.0]]]}}, {"type": "Feature", "properties": {"id": 864}, "geometry": {"type": "Polygon", "coordinates": [[[15.8312988, -4.4107676, 0.0], [15.8312988, -4.4121368, 0.0], [15.8326721, -4.4121368, 0.0], [15.8326721, -4.4107676, 0.0], [15.8312988, -4.4107676, 0.0]]]}}, {"type": "Feature", "properties": {"id": 865}, "geometry": {"type": "Polygon", "coordinates": [[[15.7228088, -4.4093983, 0.0], [15.7228088, -4.4107676, 0.0], [15.7241821, -4.4107676, 0.0], [15.7255554, -4.4107676, 0.0], [15.7255554, -4.4093983, 0.0], [15.7241821, -4.4093983, 0.0], [15.7228088, -4.4093983, 0.0]]]}}, {"type": "Feature", "properties": {"id": 866}, "geometry": {"type": "Polygon", "coordinates": [[[15.8999634, -4.4093983, 0.0], [15.8999634, -4.4107676, 0.0], [15.9013367, -4.4107676, 0.0], [15.9013367, -4.4093983, 0.0], [15.8999634, -4.4093983, 0.0]]]}}, {"type": "Feature", "properties": {"id": 867}, "geometry": {"type": "Polygon", "coordinates": [[[15.7296753, -4.4093983, 0.0], [15.7296753, -4.4107676, 0.0], [15.7310486, -4.4107676, 0.0], [15.7310486, -4.4093983, 0.0], [15.7296753, -4.4093983, 0.0]]]}}, {"type": "Feature", "properties": {"id": 868}, "geometry": {"type": "Polygon", "coordinates": [[[15.8052063, -4.4093983, 0.0], [15.8052063, -4.4107676, 0.0], [15.8065796, -4.4107676, 0.0], [15.8065796, -4.4093983, 0.0], [15.8052063, -4.4093983, 0.0]]]}}, {"type": "Feature", "properties": {"id": 869}, "geometry": {"type": "Polygon", "coordinates": [[[15.8724976, -4.4093983, 0.0], [15.8738708, -4.4093983, 0.0], [15.8738708, -4.4080291, 0.0], [15.8724976, -4.4080291, 0.0], [15.8711243, -4.4080291, 0.0], [15.8711243, -4.4093983, 0.0], [15.8711243, -4.4107676, 0.0], [15.8724976, -4.4107676, 0.0], [15.8724976, -4.4093983, 0.0]]]}}, {"type": "Feature", "properties": {"id": 870}, "geometry": {"type": "Polygon", "coordinates": [[[15.8477783, -4.4093983, 0.0], [15.8477783, -4.4107676, 0.0], [15.8491516, -4.4107676, 0.0], [15.8491516, -4.4093983, 0.0], [15.8477783, -4.4093983, 0.0]]]}}, {"type": "Feature", "properties": {"id": 871}, "geometry": {"type": "Polygon", "coordinates": [[[15.9906006, -4.4093983, 0.0], [15.9906006, -4.4107676, 0.0], [15.9919739, -4.4107676, 0.0], [15.9919739, -4.4093983, 0.0], [15.9906006, -4.4093983, 0.0]]]}}, {"type": "Feature", "properties": {"id": 872}, "geometry": {"type": "Polygon", "coordinates": [[[15.9191895, -4.4093983, 0.0], [15.9191895, -4.4107676, 0.0], [15.9205627, -4.4107676, 0.0], [15.9205627, -4.4093983, 0.0], [15.9191895, -4.4093983, 0.0]]]}}, {"type": "Feature", "properties": {"id": 873}, "geometry": {"type": "Polygon", "coordinates": [[[15.7077026, -4.4080291, 0.0], [15.7077026, -4.4093983, 0.0], [15.7090759, -4.4093983, 0.0], [15.7090759, -4.4080291, 0.0], [15.7077026, -4.4080291, 0.0]]]}}, {"type": "Feature", "properties": {"id": 874}, "geometry": {"type": "Polygon", "coordinates": [[[15.9288025, -4.4080291, 0.0], [15.9288025, -4.4093983, 0.0], [15.9301758, -4.4093983, 0.0], [15.9301758, -4.4080291, 0.0], [15.9288025, -4.4080291, 0.0]]]}}, {"type": "Feature", "properties": {"id": 875}, "geometry": {"type": "Polygon", "coordinates": [[[15.8972168, -4.4080291, 0.0], [15.8972168, -4.4093983, 0.0], [15.8985901, -4.4093983, 0.0], [15.8985901, -4.4080291, 0.0], [15.8972168, -4.4080291, 0.0]]]}}, {"type": "Feature", "properties": {"id": 876}, "geometry": {"type": "Polygon", "coordinates": [[[15.7131958, -4.4080291, 0.0], [15.7131958, -4.4093983, 0.0], [15.7145691, -4.4093983, 0.0], [15.7145691, -4.4080291, 0.0], [15.7131958, -4.4080291, 0.0]]]}}, {"type": "Feature", "properties": {"id": 877}, "geometry": {"type": "Polygon", "coordinates": [[[15.8065796, -4.4080291, 0.0], [15.8065796, -4.4093983, 0.0], [15.8079529, -4.4093983, 0.0], [15.8079529, -4.4080291, 0.0], [15.8065796, -4.4080291, 0.0]]]}}, {"type": "Feature", "properties": {"id": 878}, "geometry": {"type": "Polygon", "coordinates": [[[15.8106995, -4.4080291, 0.0], [15.8106995, -4.4093983, 0.0], [15.8120728, -4.4093983, 0.0], [15.8120728, -4.4080291, 0.0], [15.8106995, -4.4080291, 0.0]]]}}, {"type": "Feature", "properties": {"id": 879}, "geometry": {"type": "Polygon", "coordinates": [[[15.8930969, -4.4080291, 0.0], [15.8917236, -4.4080291, 0.0], [15.8917236, -4.4093983, 0.0], [15.8930969, -4.4093983, 0.0], [15.8944702, -4.4093983, 0.0], [15.8944702, -4.4080291, 0.0], [15.8930969, -4.4080291, 0.0]]]}}, {"type": "Feature", "properties": {"id": 880}, "geometry": {"type": "Polygon", "coordinates": [[[15.7640076, -4.4066599, 0.0], [15.7640076, -4.4080291, 0.0], [15.7653809, -4.4080291, 0.0], [15.7653809, -4.4066599, 0.0], [15.7640076, -4.4066599, 0.0]]]}}, {"type": "Feature", "properties": {"id": 881}, "geometry": {"type": "Polygon", "coordinates": [[[15.7255554, -4.4066599, 0.0], [15.7255554, -4.4080291, 0.0], [15.7269287, -4.4080291, 0.0], [15.7269287, -4.4066599, 0.0], [15.7255554, -4.4066599, 0.0]]]}}, {"type": "Feature", "properties": {"id": 882}, "geometry": {"type": "Polygon", "coordinates": [[[15.7173157, -4.4066599, 0.0], [15.7173157, -4.4080291, 0.0], [15.718689, -4.4080291, 0.0], [15.718689, -4.4066599, 0.0], [15.7173157, -4.4066599, 0.0]]]}}, {"type": "Feature", "properties": {"id": 883}, "geometry": {"type": "Polygon", "coordinates": [[[15.9906006, -4.4066599, 0.0], [15.9906006, -4.4080291, 0.0], [15.9919739, -4.4080291, 0.0], [15.9919739, -4.4066599, 0.0], [15.9906006, -4.4066599, 0.0]]]}}, {"type": "Feature", "properties": {"id": 884}, "geometry": {"type": "Polygon", "coordinates": [[[15.9370422, -4.4066599, 0.0], [15.9370422, -4.4080291, 0.0], [15.9384155, -4.4080291, 0.0], [15.9384155, -4.4066599, 0.0], [15.9370422, -4.4066599, 0.0]]]}}, {"type": "Feature", "properties": {"id": 885}, "geometry": {"type": "Polygon", "coordinates": [[[15.8958435, -4.4066599, 0.0], [15.8958435, -4.4080291, 0.0], [15.8972168, -4.4080291, 0.0], [15.8972168, -4.4066599, 0.0], [15.8958435, -4.4066599, 0.0]]]}}, {"type": "Feature", "properties": {"id": 886}, "geometry": {"type": "Polygon", "coordinates": [[[15.8958435, -4.4052907, 0.0], [15.8972168, -4.4052907, 0.0], [15.8972168, -4.4039214, 0.0], [15.8958435, -4.4039214, 0.0], [15.8944702, -4.4039214, 0.0], [15.8944702, -4.4052907, 0.0], [15.8944702, -4.4066599, 0.0], [15.8958435, -4.4066599, 0.0], [15.8958435, -4.4052907, 0.0]]]}}, {"type": "Feature", "properties": {"id": 887}, "geometry": {"type": "Polygon", "coordinates": [[[15.8491516, -4.4066599, 0.0], [15.8491516, -4.4080291, 0.0], [15.8505249, -4.4080291, 0.0], [15.8505249, -4.4066599, 0.0], [15.8491516, -4.4066599, 0.0]]]}}, {"type": "Feature", "properties": {"id": 888}, "geometry": {"type": "Polygon", "coordinates": [[[15.8848572, -4.4066599, 0.0], [15.8848572, -4.4080291, 0.0], [15.8862305, -4.4080291, 0.0], [15.8862305, -4.4066599, 0.0], [15.8848572, -4.4066599, 0.0]]]}}, {"type": "Feature", "properties": {"id": 889}, "geometry": {"type": "Polygon", "coordinates": [[[15.8766174, -4.4080291, 0.0], [15.8766174, -4.4093983, 0.0], [15.8779907, -4.4093983, 0.0], [15.8779907, -4.4080291, 0.0], [15.8766174, -4.4080291, 0.0]]]}}, {"type": "Feature", "properties": {"id": 890}, "geometry": {"type": "Polygon", "coordinates": [[[15.8670044, -4.4080291, 0.0], [15.8670044, -4.4093983, 0.0], [15.8683777, -4.4093983, 0.0], [15.8683777, -4.4080291, 0.0], [15.8670044, -4.4080291, 0.0]]]}}, {"type": "Feature", "properties": {"id": 891}, "geometry": {"type": "Polygon", "coordinates": [[[15.8175659, -4.4052907, 0.0], [15.8175659, -4.4066599, 0.0], [15.8189392, -4.4066599, 0.0], [15.8189392, -4.4052907, 0.0], [15.8175659, -4.4052907, 0.0]]]}}, {"type": "Feature", "properties": {"id": 892}, "geometry": {"type": "Polygon", "coordinates": [[[15.7640076, -4.4052907, 0.0], [15.7653809, -4.4052907, 0.0], [15.7653809, -4.4039214, 0.0], [15.7640076, -4.4039214, 0.0], [15.7626343, -4.4039214, 0.0], [15.7626343, -4.4052907, 0.0], [15.7626343, -4.4066599, 0.0], [15.7640076, -4.4066599, 0.0], [15.7640076, -4.4052907, 0.0]]]}}, {"type": "Feature", "properties": {"id": 893}, "geometry": {"type": "Polygon", "coordinates": [[[15.8862305, -4.4052907, 0.0], [15.8862305, -4.4066599, 0.0], [15.8876038, -4.4066599, 0.0], [15.8876038, -4.4052907, 0.0], [15.8862305, -4.4052907, 0.0]]]}}, {"type": "Feature", "properties": {"id": 894}, "geometry": {"type": "Polygon", "coordinates": [[[15.8738708, -4.4052907, 0.0], [15.8724976, -4.4052907, 0.0], [15.8724976, -4.4066599, 0.0], [15.8738708, -4.4066599, 0.0], [15.8752441, -4.4066599, 0.0], [15.8752441, -4.4052907, 0.0], [15.8738708, -4.4052907, 0.0]]]}}, {"type": "Feature", "properties": {"id": 895}, "geometry": {"type": "Polygon", "coordinates": [[[15.813446, -4.4052907, 0.0], [15.813446, -4.4066599, 0.0], [15.8148193, -4.4066599, 0.0], [15.8148193, -4.4052907, 0.0], [15.813446, -4.4052907, 0.0]]]}}, {"type": "Feature", "properties": {"id": 896}, "geometry": {"type": "Polygon", "coordinates": [[[15.8010864, -4.4052907, 0.0], [15.7997131, -4.4052907, 0.0], [15.7997131, -4.4066599, 0.0], [15.8010864, -4.4066599, 0.0], [15.8024597, -4.4066599, 0.0], [15.8024597, -4.4052907, 0.0], [15.8010864, -4.4052907, 0.0]]]}}, {"type": "Feature", "properties": {"id": 897}, "geometry": {"type": "Polygon", "coordinates": [[[15.7969666, -4.4052907, 0.0], [15.7969666, -4.4066599, 0.0], [15.7983398, -4.4066599, 0.0], [15.7983398, -4.4052907, 0.0], [15.7969666, -4.4052907, 0.0]]]}}, {"type": "Feature", "properties": {"id": 898}, "geometry": {"type": "Polygon", "coordinates": [[[15.79422, -4.4052907, 0.0], [15.79422, -4.4039214, 0.0], [15.7928467, -4.4039214, 0.0], [15.7928467, -4.4052907, 0.0], [15.7928467, -4.4066599, 0.0], [15.79422, -4.4066599, 0.0], [15.79422, -4.4052907, 0.0]]]}}, {"type": "Feature", "properties": {"id": 899}, "geometry": {"type": "Polygon", "coordinates": [[[15.7832336, -4.4052907, 0.0], [15.7818604, -4.4052907, 0.0], [15.7818604, -4.4066599, 0.0], [15.7832336, -4.4066599, 0.0], [15.7846069, -4.4066599, 0.0], [15.7846069, -4.4052907, 0.0], [15.7832336, -4.4052907, 0.0]]]}}, {"type": "Feature", "properties": {"id": 900}, "geometry": {"type": "Polygon", "coordinates": [[[15.8395386, -4.4039214, 0.0], [15.8409119, -4.4039214, 0.0], [15.8409119, -4.4025522, 0.0], [15.8395386, -4.4025522, 0.0], [15.8395386, -4.4011829, 0.0], [15.8381653, -4.4011829, 0.0], [15.836792, -4.4011829, 0.0], [15.8354187, -4.4011829, 0.0], [15.8340454, -4.4011829, 0.0], [15.8340454, -4.4025522, 0.0], [15.8354187, -4.4025522, 0.0], [15.8354187, -4.4039214, 0.0], [15.836792, -4.4039214, 0.0], [15.8381653, -4.4039214, 0.0], [15.8381653, -4.4052907, 0.0], [15.8395386, -4.4052907, 0.0], [15.8395386, -4.4039214, 0.0]]]}}, {"type": "Feature", "properties": {"id": 901}, "geometry": {"type": "Polygon", "coordinates": [[[15.8587646, -4.4039214, 0.0], [15.8587646, -4.4052907, 0.0], [15.8601379, -4.4052907, 0.0], [15.8601379, -4.4039214, 0.0], [15.8587646, -4.4039214, 0.0]]]}}, {"type": "Feature", "properties": {"id": 902}, "geometry": {"type": "Polygon", "coordinates": [[[15.7969666, -4.4039214, 0.0], [15.7983398, -4.4039214, 0.0], [15.7983398, -4.4025522, 0.0], [15.7969666, -4.4025522, 0.0], [15.7955933, -4.4025522, 0.0], [15.7955933, -4.4039214, 0.0], [15.7955933, -4.4052907, 0.0], [15.7969666, -4.4052907, 0.0], [15.7969666, -4.4039214, 0.0]]]}}, {"type": "Feature", "properties": {"id": 903}, "geometry": {"type": "Polygon", "coordinates": [[[15.9507751, -4.4039214, 0.0], [15.9507751, -4.4052907, 0.0], [15.9521484, -4.4052907, 0.0], [15.9521484, -4.4039214, 0.0], [15.9507751, -4.4039214, 0.0]]]}}, {"type": "Feature", "properties": {"id": 904}, "geometry": {"type": "Polygon", "coordinates": [[[15.9892273, -4.4039214, 0.0], [15.9892273, -4.4052907, 0.0], [15.9906006, -4.4052907, 0.0], [15.9906006, -4.4039214, 0.0], [15.9892273, -4.4039214, 0.0]]]}}, {"type": "Feature", "properties": {"id": 905}, "geometry": {"type": "Polygon", "coordinates": [[[15.7804871, -4.4039214, 0.0], [15.7804871, -4.4052907, 0.0], [15.7818604, -4.4052907, 0.0], [15.7818604, -4.4039214, 0.0], [15.7804871, -4.4039214, 0.0]]]}}, {"type": "Feature", "properties": {"id": 906}, "geometry": {"type": "Polygon", "coordinates": [[[15.9370422, -4.4039214, 0.0], [15.9370422, -4.4052907, 0.0], [15.9384155, -4.4052907, 0.0], [15.9384155, -4.4039214, 0.0], [15.9370422, -4.4039214, 0.0]]]}}, {"type": "Feature", "properties": {"id": 907}, "geometry": {"type": "Polygon", "coordinates": [[[15.9136963, -4.4039214, 0.0], [15.9136963, -4.4052907, 0.0], [15.9150696, -4.4052907, 0.0], [15.9150696, -4.4039214, 0.0], [15.9136963, -4.4039214, 0.0]]]}}, {"type": "Feature", "properties": {"id": 908}, "geometry": {"type": "Polygon", "coordinates": [[[15.9411621, -4.4025522, 0.0], [15.9411621, -4.4039214, 0.0], [15.9425354, -4.4039214, 0.0], [15.9425354, -4.4025522, 0.0], [15.9411621, -4.4025522, 0.0]]]}}, {"type": "Feature", "properties": {"id": 909}, "geometry": {"type": "Polygon", "coordinates": [[[15.9040833, -4.4025522, 0.0], [15.9040833, -4.4039214, 0.0], [15.9054565, -4.4039214, 0.0], [15.9054565, -4.4025522, 0.0], [15.9040833, -4.4025522, 0.0]]]}}, {"type": "Feature", "properties": {"id": 910}, "geometry": {"type": "Polygon", "coordinates": [[[15.8299255, -4.4039214, 0.0], [15.8312988, -4.4039214, 0.0], [15.8312988, -4.4025522, 0.0], [15.8326721, -4.4025522, 0.0], [15.8326721, -4.4011829, 0.0], [15.8312988, -4.4011829, 0.0], [15.8299255, -4.4011829, 0.0], [15.8285522, -4.4011829, 0.0], [15.8285522, -4.4025522, 0.0], [15.8285522, -4.4039214, 0.0], [15.8285522, -4.4052907, 0.0], [15.8299255, -4.4052907, 0.0], [15.8299255, -4.4039214, 0.0]]]}}, {"type": "Feature", "properties": {"id": 911}, "geometry": {"type": "Polygon", "coordinates": [[[15.7901001, -4.4025522, 0.0], [15.7901001, -4.4039214, 0.0], [15.7914734, -4.4039214, 0.0], [15.7914734, -4.4025522, 0.0], [15.7901001, -4.4025522, 0.0]]]}}, {"type": "Feature", "properties": {"id": 912}, "geometry": {"type": "Polygon", "coordinates": [[[15.9480286, -4.4025522, 0.0], [15.9480286, -4.4039214, 0.0], [15.9494019, -4.4039214, 0.0], [15.9507751, -4.4039214, 0.0], [15.9507751, -4.4025522, 0.0], [15.9494019, -4.4025522, 0.0], [15.9480286, -4.4025522, 0.0]]]}}, {"type": "Feature", "properties": {"id": 913}, "geometry": {"type": "Polygon", "coordinates": [[[15.8889771, -4.4025522, 0.0], [15.8889771, -4.4039214, 0.0], [15.8903503, -4.4039214, 0.0], [15.8903503, -4.4025522, 0.0], [15.8889771, -4.4025522, 0.0]]]}}, {"type": "Feature", "properties": {"id": 914}, "geometry": {"type": "Polygon", "coordinates": [[[15.8258057, -4.4025522, 0.0], [15.8258057, -4.4011829, 0.0], [15.8244324, -4.4011829, 0.0], [15.8244324, -4.4025522, 0.0], [15.8244324, -4.4039214, 0.0], [15.8258057, -4.4039214, 0.0], [15.8258057, -4.4025522, 0.0]]]}}, {"type": "Feature", "properties": {"id": 915}, "geometry": {"type": "Polygon", "coordinates": [[[15.879364, -4.4025522, 0.0], [15.879364, -4.4011829, 0.0], [15.879364, -4.3998137, 0.0], [15.8779907, -4.3998137, 0.0], [15.8779907, -4.4011829, 0.0], [15.8766174, -4.4011829, 0.0], [15.8766174, -4.4025522, 0.0], [15.8779907, -4.4025522, 0.0], [15.8779907, -4.4039214, 0.0], [15.879364, -4.4039214, 0.0], [15.879364, -4.4025522, 0.0]]]}}, {"type": "Feature", "properties": {"id": 916}, "geometry": {"type": "Polygon", "coordinates": [[[15.803833, -4.4025522, 0.0], [15.8052063, -4.4025522, 0.0], [15.8052063, -4.4011829, 0.0], [15.803833, -4.4011829, 0.0], [15.803833, -4.3998137, 0.0], [15.8024597, -4.3998137, 0.0], [15.8024597, -4.4011829, 0.0], [15.8024597, -4.4025522, 0.0], [15.803833, -4.4025522, 0.0]]]}}, {"type": "Feature", "properties": {"id": 917}, "geometry": {"type": "Polygon", "coordinates": [[[15.8656311, -4.4011829, 0.0], [15.8642578, -4.4011829, 0.0], [15.8642578, -4.4025522, 0.0], [15.8656311, -4.4025522, 0.0], [15.8670044, -4.4025522, 0.0], [15.8670044, -4.4011829, 0.0], [15.8656311, -4.4011829, 0.0]]]}}, {"type": "Feature", "properties": {"id": 918}, "geometry": {"type": "Polygon", "coordinates": [[[15.9397888, -4.4011829, 0.0], [15.9397888, -4.4025522, 0.0], [15.9411621, -4.4025522, 0.0], [15.9411621, -4.4011829, 0.0], [15.9397888, -4.4011829, 0.0]]]}}, {"type": "Feature", "properties": {"id": 919}, "geometry": {"type": "Polygon", "coordinates": [[[15.7077026, -4.4011829, 0.0], [15.7077026, -4.4025522, 0.0], [15.7090759, -4.4025522, 0.0], [15.7090759, -4.4011829, 0.0], [15.7077026, -4.4011829, 0.0]]]}}, {"type": "Feature", "properties": {"id": 920}, "geometry": {"type": "Polygon", "coordinates": [[[15.8903503, -4.4011829, 0.0], [15.8903503, -4.4025522, 0.0], [15.8917236, -4.4025522, 0.0], [15.8930969, -4.4025522, 0.0], [15.8930969, -4.4011829, 0.0], [15.8917236, -4.4011829, 0.0], [15.8903503, -4.4011829, 0.0]]]}}, {"type": "Feature", "properties": {"id": 921}, "geometry": {"type": "Polygon", "coordinates": [[[15.8985901, -4.4011829, 0.0], [15.8985901, -4.4025522, 0.0], [15.8999634, -4.4025522, 0.0], [15.8999634, -4.4011829, 0.0], [15.8985901, -4.4011829, 0.0]]]}}, {"type": "Feature", "properties": {"id": 922}, "geometry": {"type": "Polygon", "coordinates": [[[15.7887268, -4.4011829, 0.0], [15.7887268, -4.3998137, 0.0], [15.7873535, -4.3998137, 0.0], [15.7873535, -4.4011829, 0.0], [15.7873535, -4.4025522, 0.0], [15.7887268, -4.4025522, 0.0], [15.7887268, -4.4011829, 0.0]]]}}, {"type": "Feature", "properties": {"id": 923}, "geometry": {"type": "Polygon", "coordinates": [[[15.7928467, -4.4011829, 0.0], [15.7928467, -4.4025522, 0.0], [15.79422, -4.4025522, 0.0], [15.79422, -4.4011829, 0.0], [15.7928467, -4.4011829, 0.0]]]}}, {"type": "Feature", "properties": {"id": 924}, "geometry": {"type": "Polygon", "coordinates": [[[15.9136963, -4.3998137, 0.0], [15.9136963, -4.3984445, 0.0], [15.912323, -4.3984445, 0.0], [15.912323, -4.3998137, 0.0], [15.912323, -4.4011829, 0.0], [15.9136963, -4.4011829, 0.0], [15.9136963, -4.3998137, 0.0]]]}}, {"type": "Feature", "properties": {"id": 925}, "geometry": {"type": "Polygon", "coordinates": [[[15.8601379, -4.4011829, 0.0], [15.8601379, -4.4025522, 0.0], [15.8615112, -4.4025522, 0.0], [15.8615112, -4.4011829, 0.0], [15.8601379, -4.4011829, 0.0]]]}}, {"type": "Feature", "properties": {"id": 926}, "geometry": {"type": "Polygon", "coordinates": [[[15.9315491, -4.3998137, 0.0], [15.9315491, -4.4011829, 0.0], [15.9329224, -4.4011829, 0.0], [15.9329224, -4.3998137, 0.0], [15.9315491, -4.3998137, 0.0]]]}}, {"type": "Feature", "properties": {"id": 927}, "geometry": {"type": "Polygon", "coordinates": [[[15.9864807, -4.3984445, 0.0], [15.9864807, -4.3998137, 0.0], [15.987854, -4.3998137, 0.0], [15.987854, -4.3984445, 0.0], [15.9864807, -4.3984445, 0.0]]]}}, {"type": "Feature", "properties": {"id": 928}, "geometry": {"type": "Polygon", "coordinates": [[[15.8889771, -4.3998137, 0.0], [15.8889771, -4.4011829, 0.0], [15.8903503, -4.4011829, 0.0], [15.8903503, -4.3998137, 0.0], [15.8889771, -4.3998137, 0.0]]]}}, {"type": "Feature", "properties": {"id": 929}, "geometry": {"type": "Polygon", "coordinates": [[[15.79422, -4.3998137, 0.0], [15.79422, -4.4011829, 0.0], [15.7955933, -4.4011829, 0.0], [15.7955933, -4.3998137, 0.0], [15.79422, -4.3998137, 0.0]]]}}, {"type": "Feature", "properties": {"id": 930}, "geometry": {"type": "Polygon", "coordinates": [[[15.8711243, -4.3998137, 0.0], [15.8711243, -4.4011829, 0.0], [15.8724976, -4.4011829, 0.0], [15.8724976, -4.3998137, 0.0], [15.8711243, -4.3998137, 0.0]]]}}, {"type": "Feature", "properties": {"id": 931}, "geometry": {"type": "Polygon", "coordinates": [[[15.8738708, -4.3998137, 0.0], [15.8738708, -4.4011829, 0.0], [15.8752441, -4.4011829, 0.0], [15.8766174, -4.4011829, 0.0], [15.8766174, -4.3998137, 0.0], [15.8779907, -4.3998137, 0.0], [15.8779907, -4.3984445, 0.0], [15.8766174, -4.3984445, 0.0], [15.8752441, -4.3984445, 0.0], [15.8752441, -4.3998137, 0.0], [15.8738708, -4.3998137, 0.0]]]}}, {"type": "Feature", "properties": {"id": 932}, "geometry": {"type": "Polygon", "coordinates": [[[15.7914734, -4.3984445, 0.0], [15.7914734, -4.3998137, 0.0], [15.7928467, -4.3998137, 0.0], [15.79422, -4.3998137, 0.0], [15.79422, -4.3984445, 0.0], [15.7928467, -4.3984445, 0.0], [15.7914734, -4.3984445, 0.0]]]}}, {"type": "Feature", "properties": {"id": 933}, "geometry": {"type": "Polygon", "coordinates": [[[15.8299255, -4.3984445, 0.0], [15.8299255, -4.3970752, 0.0], [15.8285522, -4.3970752, 0.0], [15.8285522, -4.3984445, 0.0], [15.8285522, -4.3998137, 0.0], [15.8299255, -4.3998137, 0.0], [15.8299255, -4.3984445, 0.0]]]}}, {"type": "Feature", "properties": {"id": 934}, "geometry": {"type": "Polygon", "coordinates": [[[15.8518982, -4.3984445, 0.0], [15.8518982, -4.3998137, 0.0], [15.8532715, -4.3998137, 0.0], [15.8532715, -4.3984445, 0.0], [15.8518982, -4.3984445, 0.0]]]}}, {"type": "Feature", "properties": {"id": 935}, "geometry": {"type": "Polygon", "coordinates": [[[15.879364, -4.3984445, 0.0], [15.879364, -4.3998137, 0.0], [15.8807373, -4.3998137, 0.0], [15.8807373, -4.3984445, 0.0], [15.879364, -4.3984445, 0.0]]]}}, {"type": "Feature", "properties": {"id": 936}, "geometry": {"type": "Polygon", "coordinates": [[[15.921936, -4.3970752, 0.0], [15.921936, -4.3984445, 0.0], [15.9233093, -4.3984445, 0.0], [15.9233093, -4.3970752, 0.0], [15.921936, -4.3970752, 0.0]]]}}, {"type": "Feature", "properties": {"id": 937}, "geometry": {"type": "Polygon", "coordinates": [[[15.8546448, -4.3970752, 0.0], [15.8546448, -4.3984445, 0.0], [15.8560181, -4.3984445, 0.0], [15.8560181, -4.3970752, 0.0], [15.8546448, -4.3970752, 0.0]]]}}, {"type": "Feature", "properties": {"id": 938}, "geometry": {"type": "Polygon", "coordinates": [[[15.7667542, -4.3970752, 0.0], [15.7667542, -4.3984445, 0.0], [15.7681274, -4.3984445, 0.0], [15.7681274, -4.3970752, 0.0], [15.7667542, -4.3970752, 0.0]]]}}, {"type": "Feature", "properties": {"id": 939}, "geometry": {"type": "Polygon", "coordinates": [[[15.7640076, -4.3970752, 0.0], [15.7640076, -4.395706, 0.0], [15.7640076, -4.3943367, 0.0], [15.7626343, -4.3943367, 0.0], [15.7626343, -4.3929674, 0.0], [15.761261, -4.3929674, 0.0], [15.7598877, -4.3929674, 0.0], [15.7598877, -4.3943367, 0.0], [15.7598877, -4.395706, 0.0], [15.7598877, -4.3970752, 0.0], [15.761261, -4.3970752, 0.0], [15.7626343, -4.3970752, 0.0], [15.7626343, -4.3984445, 0.0], [15.7640076, -4.3984445, 0.0], [15.7640076, -4.3970752, 0.0]]]}}, {"type": "Feature", "properties": {"id": 940}, "geometry": {"type": "Polygon", "coordinates": [[[15.8862305, -4.3984445, 0.0], [15.8862305, -4.3998137, 0.0], [15.8876038, -4.3998137, 0.0], [15.8876038, -4.3984445, 0.0], [15.8862305, -4.3984445, 0.0]]]}}, {"type": "Feature", "properties": {"id": 941}, "geometry": {"type": "Polygon", "coordinates": [[[15.8972168, -4.3970752, 0.0], [15.8972168, -4.395706, 0.0], [15.8958435, -4.395706, 0.0], [15.8958435, -4.3970752, 0.0], [15.8958435, -4.3984445, 0.0], [15.8972168, -4.3984445, 0.0], [15.8972168, -4.3970752, 0.0]]]}}, {"type": "Feature", "properties": {"id": 942}, "geometry": {"type": "Polygon", "coordinates": [[[15.8848572, -4.395706, 0.0], [15.8848572, -4.3970752, 0.0], [15.8862305, -4.3970752, 0.0], [15.8876038, -4.3970752, 0.0], [15.8876038, -4.395706, 0.0], [15.8862305, -4.395706, 0.0], [15.8848572, -4.395706, 0.0]]]}}, {"type": "Feature", "properties": {"id": 943}, "geometry": {"type": "Polygon", "coordinates": [[[15.8093262, -4.395706, 0.0], [15.8093262, -4.3970752, 0.0], [15.8106995, -4.3970752, 0.0], [15.8106995, -4.395706, 0.0], [15.8093262, -4.395706, 0.0]]]}}, {"type": "Feature", "properties": {"id": 944}, "geometry": {"type": "Polygon", "coordinates": [[[15.803833, -4.395706, 0.0], [15.803833, -4.3970752, 0.0], [15.8052063, -4.3970752, 0.0], [15.8052063, -4.395706, 0.0], [15.803833, -4.395706, 0.0]]]}}, {"type": "Feature", "properties": {"id": 945}, "geometry": {"type": "Polygon", "coordinates": [[[15.8312988, -4.395706, 0.0], [15.8299255, -4.395706, 0.0], [15.8299255, -4.3970752, 0.0], [15.8312988, -4.3970752, 0.0], [15.8326721, -4.3970752, 0.0], [15.8326721, -4.395706, 0.0], [15.8312988, -4.395706, 0.0]]]}}, {"type": "Feature", "properties": {"id": 946}, "geometry": {"type": "Polygon", "coordinates": [[[15.9892273, -4.395706, 0.0], [15.9892273, -4.3970752, 0.0], [15.9906006, -4.3970752, 0.0], [15.9906006, -4.395706, 0.0], [15.9892273, -4.395706, 0.0]]]}}, {"type": "Feature", "properties": {"id": 947}, "geometry": {"type": "Polygon", "coordinates": [[[15.8615112, -4.395706, 0.0], [15.8615112, -4.3970752, 0.0], [15.8628845, -4.3970752, 0.0], [15.8628845, -4.395706, 0.0], [15.8615112, -4.395706, 0.0]]]}}, {"type": "Feature", "properties": {"id": 948}, "geometry": {"type": "Polygon", "coordinates": [[[15.8642578, -4.395706, 0.0], [15.8642578, -4.3970752, 0.0], [15.8656311, -4.3970752, 0.0], [15.8656311, -4.395706, 0.0], [15.8642578, -4.395706, 0.0]]]}}, {"type": "Feature", "properties": {"id": 949}, "geometry": {"type": "Polygon", "coordinates": [[[15.9329224, -4.395706, 0.0], [15.9329224, -4.3970752, 0.0], [15.9342957, -4.3970752, 0.0], [15.9342957, -4.395706, 0.0], [15.9329224, -4.395706, 0.0]]]}}, {"type": "Feature", "properties": {"id": 950}, "geometry": {"type": "Polygon", "coordinates": [[[15.7791138, -4.3943367, 0.0], [15.7791138, -4.395706, 0.0], [15.7804871, -4.395706, 0.0], [15.7804871, -4.3943367, 0.0], [15.7791138, -4.3943367, 0.0]]]}}, {"type": "Feature", "properties": {"id": 951}, "geometry": {"type": "Polygon", "coordinates": [[[15.8876038, -4.3943367, 0.0], [15.8876038, -4.395706, 0.0], [15.8889771, -4.395706, 0.0], [15.8889771, -4.3943367, 0.0], [15.8876038, -4.3943367, 0.0]]]}}, {"type": "Feature", "properties": {"id": 952}, "geometry": {"type": "Polygon", "coordinates": [[[15.8587646, -4.3943367, 0.0], [15.8573914, -4.3943367, 0.0], [15.8573914, -4.395706, 0.0], [15.8587646, -4.395706, 0.0], [15.8601379, -4.395706, 0.0], [15.8601379, -4.3943367, 0.0], [15.8587646, -4.3943367, 0.0]]]}}, {"type": "Feature", "properties": {"id": 953}, "geometry": {"type": "Polygon", "coordinates": [[[15.7928467, -4.3943367, 0.0], [15.7928467, -4.395706, 0.0], [15.79422, -4.395706, 0.0], [15.79422, -4.3943367, 0.0], [15.7928467, -4.3943367, 0.0]]]}}, {"type": "Feature", "properties": {"id": 954}, "geometry": {"type": "Polygon", "coordinates": [[[15.7901001, -4.3943367, 0.0], [15.7914734, -4.3943367, 0.0], [15.7914734, -4.3929674, 0.0], [15.7914734, -4.3915982, 0.0], [15.7901001, -4.3915982, 0.0], [15.7901001, -4.3929674, 0.0], [15.7887268, -4.3929674, 0.0], [15.7887268, -4.3943367, 0.0], [15.7887268, -4.395706, 0.0], [15.7901001, -4.395706, 0.0], [15.7901001, -4.3943367, 0.0]]]}}, {"type": "Feature", "properties": {"id": 955}, "geometry": {"type": "Polygon", "coordinates": [[[15.9933472, -4.3929674, 0.0], [15.9933472, -4.3943367, 0.0], [15.9947205, -4.3943367, 0.0], [15.9947205, -4.3929674, 0.0], [15.9933472, -4.3929674, 0.0]]]}}, {"type": "Feature", "properties": {"id": 956}, "geometry": {"type": "Polygon", "coordinates": [[[15.7585144, -4.3929674, 0.0], [15.7598877, -4.3929674, 0.0], [15.7598877, -4.3915982, 0.0], [15.7585144, -4.3915982, 0.0], [15.7585144, -4.3902289, 0.0], [15.7585144, -4.3888597, 0.0], [15.7571411, -4.3888597, 0.0], [15.7571411, -4.3874904, 0.0], [15.7571411, -4.3861211, 0.0], [15.7585144, -4.3861211, 0.0], [15.7585144, -4.3847519, 0.0], [15.7585144, -4.3833826, 0.0], [15.7585144, -4.3820133, 0.0], [15.7585144, -4.380644, 0.0], [15.7571411, -4.380644, 0.0], [15.7571411, -4.3792748, 0.0], [15.7571411, -4.3779055, 0.0], [15.7557678, -4.3779055, 0.0], [15.7557678, -4.3792748, 0.0], [15.7557678, -4.380644, 0.0], [15.7557678, -4.3820133, 0.0], [15.7557678, -4.3833826, 0.0], [15.7557678, -4.3847519, 0.0], [15.7557678, -4.3861211, 0.0], [15.7557678, -4.3874904, 0.0], [15.7557678, -4.3888597, 0.0], [15.7557678, -4.3902289, 0.0], [15.7543945, -4.3902289, 0.0], [15.7543945, -4.3915982, 0.0], [15.7543945, -4.3929674, 0.0], [15.7557678, -4.3929674, 0.0], [15.7557678, -4.3943367, 0.0], [15.7571411, -4.3943367, 0.0], [15.7585144, -4.3943367, 0.0], [15.7585144, -4.3929674, 0.0]]]}}, {"type": "Feature", "properties": {"id": 957}, "geometry": {"type": "Polygon", "coordinates": [[[15.8917236, -4.3929674, 0.0], [15.8917236, -4.3943367, 0.0], [15.8930969, -4.3943367, 0.0], [15.8930969, -4.3929674, 0.0], [15.8917236, -4.3929674, 0.0]]]}}, {"type": "Feature", "properties": {"id": 958}, "geometry": {"type": "Polygon", "coordinates": [[[15.8312988, -4.3929674, 0.0], [15.8312988, -4.3915982, 0.0], [15.8299255, -4.3915982, 0.0], [15.8299255, -4.3929674, 0.0], [15.8299255, -4.3943367, 0.0], [15.8312988, -4.3943367, 0.0], [15.8312988, -4.3929674, 0.0]]]}}, {"type": "Feature", "properties": {"id": 959}, "geometry": {"type": "Polygon", "coordinates": [[[15.8258057, -4.3929674, 0.0], [15.8258057, -4.3943367, 0.0], [15.827179, -4.3943367, 0.0], [15.827179, -4.3929674, 0.0], [15.8258057, -4.3929674, 0.0]]]}}, {"type": "Feature", "properties": {"id": 960}, "geometry": {"type": "Polygon", "coordinates": [[[15.8340454, -4.3929674, 0.0], [15.8340454, -4.3943367, 0.0], [15.8354187, -4.3943367, 0.0], [15.8354187, -4.3929674, 0.0], [15.8340454, -4.3929674, 0.0]]]}}, {"type": "Feature", "properties": {"id": 961}, "geometry": {"type": "Polygon", "coordinates": [[[15.8972168, -4.3929674, 0.0], [15.8972168, -4.3943367, 0.0], [15.8985901, -4.3943367, 0.0], [15.8985901, -4.3929674, 0.0], [15.8972168, -4.3929674, 0.0]]]}}, {"type": "Feature", "properties": {"id": 962}, "geometry": {"type": "Polygon", "coordinates": [[[15.9150696, -4.3929674, 0.0], [15.9150696, -4.3943367, 0.0], [15.9164429, -4.3943367, 0.0], [15.9164429, -4.3929674, 0.0], [15.9150696, -4.3929674, 0.0]]]}}, {"type": "Feature", "properties": {"id": 963}, "geometry": {"type": "Polygon", "coordinates": [[[15.8834839, -4.3929674, 0.0], [15.8834839, -4.3943367, 0.0], [15.8848572, -4.3943367, 0.0], [15.8848572, -4.3929674, 0.0], [15.8834839, -4.3929674, 0.0]]]}}, {"type": "Feature", "properties": {"id": 964}, "geometry": {"type": "Polygon", "coordinates": [[[15.90271, -4.3929674, 0.0], [15.90271, -4.3943367, 0.0], [15.9040833, -4.3943367, 0.0], [15.9040833, -4.3929674, 0.0], [15.90271, -4.3929674, 0.0]]]}}, {"type": "Feature", "properties": {"id": 965}, "geometry": {"type": "Polygon", "coordinates": [[[15.7653809, -4.3915982, 0.0], [15.7653809, -4.3929674, 0.0], [15.7667542, -4.3929674, 0.0], [15.7667542, -4.3915982, 0.0], [15.7653809, -4.3915982, 0.0]]]}}, {"type": "Feature", "properties": {"id": 966}, "geometry": {"type": "Polygon", "coordinates": [[[15.8065796, -4.3915982, 0.0], [15.8065796, -4.3929674, 0.0], [15.8079529, -4.3929674, 0.0], [15.8079529, -4.3915982, 0.0], [15.8065796, -4.3915982, 0.0]]]}}, {"type": "Feature", "properties": {"id": 967}, "geometry": {"type": "Polygon", "coordinates": [[[15.7791138, -4.3915982, 0.0], [15.7791138, -4.3929674, 0.0], [15.7804871, -4.3929674, 0.0], [15.7804871, -4.3915982, 0.0], [15.7791138, -4.3915982, 0.0]]]}}, {"type": "Feature", "properties": {"id": 968}, "geometry": {"type": "Polygon", "coordinates": [[[15.7118225, -4.3915982, 0.0], [15.7118225, -4.3929674, 0.0], [15.7131958, -4.3929674, 0.0], [15.7131958, -4.3915982, 0.0], [15.7118225, -4.3915982, 0.0]]]}}, {"type": "Feature", "properties": {"id": 969}, "geometry": {"type": "Polygon", "coordinates": [[[15.9040833, -4.3902289, 0.0], [15.9040833, -4.3915982, 0.0], [15.9054565, -4.3915982, 0.0], [15.9054565, -4.3902289, 0.0], [15.9040833, -4.3902289, 0.0]]]}}, {"type": "Feature", "properties": {"id": 970}, "geometry": {"type": "Polygon", "coordinates": [[[15.7832336, -4.3915982, 0.0], [15.7832336, -4.3929674, 0.0], [15.7846069, -4.3929674, 0.0], [15.7846069, -4.3915982, 0.0], [15.7832336, -4.3915982, 0.0]]]}}, {"type": "Feature", "properties": {"id": 971}, "geometry": {"type": "Polygon", "coordinates": [[[15.8889771, -4.3902289, 0.0], [15.8889771, -4.3888597, 0.0], [15.8876038, -4.3888597, 0.0], [15.8876038, -4.3902289, 0.0], [15.8876038, -4.3915982, 0.0], [15.8889771, -4.3915982, 0.0], [15.8889771, -4.3902289, 0.0]]]}}, {"type": "Feature", "properties": {"id": 972}, "geometry": {"type": "Polygon", "coordinates": [[[15.761261, -4.3902289, 0.0], [15.761261, -4.3915982, 0.0], [15.7626343, -4.3915982, 0.0], [15.7640076, -4.3915982, 0.0], [15.7640076, -4.3902289, 0.0], [15.7640076, -4.3888597, 0.0], [15.7626343, -4.3888597, 0.0], [15.7626343, -4.3902289, 0.0], [15.761261, -4.3902289, 0.0]]]}}, {"type": "Feature", "properties": {"id": 973}, "geometry": {"type": "Polygon", "coordinates": [[[15.8642578, -4.3902289, 0.0], [15.8642578, -4.3888597, 0.0], [15.8628845, -4.3888597, 0.0], [15.8628845, -4.3902289, 0.0], [15.8628845, -4.3915982, 0.0], [15.8642578, -4.3915982, 0.0], [15.8642578, -4.3902289, 0.0]]]}}, {"type": "Feature", "properties": {"id": 974}, "geometry": {"type": "Polygon", "coordinates": [[[15.8120728, -4.3888597, 0.0], [15.8106995, -4.3888597, 0.0], [15.8106995, -4.3902289, 0.0], [15.8120728, -4.3902289, 0.0], [15.813446, -4.3902289, 0.0], [15.813446, -4.3888597, 0.0], [15.8120728, -4.3888597, 0.0]]]}}, {"type": "Feature", "properties": {"id": 975}, "geometry": {"type": "Polygon", "coordinates": [[[15.7241821, -4.3888597, 0.0], [15.7241821, -4.3874904, 0.0], [15.7228088, -4.3874904, 0.0], [15.7214355, -4.3874904, 0.0], [15.7200623, -4.3874904, 0.0], [15.7200623, -4.3888597, 0.0], [15.7200623, -4.3902289, 0.0], [15.7214355, -4.3902289, 0.0], [15.7228088, -4.3902289, 0.0], [15.7241821, -4.3902289, 0.0], [15.7241821, -4.3888597, 0.0]]]}}, {"type": "Feature", "properties": {"id": 976}, "geometry": {"type": "Polygon", "coordinates": [[[15.7969666, -4.3902289, 0.0], [15.7969666, -4.3915982, 0.0], [15.7983398, -4.3915982, 0.0], [15.7983398, -4.3902289, 0.0], [15.7969666, -4.3902289, 0.0]]]}}, {"type": "Feature", "properties": {"id": 977}, "geometry": {"type": "Polygon", "coordinates": [[[15.803833, -4.3888597, 0.0], [15.8024597, -4.3888597, 0.0], [15.8024597, -4.3902289, 0.0], [15.803833, -4.3902289, 0.0], [15.8052063, -4.3902289, 0.0], [15.8052063, -4.3888597, 0.0], [15.803833, -4.3888597, 0.0]]]}}, {"type": "Feature", "properties": {"id": 978}, "geometry": {"type": "Polygon", "coordinates": [[[15.7873535, -4.3888597, 0.0], [15.7873535, -4.3902289, 0.0], [15.7887268, -4.3902289, 0.0], [15.7887268, -4.3888597, 0.0], [15.7873535, -4.3888597, 0.0]]]}}, {"type": "Feature", "properties": {"id": 979}, "geometry": {"type": "Polygon", "coordinates": [[[15.7777405, -4.3888597, 0.0], [15.7777405, -4.3902289, 0.0], [15.7791138, -4.3902289, 0.0], [15.7791138, -4.3888597, 0.0], [15.7777405, -4.3888597, 0.0]]]}}, {"type": "Feature", "properties": {"id": 980}, "geometry": {"type": "Polygon", "coordinates": [[[15.8299255, -4.3888597, 0.0], [15.8299255, -4.3902289, 0.0], [15.8312988, -4.3902289, 0.0], [15.8312988, -4.3888597, 0.0], [15.8299255, -4.3888597, 0.0]]]}}, {"type": "Feature", "properties": {"id": 981}, "geometry": {"type": "Polygon", "coordinates": [[[15.9013367, -4.3888597, 0.0], [15.9013367, -4.3902289, 0.0], [15.90271, -4.3902289, 0.0], [15.90271, -4.3888597, 0.0], [15.9013367, -4.3888597, 0.0]]]}}, {"type": "Feature", "properties": {"id": 982}, "geometry": {"type": "Polygon", "coordinates": [[[15.9892273, -4.3888597, 0.0], [15.9892273, -4.3902289, 0.0], [15.9906006, -4.3902289, 0.0], [15.9906006, -4.3888597, 0.0], [15.9892273, -4.3888597, 0.0]]]}}, {"type": "Feature", "properties": {"id": 983}, "geometry": {"type": "Polygon", "coordinates": [[[15.8944702, -4.3888597, 0.0], [15.8944702, -4.3902289, 0.0], [15.8958435, -4.3902289, 0.0], [15.8958435, -4.3888597, 0.0], [15.8944702, -4.3888597, 0.0]]]}}, {"type": "Feature", "properties": {"id": 984}, "geometry": {"type": "Polygon", "coordinates": [[[15.7063293, -4.3874904, 0.0], [15.7063293, -4.3888597, 0.0], [15.7077026, -4.3888597, 0.0], [15.7077026, -4.3874904, 0.0], [15.7063293, -4.3874904, 0.0]]]}}, {"type": "Feature", "properties": {"id": 985}, "geometry": {"type": "Polygon", "coordinates": [[[15.9356689, -4.3874904, 0.0], [15.9356689, -4.3888597, 0.0], [15.9370422, -4.3888597, 0.0], [15.9370422, -4.3874904, 0.0], [15.9356689, -4.3874904, 0.0]]]}}, {"type": "Feature", "properties": {"id": 986}, "geometry": {"type": "Polygon", "coordinates": [[[15.8601379, -4.3874904, 0.0], [15.8601379, -4.3888597, 0.0], [15.8615112, -4.3888597, 0.0], [15.8615112, -4.3874904, 0.0], [15.8601379, -4.3874904, 0.0]]]}}, {"type": "Feature", "properties": {"id": 987}, "geometry": {"type": "Polygon", "coordinates": [[[15.8175659, -4.3874904, 0.0], [15.8175659, -4.3888597, 0.0], [15.8189392, -4.3888597, 0.0], [15.8189392, -4.3874904, 0.0], [15.8175659, -4.3874904, 0.0]]]}}, {"type": "Feature", "properties": {"id": 988}, "geometry": {"type": "Polygon", "coordinates": [[[15.7653809, -4.3874904, 0.0], [15.7653809, -4.3888597, 0.0], [15.7667542, -4.3888597, 0.0], [15.7667542, -4.3874904, 0.0], [15.7653809, -4.3874904, 0.0]]]}}, {"type": "Feature", "properties": {"id": 989}, "geometry": {"type": "Polygon", "coordinates": [[[15.8203125, -4.3874904, 0.0], [15.8203125, -4.3888597, 0.0], [15.8216858, -4.3888597, 0.0], [15.8216858, -4.3874904, 0.0], [15.8203125, -4.3874904, 0.0]]]}}, {"type": "Feature", "properties": {"id": 990}, "geometry": {"type": "Polygon", "coordinates": [[[15.8958435, -4.3861211, 0.0], [15.8958435, -4.3874904, 0.0], [15.8972168, -4.3874904, 0.0], [15.8972168, -4.3861211, 0.0], [15.8958435, -4.3861211, 0.0]]]}}, {"type": "Feature", "properties": {"id": 991}, "geometry": {"type": "Polygon", "coordinates": [[[15.7914734, -4.3861211, 0.0], [15.7914734, -4.3847519, 0.0], [15.7901001, -4.3847519, 0.0], [15.7887268, -4.3847519, 0.0], [15.7887268, -4.3861211, 0.0], [15.7901001, -4.3861211, 0.0], [15.7901001, -4.3874904, 0.0], [15.7914734, -4.3874904, 0.0], [15.7914734, -4.3861211, 0.0]]]}}, {"type": "Feature", "properties": {"id": 992}, "geometry": {"type": "Polygon", "coordinates": [[[15.8518982, -4.3861211, 0.0], [15.8518982, -4.3874904, 0.0], [15.8532715, -4.3874904, 0.0], [15.8532715, -4.3861211, 0.0], [15.8518982, -4.3861211, 0.0]]]}}, {"type": "Feature", "properties": {"id": 993}, "geometry": {"type": "Polygon", "coordinates": [[[15.827179, -4.3861211, 0.0], [15.827179, -4.3874904, 0.0], [15.8285522, -4.3874904, 0.0], [15.8285522, -4.3861211, 0.0], [15.827179, -4.3861211, 0.0]]]}}, {"type": "Feature", "properties": {"id": 994}, "geometry": {"type": "Polygon", "coordinates": [[[15.813446, -4.3861211, 0.0], [15.8120728, -4.3861211, 0.0], [15.8120728, -4.3874904, 0.0], [15.813446, -4.3874904, 0.0], [15.8148193, -4.3874904, 0.0], [15.8148193, -4.3861211, 0.0], [15.813446, -4.3861211, 0.0]]]}}, {"type": "Feature", "properties": {"id": 995}, "geometry": {"type": "Polygon", "coordinates": [[[15.9233093, -4.3861211, 0.0], [15.9233093, -4.3874904, 0.0], [15.9246826, -4.3874904, 0.0], [15.9246826, -4.3861211, 0.0], [15.9233093, -4.3861211, 0.0]]]}}, {"type": "Feature", "properties": {"id": 996}, "geometry": {"type": "Polygon", "coordinates": [[[15.987854, -4.3861211, 0.0], [15.987854, -4.3847519, 0.0], [15.9864807, -4.3847519, 0.0], [15.9864807, -4.3861211, 0.0], [15.9864807, -4.3874904, 0.0], [15.987854, -4.3874904, 0.0], [15.987854, -4.3861211, 0.0]]]}}, {"type": "Feature", "properties": {"id": 997}, "geometry": {"type": "Polygon", "coordinates": [[[15.8917236, -4.3861211, 0.0], [15.8917236, -4.3847519, 0.0], [15.8930969, -4.3847519, 0.0], [15.8930969, -4.3833826, 0.0], [15.8930969, -4.3820133, 0.0], [15.8930969, -4.380644, 0.0], [15.8944702, -4.380644, 0.0], [15.8958435, -4.380644, 0.0], [15.8958435, -4.3792748, 0.0], [15.8944702, -4.3792748, 0.0], [15.8944702, -4.3779055, 0.0], [15.8944702, -4.3765362, 0.0], [15.8958435, -4.3765362, 0.0], [15.8958435, -4.3751669, 0.0], [15.8958435, -4.3737976, 0.0], [15.8972168, -4.3737976, 0.0], [15.8972168, -4.3724283, 0.0], [15.8972168, -4.371059, 0.0], [15.8972168, -4.3696897, 0.0], [15.8972168, -4.3683204, 0.0], [15.8958435, -4.3683204, 0.0], [15.8944702, -4.3683204, 0.0], [15.8944702, -4.3696897, 0.0], [15.8944702, -4.371059, 0.0], [15.8944702, -4.3724283, 0.0], [15.8930969, -4.3724283, 0.0], [15.8930969, -4.3737976, 0.0], [15.8917236, -4.3737976, 0.0], [15.8917236, -4.3751669, 0.0], [15.8917236, -4.3765362, 0.0], [15.8917236, -4.3779055, 0.0], [15.8917236, -4.3792748, 0.0], [15.8917236, -4.380644, 0.0], [15.8903503, -4.380644, 0.0], [15.8903503, -4.3820133, 0.0], [15.8903503, -4.3833826, 0.0], [15.8903503, -4.3847519, 0.0], [15.8903503, -4.3861211, 0.0], [15.8903503, -4.3874904, 0.0], [15.8917236, -4.3874904, 0.0], [15.8917236, -4.3861211, 0.0]]]}}, {"type": "Feature", "properties": {"id": 998}, "geometry": {"type": "Polygon", "coordinates": [[[15.8766174, -4.3861211, 0.0], [15.8766174, -4.3847519, 0.0], [15.8779907, -4.3847519, 0.0], [15.8779907, -4.3833826, 0.0], [15.8766174, -4.3833826, 0.0], [15.8752441, -4.3833826, 0.0], [15.8752441, -4.3847519, 0.0], [15.8738708, -4.3847519, 0.0], [15.8738708, -4.3861211, 0.0], [15.8752441, -4.3861211, 0.0], [15.8752441, -4.3874904, 0.0], [15.8766174, -4.3874904, 0.0], [15.8766174, -4.3861211, 0.0]]]}}, {"type": "Feature", "properties": {"id": 999}, "geometry": {"type": "Polygon", "coordinates": [[[15.9301758, -4.3847519, 0.0], [15.9301758, -4.3861211, 0.0], [15.9315491, -4.3861211, 0.0], [15.9315491, -4.3847519, 0.0], [15.9301758, -4.3847519, 0.0]]]}}, {"type": "Feature", "properties": {"id": 1000}, "geometry": {"type": "Polygon", "coordinates": [[[15.9054565, -4.3847519, 0.0], [15.9054565, -4.3861211, 0.0], [15.9068298, -4.3861211, 0.0], [15.9068298, -4.3847519, 0.0], [15.9054565, -4.3847519, 0.0]]]}}, {"type": "Feature", "properties": {"id": 1001}, "geometry": {"type": "Polygon", "coordinates": [[[15.9274292, -4.3847519, 0.0], [15.9274292, -4.3861211, 0.0], [15.9288025, -4.3861211, 0.0], [15.9288025, -4.3847519, 0.0], [15.9274292, -4.3847519, 0.0]]]}}, {"type": "Feature", "properties": {"id": 1002}, "geometry": {"type": "Polygon", "coordinates": [[[15.9521484, -4.3847519, 0.0], [15.9521484, -4.3861211, 0.0], [15.9535217, -4.3861211, 0.0], [15.9535217, -4.3847519, 0.0], [15.9521484, -4.3847519, 0.0]]]}}, {"type": "Feature", "properties": {"id": 1003}, "geometry": {"type": "Polygon", "coordinates": [[[15.761261, -4.3847519, 0.0], [15.761261, -4.3861211, 0.0], [15.7626343, -4.3861211, 0.0], [15.7626343, -4.3847519, 0.0], [15.761261, -4.3847519, 0.0]]]}}, {"type": "Feature", "properties": {"id": 1004}, "geometry": {"type": "Polygon", "coordinates": [[[15.8587646, -4.3847519, 0.0], [15.8587646, -4.3861211, 0.0], [15.8601379, -4.3861211, 0.0], [15.8601379, -4.3847519, 0.0], [15.8587646, -4.3847519, 0.0]]]}}, {"type": "Feature", "properties": {"id": 1005}, "geometry": {"type": "Polygon", "coordinates": [[[15.8093262, -4.3847519, 0.0], [15.8093262, -4.3861211, 0.0], [15.8106995, -4.3861211, 0.0], [15.8106995, -4.3847519, 0.0], [15.8093262, -4.3847519, 0.0]]]}}, {"type": "Feature", "properties": {"id": 1006}, "geometry": {"type": "Polygon", "coordinates": [[[15.7928467, -4.3833826, 0.0], [15.7928467, -4.3847519, 0.0], [15.79422, -4.3847519, 0.0], [15.79422, -4.3833826, 0.0], [15.7928467, -4.3833826, 0.0]]]}}, {"type": "Feature", "properties": {"id": 1007}, "geometry": {"type": "Polygon", "coordinates": [[[15.9906006, -4.3833826, 0.0], [15.9906006, -4.3847519, 0.0], [15.9919739, -4.3847519, 0.0], [15.9919739, -4.3833826, 0.0], [15.9906006, -4.3833826, 0.0]]]}}, {"type": "Feature", "properties": {"id": 1008}, "geometry": {"type": "Polygon", "coordinates": [[[15.8065796, -4.3847519, 0.0], [15.8065796, -4.3861211, 0.0], [15.8079529, -4.3861211, 0.0], [15.8079529, -4.3847519, 0.0], [15.8065796, -4.3847519, 0.0]]]}}, {"type": "Feature", "properties": {"id": 1009}, "geometry": {"type": "Polygon", "coordinates": [[[15.9480286, -4.3833826, 0.0], [15.9480286, -4.3847519, 0.0], [15.9494019, -4.3847519, 0.0], [15.9494019, -4.3833826, 0.0], [15.9480286, -4.3833826, 0.0]]]}}, {"type": "Feature", "properties": {"id": 1010}, "geometry": {"type": "Polygon", "coordinates": [[[15.9439087, -4.3833826, 0.0], [15.9439087, -4.3847519, 0.0], [15.945282, -4.3847519, 0.0], [15.945282, -4.3833826, 0.0], [15.9439087, -4.3833826, 0.0]]]}}, {"type": "Feature", "properties": {"id": 1011}, "geometry": {"type": "Polygon", "coordinates": [[[15.9136963, -4.3833826, 0.0], [15.9136963, -4.3847519, 0.0], [15.9150696, -4.3847519, 0.0], [15.9150696, -4.3833826, 0.0], [15.9136963, -4.3833826, 0.0]]]}}, {"type": "Feature", "properties": {"id": 1012}, "geometry": {"type": "Polygon", "coordinates": [[[15.8573914, -4.3833826, 0.0], [15.8573914, -4.3847519, 0.0], [15.8587646, -4.3847519, 0.0], [15.8587646, -4.3833826, 0.0], [15.8573914, -4.3833826, 0.0]]]}}, {"type": "Feature", "properties": {"id": 1013}, "geometry": {"type": "Polygon", "coordinates": [[[15.945282, -4.3820133, 0.0], [15.945282, -4.3833826, 0.0], [15.9466553, -4.3833826, 0.0], [15.9466553, -4.3820133, 0.0], [15.945282, -4.3820133, 0.0]]]}}, {"type": "Feature", "properties": {"id": 1014}, "geometry": {"type": "Polygon", "coordinates": [[[15.8628845, -4.3820133, 0.0], [15.8628845, -4.3833826, 0.0], [15.8642578, -4.3833826, 0.0], [15.8642578, -4.3820133, 0.0], [15.8628845, -4.3820133, 0.0]]]}}, {"type": "Feature", "properties": {"id": 1015}, "geometry": {"type": "Polygon", "coordinates": [[[15.8189392, -4.3820133, 0.0], [15.8189392, -4.3833826, 0.0], [15.8203125, -4.3833826, 0.0], [15.8203125, -4.3820133, 0.0], [15.8189392, -4.3820133, 0.0]]]}}, {"type": "Feature", "properties": {"id": 1016}, "geometry": {"type": "Polygon", "coordinates": [[[15.7653809, -4.3820133, 0.0], [15.7640076, -4.3820133, 0.0], [15.7640076, -4.3833826, 0.0], [15.7653809, -4.3833826, 0.0], [15.7667542, -4.3833826, 0.0], [15.7667542, -4.3820133, 0.0], [15.7653809, -4.3820133, 0.0]]]}}, {"type": "Feature", "properties": {"id": 1017}, "geometry": {"type": "Polygon", "coordinates": [[[15.9384155, -4.3820133, 0.0], [15.9397888, -4.3820133, 0.0], [15.9397888, -4.380644, 0.0], [15.9397888, -4.3792748, 0.0], [15.9384155, -4.3792748, 0.0], [15.9370422, -4.3792748, 0.0], [15.9370422, -4.380644, 0.0], [15.9370422, -4.3820133, 0.0], [15.9384155, -4.3820133, 0.0]]]}}, {"type": "Feature", "properties": {"id": 1018}, "geometry": {"type": "Polygon", "coordinates": [[[15.9329224, -4.380644, 0.0], [15.9329224, -4.3820133, 0.0], [15.9342957, -4.3820133, 0.0], [15.9342957, -4.380644, 0.0], [15.9329224, -4.380644, 0.0]]]}}, {"type": "Feature", "properties": {"id": 1019}, "geometry": {"type": "Polygon", "coordinates": [[[15.9768677, -4.380644, 0.0], [15.9768677, -4.3820133, 0.0], [15.978241, -4.3820133, 0.0], [15.978241, -4.380644, 0.0], [15.9768677, -4.380644, 0.0]]]}}, {"type": "Feature", "properties": {"id": 1020}, "geometry": {"type": "Polygon", "coordinates": [[[15.9411621, -4.380644, 0.0], [15.9411621, -4.3820133, 0.0], [15.9425354, -4.3820133, 0.0], [15.9425354, -4.380644, 0.0], [15.9411621, -4.380644, 0.0]]]}}, {"type": "Feature", "properties": {"id": 1021}, "geometry": {"type": "Polygon", "coordinates": [[[15.7901001, -4.380644, 0.0], [15.7901001, -4.3792748, 0.0], [15.7887268, -4.3792748, 0.0], [15.7887268, -4.380644, 0.0], [15.7887268, -4.3820133, 0.0], [15.7901001, -4.3820133, 0.0], [15.7914734, -4.3820133, 0.0], [15.7928467, -4.3820133, 0.0], [15.79422, -4.3820133, 0.0], [15.79422, -4.380644, 0.0], [15.7928467, -4.380644, 0.0], [15.7914734, -4.380644, 0.0], [15.7901001, -4.380644, 0.0]]]}}, {"type": "Feature", "properties": {"id": 1022}, "geometry": {"type": "Polygon", "coordinates": [[[15.8670044, -4.380644, 0.0], [15.8670044, -4.3820133, 0.0], [15.8683777, -4.3820133, 0.0], [15.8683777, -4.380644, 0.0], [15.8670044, -4.380644, 0.0]]]}}, {"type": "Feature", "properties": {"id": 1023}, "geometry": {"type": "Polygon", "coordinates": [[[15.8642578, -4.380644, 0.0], [15.8642578, -4.3820133, 0.0], [15.8656311, -4.3820133, 0.0], [15.8656311, -4.380644, 0.0], [15.8642578, -4.380644, 0.0]]]}}, {"type": "Feature", "properties": {"id": 1024}, "geometry": {"type": "Polygon", "coordinates": [[[15.879364, -4.380644, 0.0], [15.879364, -4.3820133, 0.0], [15.8807373, -4.3820133, 0.0], [15.8807373, -4.380644, 0.0], [15.879364, -4.380644, 0.0]]]}}, {"type": "Feature", "properties": {"id": 1025}, "geometry": {"type": "Polygon", "coordinates": [[[15.8711243, -4.380644, 0.0], [15.8711243, -4.3820133, 0.0], [15.8724976, -4.3820133, 0.0], [15.8724976, -4.380644, 0.0], [15.8711243, -4.380644, 0.0]]]}}, {"type": "Feature", "properties": {"id": 1026}, "geometry": {"type": "Polygon", "coordinates": [[[15.7736206, -4.380644, 0.0], [15.7736206, -4.3820133, 0.0], [15.7749939, -4.3820133, 0.0], [15.7749939, -4.380644, 0.0], [15.7736206, -4.380644, 0.0]]]}}, {"type": "Feature", "properties": {"id": 1027}, "geometry": {"type": "Polygon", "coordinates": [[[15.8258057, -4.3792748, 0.0], [15.8258057, -4.380644, 0.0], [15.827179, -4.380644, 0.0], [15.827179, -4.3792748, 0.0], [15.8258057, -4.3792748, 0.0]]]}}, {"type": "Feature", "properties": {"id": 1028}, "geometry": {"type": "Polygon", "coordinates": [[[15.8216858, -4.3792748, 0.0], [15.8203125, -4.3792748, 0.0], [15.8203125, -4.380644, 0.0], [15.8216858, -4.380644, 0.0], [15.8230591, -4.380644, 0.0], [15.8230591, -4.3792748, 0.0], [15.8216858, -4.3792748, 0.0]]]}}, {"type": "Feature", "properties": {"id": 1029}, "geometry": {"type": "Polygon", "coordinates": [[[15.8052063, -4.3792748, 0.0], [15.8052063, -4.380644, 0.0], [15.8065796, -4.380644, 0.0], [15.8065796, -4.3792748, 0.0], [15.8052063, -4.3792748, 0.0]]]}}, {"type": "Feature", "properties": {"id": 1030}, "geometry": {"type": "Polygon", "coordinates": [[[15.9851074, -4.3792748, 0.0], [15.9864807, -4.3792748, 0.0], [15.9864807, -4.3779055, 0.0], [15.9851074, -4.3779055, 0.0], [15.9837341, -4.3779055, 0.0], [15.9837341, -4.3792748, 0.0], [15.9823608, -4.3792748, 0.0], [15.9823608, -4.380644, 0.0], [15.9837341, -4.380644, 0.0], [15.9851074, -4.380644, 0.0], [15.9851074, -4.3792748, 0.0]]]}}, {"type": "Feature", "properties": {"id": 1031}, "geometry": {"type": "Polygon", "coordinates": [[[15.7337952, -4.3792748, 0.0], [15.7337952, -4.380644, 0.0], [15.7351685, -4.380644, 0.0], [15.7351685, -4.3792748, 0.0], [15.7337952, -4.3792748, 0.0]]]}}, {"type": "Feature", "properties": {"id": 1032}, "geometry": {"type": "Polygon", "coordinates": [[[15.761261, -4.3792748, 0.0], [15.7626343, -4.3792748, 0.0], [15.7626343, -4.3779055, 0.0], [15.761261, -4.3779055, 0.0], [15.7598877, -4.3779055, 0.0], [15.7598877, -4.3792748, 0.0], [15.7598877, -4.380644, 0.0], [15.761261, -4.380644, 0.0], [15.761261, -4.3792748, 0.0]]]}}, {"type": "Feature", "properties": {"id": 1033}, "geometry": {"type": "Polygon", "coordinates": [[[15.9246826, -4.3779055, 0.0], [15.9246826, -4.3765362, 0.0], [15.9233093, -4.3765362, 0.0], [15.9233093, -4.3779055, 0.0], [15.9233093, -4.3792748, 0.0], [15.9246826, -4.3792748, 0.0], [15.9246826, -4.3779055, 0.0]]]}}, {"type": "Feature", "properties": {"id": 1034}, "geometry": {"type": "Polygon", "coordinates": [[[15.7640076, -4.3779055, 0.0], [15.7640076, -4.3792748, 0.0], [15.7653809, -4.3792748, 0.0], [15.7653809, -4.3779055, 0.0], [15.7640076, -4.3779055, 0.0]]]}}, {"type": "Feature", "properties": {"id": 1035}, "geometry": {"type": "Polygon", "coordinates": [[[15.8821106, -4.3792748, 0.0], [15.8821106, -4.380644, 0.0], [15.8834839, -4.380644, 0.0], [15.8834839, -4.3792748, 0.0], [15.8821106, -4.3792748, 0.0]]]}}, {"type": "Feature", "properties": {"id": 1036}, "geometry": {"type": "Polygon", "coordinates": [[[15.869751, -4.3792748, 0.0], [15.869751, -4.380644, 0.0], [15.8711243, -4.380644, 0.0], [15.8711243, -4.3792748, 0.0], [15.869751, -4.3792748, 0.0]]]}}, {"type": "Feature", "properties": {"id": 1037}, "geometry": {"type": "Polygon", "coordinates": [[[15.8532715, -4.3792748, 0.0], [15.8532715, -4.380644, 0.0], [15.8546448, -4.380644, 0.0], [15.8546448, -4.3792748, 0.0], [15.8532715, -4.3792748, 0.0]]]}}, {"type": "Feature", "properties": {"id": 1038}, "geometry": {"type": "Polygon", "coordinates": [[[15.8299255, -4.3792748, 0.0], [15.8312988, -4.3792748, 0.0], [15.8312988, -4.3779055, 0.0], [15.8299255, -4.3779055, 0.0], [15.8299255, -4.3765362, 0.0], [15.8285522, -4.3765362, 0.0], [15.8285522, -4.3779055, 0.0], [15.8285522, -4.3792748, 0.0], [15.8285522, -4.380644, 0.0], [15.8299255, -4.380644, 0.0], [15.8299255, -4.3792748, 0.0]]]}}, {"type": "Feature", "properties": {"id": 1039}, "geometry": {"type": "Polygon", "coordinates": [[[15.8573914, -4.3779055, 0.0], [15.8573914, -4.3792748, 0.0], [15.8587646, -4.3792748, 0.0], [15.8587646, -4.3779055, 0.0], [15.8573914, -4.3779055, 0.0]]]}}, {"type": "Feature", "properties": {"id": 1040}, "geometry": {"type": "Polygon", "coordinates": [[[15.9864807, -4.3765362, 0.0], [15.9864807, -4.3779055, 0.0], [15.987854, -4.3779055, 0.0], [15.987854, -4.3765362, 0.0], [15.9864807, -4.3765362, 0.0]]]}}, {"type": "Feature", "properties": {"id": 1041}, "geometry": {"type": "Polygon", "coordinates": [[[15.7667542, -4.3765362, 0.0], [15.7667542, -4.3779055, 0.0], [15.7681274, -4.3779055, 0.0], [15.7681274, -4.3765362, 0.0], [15.7667542, -4.3765362, 0.0]]]}}, {"type": "Feature", "properties": {"id": 1042}, "geometry": {"type": "Polygon", "coordinates": [[[15.770874, -4.3779055, 0.0], [15.770874, -4.3792748, 0.0], [15.7722473, -4.3792748, 0.0], [15.7722473, -4.3779055, 0.0], [15.770874, -4.3779055, 0.0]]]}}, {"type": "Feature", "properties": {"id": 1043}, "geometry": {"type": "Polygon", "coordinates": [[[15.9095764, -4.3765362, 0.0], [15.9082031, -4.3765362, 0.0], [15.9082031, -4.3779055, 0.0], [15.9095764, -4.3779055, 0.0], [15.9109497, -4.3779055, 0.0], [15.912323, -4.3779055, 0.0], [15.912323, -4.3765362, 0.0], [15.9109497, -4.3765362, 0.0], [15.9095764, -4.3765362, 0.0]]]}}, {"type": "Feature", "properties": {"id": 1044}, "geometry": {"type": "Polygon", "coordinates": [[[15.90271, -4.3765362, 0.0], [15.90271, -4.3751669, 0.0], [15.9013367, -4.3751669, 0.0], [15.9013367, -4.3765362, 0.0], [15.9013367, -4.3779055, 0.0], [15.90271, -4.3779055, 0.0], [15.90271, -4.3765362, 0.0]]]}}, {"type": "Feature", "properties": {"id": 1045}, "geometry": {"type": "Polygon", "coordinates": [[[15.9040833, -4.3765362, 0.0], [15.9040833, -4.3779055, 0.0], [15.9054565, -4.3779055, 0.0], [15.9054565, -4.3765362, 0.0], [15.9040833, -4.3765362, 0.0]]]}}, {"type": "Feature", "properties": {"id": 1046}, "geometry": {"type": "Polygon", "coordinates": [[[15.9411621, -4.3765362, 0.0], [15.9411621, -4.3779055, 0.0], [15.9425354, -4.3779055, 0.0], [15.9425354, -4.3765362, 0.0], [15.9411621, -4.3765362, 0.0]]]}}, {"type": "Feature", "properties": {"id": 1047}, "geometry": {"type": "Polygon", "coordinates": [[[15.8340454, -4.3765362, 0.0], [15.8340454, -4.3779055, 0.0], [15.8354187, -4.3779055, 0.0], [15.8354187, -4.3765362, 0.0], [15.8340454, -4.3765362, 0.0]]]}}, {"type": "Feature", "properties": {"id": 1048}, "geometry": {"type": "Polygon", "coordinates": [[[15.8670044, -4.3765362, 0.0], [15.8670044, -4.3751669, 0.0], [15.8656311, -4.3751669, 0.0], [15.8656311, -4.3765362, 0.0], [15.8656311, -4.3779055, 0.0], [15.8670044, -4.3779055, 0.0], [15.8670044, -4.3765362, 0.0]]]}}, {"type": "Feature", "properties": {"id": 1049}, "geometry": {"type": "Polygon", "coordinates": [[[15.8079529, -4.3765362, 0.0], [15.8079529, -4.3779055, 0.0], [15.8093262, -4.3779055, 0.0], [15.8093262, -4.3765362, 0.0], [15.8079529, -4.3765362, 0.0]]]}}, {"type": "Feature", "properties": {"id": 1050}, "geometry": {"type": "Polygon", "coordinates": [[[15.7901001, -4.3765362, 0.0], [15.7901001, -4.3779055, 0.0], [15.7914734, -4.3779055, 0.0], [15.7914734, -4.3765362, 0.0], [15.7901001, -4.3765362, 0.0]]]}}, {"type": "Feature", "properties": {"id": 1051}, "geometry": {"type": "Polygon", "coordinates": [[[15.7598877, -4.3751669, 0.0], [15.7598877, -4.3737976, 0.0], [15.7585144, -4.3737976, 0.0], [15.7571411, -4.3737976, 0.0], [15.7571411, -4.3751669, 0.0], [15.7571411, -4.3765362, 0.0], [15.7585144, -4.3765362, 0.0], [15.7598877, -4.3765362, 0.0], [15.7598877, -4.3751669, 0.0]]]}}, {"type": "Feature", "properties": {"id": 1052}, "geometry": {"type": "Polygon", "coordinates": [[[15.7695007, -4.3751669, 0.0], [15.7695007, -4.3737976, 0.0], [15.7681274, -4.3737976, 0.0], [15.7681274, -4.3751669, 0.0], [15.7681274, -4.3765362, 0.0], [15.7695007, -4.3765362, 0.0], [15.7695007, -4.3751669, 0.0]]]}}, {"type": "Feature", "properties": {"id": 1053}, "geometry": {"type": "Polygon", "coordinates": [[[15.9356689, -4.3751669, 0.0], [15.9356689, -4.3765362, 0.0], [15.9370422, -4.3765362, 0.0], [15.9370422, -4.3751669, 0.0], [15.9356689, -4.3751669, 0.0]]]}}, {"type": "Feature", "properties": {"id": 1054}, "geometry": {"type": "Polygon", "coordinates": [[[15.9823608, -4.3737976, 0.0], [15.9823608, -4.3751669, 0.0], [15.9837341, -4.3751669, 0.0], [15.9837341, -4.3737976, 0.0], [15.9823608, -4.3737976, 0.0]]]}}, {"type": "Feature", "properties": {"id": 1055}, "geometry": {"type": "Polygon", "coordinates": [[[15.9411621, -4.3737976, 0.0], [15.9411621, -4.3751669, 0.0], [15.9425354, -4.3751669, 0.0], [15.9425354, -4.3737976, 0.0], [15.9411621, -4.3737976, 0.0]]]}}, {"type": "Feature", "properties": {"id": 1056}, "geometry": {"type": "Polygon", "coordinates": [[[15.8560181, -4.3737976, 0.0], [15.8560181, -4.3751669, 0.0], [15.8573914, -4.3751669, 0.0], [15.8573914, -4.3737976, 0.0], [15.8560181, -4.3737976, 0.0]]]}}, {"type": "Feature", "properties": {"id": 1057}, "geometry": {"type": "Polygon", "coordinates": [[[15.9136963, -4.3737976, 0.0], [15.9136963, -4.3751669, 0.0], [15.9150696, -4.3751669, 0.0], [15.9150696, -4.3737976, 0.0], [15.9136963, -4.3737976, 0.0]]]}}, {"type": "Feature", "properties": {"id": 1058}, "geometry": {"type": "Polygon", "coordinates": [[[15.7928467, -4.3737976, 0.0], [15.7928467, -4.3751669, 0.0], [15.79422, -4.3751669, 0.0], [15.79422, -4.3737976, 0.0], [15.7928467, -4.3737976, 0.0]]]}}, {"type": "Feature", "properties": {"id": 1059}, "geometry": {"type": "Polygon", "coordinates": [[[15.7901001, -4.3737976, 0.0], [15.7901001, -4.3751669, 0.0], [15.7914734, -4.3751669, 0.0], [15.7914734, -4.3737976, 0.0], [15.7901001, -4.3737976, 0.0]]]}}, {"type": "Feature", "properties": {"id": 1060}, "geometry": {"type": "Polygon", "coordinates": [[[15.8079529, -4.3737976, 0.0], [15.8079529, -4.3751669, 0.0], [15.8093262, -4.3751669, 0.0], [15.8093262, -4.3737976, 0.0], [15.8079529, -4.3737976, 0.0]]]}}, {"type": "Feature", "properties": {"id": 1061}, "geometry": {"type": "Polygon", "coordinates": [[[15.8670044, -4.3724283, 0.0], [15.8670044, -4.3737976, 0.0], [15.8683777, -4.3737976, 0.0], [15.869751, -4.3737976, 0.0], [15.8711243, -4.3737976, 0.0], [15.8711243, -4.3724283, 0.0], [15.869751, -4.3724283, 0.0], [15.8683777, -4.3724283, 0.0], [15.8670044, -4.3724283, 0.0]]]}}, {"type": "Feature", "properties": {"id": 1062}, "geometry": {"type": "Polygon", "coordinates": [[[15.8299255, -4.3724283, 0.0], [15.8312988, -4.3724283, 0.0], [15.8326721, -4.3724283, 0.0], [15.8326721, -4.371059, 0.0], [15.8326721, -4.3696897, 0.0], [15.8326721, -4.3683204, 0.0], [15.8312988, -4.3683204, 0.0], [15.8299255, -4.3683204, 0.0], [15.8299255, -4.3696897, 0.0], [15.8312988, -4.3696897, 0.0], [15.8312988, -4.371059, 0.0], [15.8299255, -4.371059, 0.0], [15.8285522, -4.371059, 0.0], [15.827179, -4.371059, 0.0], [15.827179, -4.3724283, 0.0], [15.827179, -4.3737976, 0.0], [15.8285522, -4.3737976, 0.0], [15.8299255, -4.3737976, 0.0], [15.8299255, -4.3724283, 0.0]]]}}, {"type": "Feature", "properties": {"id": 1063}, "geometry": {"type": "Polygon", "coordinates": [[[15.8834839, -4.3724283, 0.0], [15.8834839, -4.3737976, 0.0], [15.8848572, -4.3737976, 0.0], [15.8848572, -4.3724283, 0.0], [15.8834839, -4.3724283, 0.0]]]}}, {"type": "Feature", "properties": {"id": 1064}, "geometry": {"type": "Polygon", "coordinates": [[[15.79422, -4.3724283, 0.0], [15.79422, -4.3737976, 0.0], [15.7955933, -4.3737976, 0.0], [15.7969666, -4.3737976, 0.0], [15.7969666, -4.3724283, 0.0], [15.7955933, -4.3724283, 0.0], [15.79422, -4.3724283, 0.0]]]}}, {"type": "Feature", "properties": {"id": 1065}, "geometry": {"type": "Polygon", "coordinates": [[[15.7571411, -4.3724283, 0.0], [15.7571411, -4.371059, 0.0], [15.7571411, -4.3696897, 0.0], [15.7557678, -4.3696897, 0.0], [15.7557678, -4.3683204, 0.0], [15.7571411, -4.3683204, 0.0], [15.7571411, -4.3669511, 0.0], [15.7585144, -4.3669511, 0.0], [15.7585144, -4.3655818, 0.0], [15.7598877, -4.3655818, 0.0], [15.7598877, -4.3642125, 0.0], [15.7598877, -4.3628432, 0.0], [15.7598877, -4.3614739, 0.0], [15.7585144, -4.3614739, 0.0], [15.7585144, -4.3628432, 0.0], [15.7585144, -4.3642125, 0.0], [15.7571411, -4.3642125, 0.0], [15.7571411, -4.3655818, 0.0], [15.7557678, -4.3655818, 0.0], [15.7557678, -4.3642125, 0.0], [15.7557678, -4.3628432, 0.0], [15.7543945, -4.3628432, 0.0], [15.7543945, -4.3642125, 0.0], [15.7543945, -4.3655818, 0.0], [15.7543945, -4.3669511, 0.0], [15.7543945, -4.3683204, 0.0], [15.7543945, -4.3696897, 0.0], [15.7543945, -4.371059, 0.0], [15.7543945, -4.3724283, 0.0], [15.7557678, -4.3724283, 0.0], [15.7557678, -4.3737976, 0.0], [15.7571411, -4.3737976, 0.0], [15.7571411, -4.3724283, 0.0]]]}}, {"type": "Feature", "properties": {"id": 1066}, "geometry": {"type": "Polygon", "coordinates": [[[15.8175659, -4.371059, 0.0], [15.8175659, -4.3724283, 0.0], [15.8189392, -4.3724283, 0.0], [15.8203125, -4.3724283, 0.0], [15.8216858, -4.3724283, 0.0], [15.8216858, -4.371059, 0.0], [15.8203125, -4.371059, 0.0], [15.8189392, -4.371059, 0.0], [15.8175659, -4.371059, 0.0]]]}}, {"type": "Feature", "properties": {"id": 1067}, "geometry": {"type": "Polygon", "coordinates": [[[15.8340454, -4.371059, 0.0], [15.8340454, -4.3724283, 0.0], [15.8354187, -4.3724283, 0.0], [15.8354187, -4.371059, 0.0], [15.8340454, -4.371059, 0.0]]]}}, {"type": "Feature", "properties": {"id": 1068}, "geometry": {"type": "Polygon", "coordinates": [[[15.921936, -4.371059, 0.0], [15.921936, -4.3724283, 0.0], [15.9233093, -4.3724283, 0.0], [15.9233093, -4.371059, 0.0], [15.921936, -4.371059, 0.0]]]}}, {"type": "Feature", "properties": {"id": 1069}, "geometry": {"type": "Polygon", "coordinates": [[[15.9150696, -4.371059, 0.0], [15.9150696, -4.3724283, 0.0], [15.9164429, -4.3724283, 0.0], [15.9164429, -4.371059, 0.0], [15.9150696, -4.371059, 0.0]]]}}, {"type": "Feature", "properties": {"id": 1070}, "geometry": {"type": "Polygon", "coordinates": [[[15.9260559, -4.371059, 0.0], [15.9260559, -4.3724283, 0.0], [15.9274292, -4.3724283, 0.0], [15.9274292, -4.371059, 0.0], [15.9260559, -4.371059, 0.0]]]}}, {"type": "Feature", "properties": {"id": 1071}, "geometry": {"type": "Polygon", "coordinates": [[[15.7598877, -4.371059, 0.0], [15.7598877, -4.3724283, 0.0], [15.761261, -4.3724283, 0.0], [15.761261, -4.371059, 0.0], [15.7598877, -4.371059, 0.0]]]}}, {"type": "Feature", "properties": {"id": 1072}, "geometry": {"type": "Polygon", "coordinates": [[[15.7928467, -4.3696897, 0.0], [15.7928467, -4.371059, 0.0], [15.79422, -4.371059, 0.0], [15.79422, -4.3696897, 0.0], [15.7928467, -4.3696897, 0.0]]]}}, {"type": "Feature", "properties": {"id": 1073}, "geometry": {"type": "Polygon", "coordinates": [[[15.8354187, -4.3696897, 0.0], [15.8354187, -4.371059, 0.0], [15.836792, -4.371059, 0.0], [15.836792, -4.3696897, 0.0], [15.8354187, -4.3696897, 0.0]]]}}, {"type": "Feature", "properties": {"id": 1074}, "geometry": {"type": "Polygon", "coordinates": [[[15.8670044, -4.3696897, 0.0], [15.8670044, -4.371059, 0.0], [15.8683777, -4.371059, 0.0], [15.8683777, -4.3696897, 0.0], [15.8670044, -4.3696897, 0.0]]]}}, {"type": "Feature", "properties": {"id": 1075}, "geometry": {"type": "Polygon", "coordinates": [[[15.8711243, -4.3696897, 0.0], [15.8711243, -4.371059, 0.0], [15.8724976, -4.371059, 0.0], [15.8738708, -4.371059, 0.0], [15.8738708, -4.3696897, 0.0], [15.8724976, -4.3696897, 0.0], [15.8711243, -4.3696897, 0.0]]]}}, {"type": "Feature", "properties": {"id": 1076}, "geometry": {"type": "Polygon", "coordinates": [[[15.9617615, -4.3669511, 0.0], [15.9617615, -4.3655818, 0.0], [15.9617615, -4.3642125, 0.0], [15.9603882, -4.3642125, 0.0], [15.9603882, -4.3655818, 0.0], [15.9590149, -4.3655818, 0.0], [15.9590149, -4.3669511, 0.0], [15.9603882, -4.3669511, 0.0], [15.9603882, -4.3683204, 0.0], [15.9617615, -4.3683204, 0.0], [15.9631348, -4.3683204, 0.0], [15.9631348, -4.3669511, 0.0], [15.9617615, -4.3669511, 0.0]]]}}, {"type": "Feature", "properties": {"id": 1077}, "geometry": {"type": "Polygon", "coordinates": [[[15.8052063, -4.3683204, 0.0], [15.8052063, -4.3696897, 0.0], [15.8065796, -4.3696897, 0.0], [15.8065796, -4.3683204, 0.0], [15.8052063, -4.3683204, 0.0]]]}}, {"type": "Feature", "properties": {"id": 1078}, "geometry": {"type": "Polygon", "coordinates": [[[15.9246826, -4.3669511, 0.0], [15.9246826, -4.3683204, 0.0], [15.9260559, -4.3683204, 0.0], [15.9260559, -4.3669511, 0.0], [15.9246826, -4.3669511, 0.0]]]}}, {"type": "Feature", "properties": {"id": 1079}, "geometry": {"type": "Polygon", "coordinates": [[[15.8972168, -4.3669511, 0.0], [15.8972168, -4.3683204, 0.0], [15.8985901, -4.3683204, 0.0], [15.8985901, -4.3669511, 0.0], [15.8972168, -4.3669511, 0.0]]]}}, {"type": "Feature", "properties": {"id": 1080}, "geometry": {"type": "Polygon", "coordinates": [[[15.8326721, -4.3669511, 0.0], [15.8326721, -4.3683204, 0.0], [15.8340454, -4.3683204, 0.0], [15.8340454, -4.3669511, 0.0], [15.8326721, -4.3669511, 0.0]]]}}, {"type": "Feature", "properties": {"id": 1081}, "geometry": {"type": "Polygon", "coordinates": [[[15.8766174, -4.3669511, 0.0], [15.8766174, -4.3683204, 0.0], [15.8779907, -4.3683204, 0.0], [15.8779907, -4.3669511, 0.0], [15.8766174, -4.3669511, 0.0]]]}}, {"type": "Feature", "properties": {"id": 1082}, "geometry": {"type": "Polygon", "coordinates": [[[15.8354187, -4.3669511, 0.0], [15.8354187, -4.3683204, 0.0], [15.836792, -4.3683204, 0.0], [15.836792, -4.3669511, 0.0], [15.8354187, -4.3669511, 0.0]]]}}, {"type": "Feature", "properties": {"id": 1083}, "geometry": {"type": "Polygon", "coordinates": [[[15.8161926, -4.3669511, 0.0], [15.8161926, -4.3683204, 0.0], [15.8175659, -4.3683204, 0.0], [15.8175659, -4.3669511, 0.0], [15.8161926, -4.3669511, 0.0]]]}}, {"type": "Feature", "properties": {"id": 1084}, "geometry": {"type": "Polygon", "coordinates": [[[15.8930969, -4.3669511, 0.0], [15.8930969, -4.3683204, 0.0], [15.8944702, -4.3683204, 0.0], [15.8944702, -4.3669511, 0.0], [15.8930969, -4.3669511, 0.0]]]}}, {"type": "Feature", "properties": {"id": 1085}, "geometry": {"type": "Polygon", "coordinates": [[[15.8065796, -4.3669511, 0.0], [15.8065796, -4.3683204, 0.0], [15.8079529, -4.3683204, 0.0], [15.8079529, -4.3669511, 0.0], [15.8065796, -4.3669511, 0.0]]]}}, {"type": "Feature", "properties": {"id": 1086}, "geometry": {"type": "Polygon", "coordinates": [[[15.8093262, -4.3655818, 0.0], [15.8093262, -4.3669511, 0.0], [15.8106995, -4.3669511, 0.0], [15.8106995, -4.3655818, 0.0], [15.8093262, -4.3655818, 0.0]]]}}, {"type": "Feature", "properties": {"id": 1087}, "geometry": {"type": "Polygon", "coordinates": [[[15.9013367, -4.3655818, 0.0], [15.9013367, -4.3669511, 0.0], [15.90271, -4.3669511, 0.0], [15.90271, -4.3655818, 0.0], [15.9013367, -4.3655818, 0.0]]]}}, {"type": "Feature", "properties": {"id": 1088}, "geometry": {"type": "Polygon", "coordinates": [[[15.8052063, -4.3655818, 0.0], [15.8052063, -4.3669511, 0.0], [15.8065796, -4.3669511, 0.0], [15.8065796, -4.3655818, 0.0], [15.8052063, -4.3655818, 0.0]]]}}, {"type": "Feature", "properties": {"id": 1089}, "geometry": {"type": "Polygon", "coordinates": [[[15.8120728, -4.3655818, 0.0], [15.8120728, -4.3669511, 0.0], [15.813446, -4.3669511, 0.0], [15.813446, -4.3655818, 0.0], [15.8120728, -4.3655818, 0.0]]]}}, {"type": "Feature", "properties": {"id": 1090}, "geometry": {"type": "Polygon", "coordinates": [[[15.9082031, -4.3642125, 0.0], [15.9082031, -4.3628432, 0.0], [15.9068298, -4.3628432, 0.0], [15.9068298, -4.3642125, 0.0], [15.9068298, -4.3655818, 0.0], [15.9082031, -4.3655818, 0.0], [15.9082031, -4.3642125, 0.0]]]}}, {"type": "Feature", "properties": {"id": 1091}, "geometry": {"type": "Polygon", "coordinates": [[[15.8189392, -4.3655818, 0.0], [15.8189392, -4.3669511, 0.0], [15.8203125, -4.3669511, 0.0], [15.8203125, -4.3655818, 0.0], [15.8189392, -4.3655818, 0.0]]]}}, {"type": "Feature", "properties": {"id": 1092}, "geometry": {"type": "Polygon", "coordinates": [[[15.8312988, -4.3655818, 0.0], [15.8312988, -4.3669511, 0.0], [15.8326721, -4.3669511, 0.0], [15.8326721, -4.3655818, 0.0], [15.8312988, -4.3655818, 0.0]]]}}, {"type": "Feature", "properties": {"id": 1093}, "geometry": {"type": "Polygon", "coordinates": [[[15.879364, -4.3655818, 0.0], [15.879364, -4.3669511, 0.0], [15.8807373, -4.3669511, 0.0], [15.8821106, -4.3669511, 0.0], [15.8821106, -4.3655818, 0.0], [15.8807373, -4.3655818, 0.0], [15.879364, -4.3655818, 0.0]]]}}, {"type": "Feature", "properties": {"id": 1094}, "geometry": {"type": "Polygon", "coordinates": [[[15.90271, -4.3628432, 0.0], [15.90271, -4.3642125, 0.0], [15.9040833, -4.3642125, 0.0], [15.9040833, -4.3628432, 0.0], [15.90271, -4.3628432, 0.0]]]}}, {"type": "Feature", "properties": {"id": 1095}, "geometry": {"type": "Polygon", "coordinates": [[[15.7131958, -4.3628432, 0.0], [15.7145691, -4.3628432, 0.0], [15.7159424, -4.3628432, 0.0], [15.7159424, -4.3614739, 0.0], [15.7173157, -4.3614739, 0.0], [15.7173157, -4.3601046, 0.0], [15.7159424, -4.3601046, 0.0], [15.7145691, -4.3601046, 0.0], [15.7145691, -4.3614739, 0.0], [15.7131958, -4.3614739, 0.0], [15.7118225, -4.3614739, 0.0], [15.7118225, -4.3628432, 0.0], [15.7104492, -4.3628432, 0.0], [15.7104492, -4.3642125, 0.0], [15.7118225, -4.3642125, 0.0], [15.7131958, -4.3642125, 0.0], [15.7131958, -4.3628432, 0.0]]]}}, {"type": "Feature", "properties": {"id": 1096}, "geometry": {"type": "Polygon", "coordinates": [[[15.7337952, -4.3628432, 0.0], [15.7337952, -4.3642125, 0.0], [15.7351685, -4.3642125, 0.0], [15.7351685, -4.3628432, 0.0], [15.7337952, -4.3628432, 0.0]]]}}, {"type": "Feature", "properties": {"id": 1097}, "geometry": {"type": "Polygon", "coordinates": [[[15.803833, -4.3628432, 0.0], [15.803833, -4.3614739, 0.0], [15.8024597, -4.3614739, 0.0], [15.8024597, -4.3628432, 0.0], [15.8024597, -4.3642125, 0.0], [15.803833, -4.3642125, 0.0], [15.803833, -4.3628432, 0.0]]]}}, {"type": "Feature", "properties": {"id": 1098}, "geometry": {"type": "Polygon", "coordinates": [[[15.8821106, -4.3628432, 0.0], [15.8821106, -4.3642125, 0.0], [15.8834839, -4.3642125, 0.0], [15.8834839, -4.3628432, 0.0], [15.8821106, -4.3628432, 0.0]]]}}, {"type": "Feature", "properties": {"id": 1099}, "geometry": {"type": "Polygon", "coordinates": [[[15.8148193, -4.3628432, 0.0], [15.8148193, -4.3614739, 0.0], [15.813446, -4.3614739, 0.0], [15.813446, -4.3601046, 0.0], [15.8120728, -4.3601046, 0.0], [15.8120728, -4.3614739, 0.0], [15.8106995, -4.3614739, 0.0], [15.8106995, -4.3628432, 0.0], [15.8093262, -4.3628432, 0.0], [15.8079529, -4.3628432, 0.0], [15.8079529, -4.3642125, 0.0], [15.8093262, -4.3642125, 0.0], [15.8106995, -4.3642125, 0.0], [15.8120728, -4.3642125, 0.0], [15.8120728, -4.3628432, 0.0], [15.813446, -4.3628432, 0.0], [15.813446, -4.3642125, 0.0], [15.8148193, -4.3642125, 0.0], [15.8161926, -4.3642125, 0.0], [15.8175659, -4.3642125, 0.0], [15.8175659, -4.3628432, 0.0], [15.8161926, -4.3628432, 0.0], [15.8148193, -4.3628432, 0.0]]]}}, {"type": "Feature", "properties": {"id": 1100}, "geometry": {"type": "Polygon", "coordinates": [[[15.987854, -4.3628432, 0.0], [15.9864807, -4.3628432, 0.0], [15.9864807, -4.3642125, 0.0], [15.987854, -4.3642125, 0.0], [15.9892273, -4.3642125, 0.0], [15.9892273, -4.3628432, 0.0], [15.987854, -4.3628432, 0.0]]]}}, {"type": "Feature", "properties": {"id": 1101}, "geometry": {"type": "Polygon", "coordinates": [[[15.8738708, -4.3614739, 0.0], [15.8738708, -4.3628432, 0.0], [15.8752441, -4.3628432, 0.0], [15.8752441, -4.3614739, 0.0], [15.8738708, -4.3614739, 0.0]]]}}, {"type": "Feature", "properties": {"id": 1102}, "geometry": {"type": "Polygon", "coordinates": [[[15.9727478, -4.3614739, 0.0], [15.9727478, -4.3628432, 0.0], [15.9741211, -4.3628432, 0.0], [15.9741211, -4.3614739, 0.0], [15.9727478, -4.3614739, 0.0]]]}}, {"type": "Feature", "properties": {"id": 1103}, "geometry": {"type": "Polygon", "coordinates": [[[15.9645081, -4.3614739, 0.0], [15.9631348, -4.3614739, 0.0], [15.9631348, -4.3628432, 0.0], [15.9645081, -4.3628432, 0.0], [15.9658813, -4.3628432, 0.0], [15.9658813, -4.3614739, 0.0], [15.9645081, -4.3614739, 0.0]]]}}, {"type": "Feature", "properties": {"id": 1104}, "geometry": {"type": "Polygon", "coordinates": [[[15.9260559, -4.3614739, 0.0], [15.9260559, -4.3628432, 0.0], [15.9274292, -4.3628432, 0.0], [15.9274292, -4.3614739, 0.0], [15.9260559, -4.3614739, 0.0]]]}}, {"type": "Feature", "properties": {"id": 1105}, "geometry": {"type": "Polygon", "coordinates": [[[15.8010864, -4.3614739, 0.0], [15.8010864, -4.3601046, 0.0], [15.7997131, -4.3601046, 0.0], [15.7997131, -4.3614739, 0.0], [15.7997131, -4.3628432, 0.0], [15.8010864, -4.3628432, 0.0], [15.8010864, -4.3614739, 0.0]]]}}, {"type": "Feature", "properties": {"id": 1106}, "geometry": {"type": "Polygon", "coordinates": [[[15.8711243, -4.3614739, 0.0], [15.8711243, -4.3628432, 0.0], [15.8724976, -4.3628432, 0.0], [15.8724976, -4.3614739, 0.0], [15.8711243, -4.3614739, 0.0]]]}}, {"type": "Feature", "properties": {"id": 1107}, "geometry": {"type": "Polygon", "coordinates": [[[15.8299255, -4.3614739, 0.0], [15.8299255, -4.3628432, 0.0], [15.8312988, -4.3628432, 0.0], [15.8312988, -4.3614739, 0.0], [15.8299255, -4.3614739, 0.0]]]}}, {"type": "Feature", "properties": {"id": 1108}, "geometry": {"type": "Polygon", "coordinates": [[[15.9837341, -4.3601046, 0.0], [15.9837341, -4.3614739, 0.0], [15.9851074, -4.3614739, 0.0], [15.9851074, -4.3601046, 0.0], [15.9837341, -4.3601046, 0.0]]]}}, {"type": "Feature", "properties": {"id": 1109}, "geometry": {"type": "Polygon", "coordinates": [[[15.9768677, -4.3601046, 0.0], [15.9768677, -4.3614739, 0.0], [15.978241, -4.3614739, 0.0], [15.978241, -4.3601046, 0.0], [15.9768677, -4.3601046, 0.0]]]}}, {"type": "Feature", "properties": {"id": 1110}, "geometry": {"type": "Polygon", "coordinates": [[[15.8656311, -4.3601046, 0.0], [15.8656311, -4.3614739, 0.0], [15.8670044, -4.3614739, 0.0], [15.8670044, -4.3601046, 0.0], [15.8656311, -4.3601046, 0.0]]]}}, {"type": "Feature", "properties": {"id": 1111}, "geometry": {"type": "Polygon", "coordinates": [[[15.827179, -4.3601046, 0.0], [15.827179, -4.3587352, 0.0], [15.8258057, -4.3587352, 0.0], [15.8244324, -4.3587352, 0.0], [15.8244324, -4.3601046, 0.0], [15.8258057, -4.3601046, 0.0], [15.8258057, -4.3614739, 0.0], [15.827179, -4.3614739, 0.0], [15.8285522, -4.3614739, 0.0], [15.8285522, -4.3601046, 0.0], [15.827179, -4.3601046, 0.0]]]}}, {"type": "Feature", "properties": {"id": 1112}, "geometry": {"type": "Polygon", "coordinates": [[[15.803833, -4.3587352, 0.0], [15.803833, -4.3573659, 0.0], [15.8052063, -4.3573659, 0.0], [15.8052063, -4.3559966, 0.0], [15.803833, -4.3559966, 0.0], [15.8024597, -4.3559966, 0.0], [15.8010864, -4.3559966, 0.0], [15.8010864, -4.3573659, 0.0], [15.8024597, -4.3573659, 0.0], [15.8024597, -4.3587352, 0.0], [15.8024597, -4.3601046, 0.0], [15.803833, -4.3601046, 0.0], [15.803833, -4.3587352, 0.0]]]}}, {"type": "Feature", "properties": {"id": 1113}, "geometry": {"type": "Polygon", "coordinates": [[[15.8395386, -4.3587352, 0.0], [15.8395386, -4.3601046, 0.0], [15.8409119, -4.3601046, 0.0], [15.8409119, -4.3587352, 0.0], [15.8395386, -4.3587352, 0.0]]]}}, {"type": "Feature", "properties": {"id": 1114}, "geometry": {"type": "Polygon", "coordinates": [[[15.8052063, -4.3587352, 0.0], [15.8052063, -4.3601046, 0.0], [15.8065796, -4.3601046, 0.0], [15.8065796, -4.3587352, 0.0], [15.8052063, -4.3587352, 0.0]]]}}, {"type": "Feature", "properties": {"id": 1115}, "geometry": {"type": "Polygon", "coordinates": [[[15.8203125, -4.3587352, 0.0], [15.8203125, -4.3601046, 0.0], [15.8216858, -4.3601046, 0.0], [15.8216858, -4.3587352, 0.0], [15.8203125, -4.3587352, 0.0]]]}}, {"type": "Feature", "properties": {"id": 1116}, "geometry": {"type": "Polygon", "coordinates": [[[15.8285522, -4.3587352, 0.0], [15.8285522, -4.3601046, 0.0], [15.8299255, -4.3601046, 0.0], [15.8299255, -4.3587352, 0.0], [15.8285522, -4.3587352, 0.0]]]}}, {"type": "Feature", "properties": {"id": 1117}, "geometry": {"type": "Polygon", "coordinates": [[[15.7571411, -4.3587352, 0.0], [15.7571411, -4.3601046, 0.0], [15.7585144, -4.3601046, 0.0], [15.7585144, -4.3587352, 0.0], [15.7571411, -4.3587352, 0.0]]]}}, {"type": "Feature", "properties": {"id": 1118}, "geometry": {"type": "Polygon", "coordinates": [[[15.9246826, -4.3587352, 0.0], [15.9246826, -4.3601046, 0.0], [15.9260559, -4.3601046, 0.0], [15.9260559, -4.3587352, 0.0], [15.9246826, -4.3587352, 0.0]]]}}, {"type": "Feature", "properties": {"id": 1119}, "geometry": {"type": "Polygon", "coordinates": [[[15.9686279, -4.3587352, 0.0], [15.9686279, -4.3601046, 0.0], [15.9700012, -4.3601046, 0.0], [15.9700012, -4.3587352, 0.0], [15.9686279, -4.3587352, 0.0]]]}}, {"type": "Feature", "properties": {"id": 1120}, "geometry": {"type": "Polygon", "coordinates": [[[15.9191895, -4.3587352, 0.0], [15.9191895, -4.3601046, 0.0], [15.9205627, -4.3601046, 0.0], [15.9205627, -4.3587352, 0.0], [15.9191895, -4.3587352, 0.0]]]}}, {"type": "Feature", "properties": {"id": 1121}, "geometry": {"type": "Polygon", "coordinates": [[[15.9082031, -4.3587352, 0.0], [15.9082031, -4.3573659, 0.0], [15.9068298, -4.3573659, 0.0], [15.9054565, -4.3573659, 0.0], [15.9040833, -4.3573659, 0.0], [15.9040833, -4.3587352, 0.0], [15.9054565, -4.3587352, 0.0], [15.9068298, -4.3587352, 0.0], [15.9068298, -4.3601046, 0.0], [15.9082031, -4.3601046, 0.0], [15.9082031, -4.3587352, 0.0]]]}}, {"type": "Feature", "properties": {"id": 1122}, "geometry": {"type": "Polygon", "coordinates": [[[15.9095764, -4.3587352, 0.0], [15.9095764, -4.3601046, 0.0], [15.9109497, -4.3601046, 0.0], [15.9109497, -4.3587352, 0.0], [15.9095764, -4.3587352, 0.0]]]}}, {"type": "Feature", "properties": {"id": 1123}, "geometry": {"type": "Polygon", "coordinates": [[[15.9233093, -4.3573659, 0.0], [15.9233093, -4.3587352, 0.0], [15.9246826, -4.3587352, 0.0], [15.9246826, -4.3573659, 0.0], [15.9233093, -4.3573659, 0.0]]]}}, {"type": "Feature", "properties": {"id": 1124}, "geometry": {"type": "Polygon", "coordinates": [[[15.7640076, -4.3573659, 0.0], [15.7640076, -4.3559966, 0.0], [15.7626343, -4.3559966, 0.0], [15.761261, -4.3559966, 0.0], [15.761261, -4.3573659, 0.0], [15.7626343, -4.3573659, 0.0], [15.7626343, -4.3587352, 0.0], [15.7640076, -4.3587352, 0.0], [15.7653809, -4.3587352, 0.0], [15.7653809, -4.3573659, 0.0], [15.7640076, -4.3573659, 0.0]]]}}, {"type": "Feature", "properties": {"id": 1125}, "geometry": {"type": "Polygon", "coordinates": [[[15.7681274, -4.3573659, 0.0], [15.7695007, -4.3573659, 0.0], [15.7695007, -4.3559966, 0.0], [15.7695007, -4.3546273, 0.0], [15.7681274, -4.3546273, 0.0], [15.7681274, -4.3559966, 0.0], [15.7667542, -4.3559966, 0.0], [15.7667542, -4.3573659, 0.0], [15.7667542, -4.3587352, 0.0], [15.7681274, -4.3587352, 0.0], [15.7681274, -4.3573659, 0.0]]]}}, {"type": "Feature", "properties": {"id": 1126}, "geometry": {"type": "Polygon", "coordinates": [[[15.7846069, -4.3573659, 0.0], [15.7846069, -4.3587352, 0.0], [15.7859802, -4.3587352, 0.0], [15.7859802, -4.3573659, 0.0], [15.7846069, -4.3573659, 0.0]]]}}, {"type": "Feature", "properties": {"id": 1127}, "geometry": {"type": "Polygon", "coordinates": [[[15.7873535, -4.3573659, 0.0], [15.7873535, -4.3587352, 0.0], [15.7887268, -4.3587352, 0.0], [15.7887268, -4.3573659, 0.0], [15.7873535, -4.3573659, 0.0]]]}}, {"type": "Feature", "properties": {"id": 1128}, "geometry": {"type": "Polygon", "coordinates": [[[15.9700012, -4.3559966, 0.0], [15.9700012, -4.3573659, 0.0], [15.9713745, -4.3573659, 0.0], [15.9713745, -4.3559966, 0.0], [15.9700012, -4.3559966, 0.0]]]}}, {"type": "Feature", "properties": {"id": 1129}, "geometry": {"type": "Polygon", "coordinates": [[[15.7145691, -4.3559966, 0.0], [15.7145691, -4.3573659, 0.0], [15.7159424, -4.3573659, 0.0], [15.7159424, -4.3559966, 0.0], [15.7145691, -4.3559966, 0.0]]]}}, {"type": "Feature", "properties": {"id": 1130}, "geometry": {"type": "Polygon", "coordinates": [[[15.7447815, -4.3573659, 0.0], [15.7461548, -4.3573659, 0.0], [15.7461548, -4.3559966, 0.0], [15.7461548, -4.3546273, 0.0], [15.7461548, -4.353258, 0.0], [15.7447815, -4.353258, 0.0], [15.7447815, -4.3518886, 0.0], [15.7434082, -4.3518886, 0.0], [15.7434082, -4.353258, 0.0], [15.7434082, -4.3546273, 0.0], [15.7434082, -4.3559966, 0.0], [15.7434082, -4.3573659, 0.0], [15.7447815, -4.3573659, 0.0]]]}}, {"type": "Feature", "properties": {"id": 1131}, "geometry": {"type": "Polygon", "coordinates": [[[15.7557678, -4.3573659, 0.0], [15.7557678, -4.3587352, 0.0], [15.7571411, -4.3587352, 0.0], [15.7571411, -4.3573659, 0.0], [15.7557678, -4.3573659, 0.0]]]}}, {"type": "Feature", "properties": {"id": 1132}, "geometry": {"type": "Polygon", "coordinates": [[[15.8065796, -4.3573659, 0.0], [15.8065796, -4.3587352, 0.0], [15.8079529, -4.3587352, 0.0], [15.8079529, -4.3573659, 0.0], [15.8065796, -4.3573659, 0.0]]]}}, {"type": "Feature", "properties": {"id": 1133}, "geometry": {"type": "Polygon", "coordinates": [[[15.8093262, -4.3573659, 0.0], [15.8093262, -4.3587352, 0.0], [15.8106995, -4.3587352, 0.0], [15.8106995, -4.3573659, 0.0], [15.8093262, -4.3573659, 0.0]]]}}, {"type": "Feature", "properties": {"id": 1134}, "geometry": {"type": "Polygon", "coordinates": [[[15.9040833, -4.3559966, 0.0], [15.9040833, -4.3546273, 0.0], [15.90271, -4.3546273, 0.0], [15.90271, -4.3559966, 0.0], [15.90271, -4.3573659, 0.0], [15.9040833, -4.3573659, 0.0], [15.9040833, -4.3559966, 0.0]]]}}, {"type": "Feature", "properties": {"id": 1135}, "geometry": {"type": "Polygon", "coordinates": [[[15.8395386, -4.3559966, 0.0], [15.8395386, -4.3573659, 0.0], [15.8409119, -4.3573659, 0.0], [15.8409119, -4.3559966, 0.0], [15.8395386, -4.3559966, 0.0]]]}}, {"type": "Feature", "properties": {"id": 1136}, "geometry": {"type": "Polygon", "coordinates": [[[15.79422, -4.3559966, 0.0], [15.7928467, -4.3559966, 0.0], [15.7914734, -4.3559966, 0.0], [15.7914734, -4.3573659, 0.0], [15.7928467, -4.3573659, 0.0], [15.79422, -4.3573659, 0.0], [15.7955933, -4.3573659, 0.0], [15.7955933, -4.3559966, 0.0], [15.79422, -4.3559966, 0.0]]]}}, {"type": "Feature", "properties": {"id": 1137}, "geometry": {"type": "Polygon", "coordinates": [[[15.9150696, -4.3546273, 0.0], [15.9150696, -4.3559966, 0.0], [15.9164429, -4.3559966, 0.0], [15.9164429, -4.3546273, 0.0], [15.9150696, -4.3546273, 0.0]]]}}, {"type": "Feature", "properties": {"id": 1138}, "geometry": {"type": "Polygon", "coordinates": [[[15.7791138, -4.3546273, 0.0], [15.7777405, -4.3546273, 0.0], [15.7777405, -4.3559966, 0.0], [15.7791138, -4.3559966, 0.0], [15.7804871, -4.3559966, 0.0], [15.7804871, -4.3546273, 0.0], [15.7791138, -4.3546273, 0.0]]]}}, {"type": "Feature", "properties": {"id": 1139}, "geometry": {"type": "Polygon", "coordinates": [[[15.8285522, -4.3546273, 0.0], [15.8285522, -4.353258, 0.0], [15.827179, -4.353258, 0.0], [15.827179, -4.3546273, 0.0], [15.827179, -4.3559966, 0.0], [15.8285522, -4.3559966, 0.0], [15.8285522, -4.3546273, 0.0]]]}}, {"type": "Feature", "properties": {"id": 1140}, "geometry": {"type": "Polygon", "coordinates": [[[15.7200623, -4.3546273, 0.0], [15.7200623, -4.353258, 0.0], [15.718689, -4.353258, 0.0], [15.718689, -4.3546273, 0.0], [15.718689, -4.3559966, 0.0], [15.7200623, -4.3559966, 0.0], [15.7200623, -4.3546273, 0.0]]]}}, {"type": "Feature", "properties": {"id": 1141}, "geometry": {"type": "Polygon", "coordinates": [[[15.7749939, -4.3546273, 0.0], [15.7749939, -4.3559966, 0.0], [15.7763672, -4.3559966, 0.0], [15.7763672, -4.3546273, 0.0], [15.7749939, -4.3546273, 0.0]]]}}, {"type": "Feature", "properties": {"id": 1142}, "geometry": {"type": "Polygon", "coordinates": [[[15.7859802, -4.3546273, 0.0], [15.7859802, -4.353258, 0.0], [15.7859802, -4.3518886, 0.0], [15.7846069, -4.3518886, 0.0], [15.7832336, -4.3518886, 0.0], [15.7832336, -4.353258, 0.0], [15.7846069, -4.353258, 0.0], [15.7846069, -4.3546273, 0.0], [15.7846069, -4.3559966, 0.0], [15.7859802, -4.3559966, 0.0], [15.7859802, -4.3546273, 0.0]]]}}, {"type": "Feature", "properties": {"id": 1143}, "geometry": {"type": "Polygon", "coordinates": [[[15.9288025, -4.353258, 0.0], [15.9288025, -4.3546273, 0.0], [15.9301758, -4.3546273, 0.0], [15.9301758, -4.353258, 0.0], [15.9288025, -4.353258, 0.0]]]}}, {"type": "Feature", "properties": {"id": 1144}, "geometry": {"type": "Polygon", "coordinates": [[[15.8752441, -4.353258, 0.0], [15.8752441, -4.3546273, 0.0], [15.8766174, -4.3546273, 0.0], [15.8766174, -4.353258, 0.0], [15.8752441, -4.353258, 0.0]]]}}, {"type": "Feature", "properties": {"id": 1145}, "geometry": {"type": "Polygon", "coordinates": [[[15.761261, -4.353258, 0.0], [15.761261, -4.3518886, 0.0], [15.7626343, -4.3518886, 0.0], [15.7626343, -4.3505193, 0.0], [15.7626343, -4.34915, 0.0], [15.761261, -4.34915, 0.0], [15.761261, -4.3505193, 0.0], [15.7598877, -4.3505193, 0.0], [15.7598877, -4.34915, 0.0], [15.7598877, -4.3477806, 0.0], [15.7585144, -4.3477806, 0.0], [15.7585144, -4.3464113, 0.0], [15.7598877, -4.3464113, 0.0], [15.7598877, -4.3450419, 0.0], [15.7585144, -4.3450419, 0.0], [15.7585144, -4.3436726, 0.0], [15.7571411, -4.3436726, 0.0], [15.7571411, -4.3423032, 0.0], [15.7571411, -4.3409339, 0.0], [15.7571411, -4.3395645, 0.0], [15.7571411, -4.3381952, 0.0], [15.7557678, -4.3381952, 0.0], [15.7557678, -4.3368258, 0.0], [15.7557678, -4.3354565, 0.0], [15.7557678, -4.3340871, 0.0], [15.7543945, -4.3340871, 0.0], [15.7530212, -4.3340871, 0.0], [15.7530212, -4.3354565, 0.0], [15.7530212, -4.3368258, 0.0], [15.7543945, -4.3368258, 0.0], [15.7543945, -4.3381952, 0.0], [15.7543945, -4.3395645, 0.0], [15.7543945, -4.3409339, 0.0], [15.7530212, -4.3409339, 0.0], [15.7530212, -4.3395645, 0.0], [15.7516479, -4.3395645, 0.0], [15.7516479, -4.3409339, 0.0], [15.7516479, -4.3423032, 0.0], [15.7516479, -4.3436726, 0.0], [15.7530212, -4.3436726, 0.0], [15.7530212, -4.3450419, 0.0], [15.7516479, -4.3450419, 0.0], [15.7516479, -4.3464113, 0.0], [15.7530212, -4.3464113, 0.0], [15.7543945, -4.3464113, 0.0], [15.7557678, -4.3464113, 0.0], [15.7571411, -4.3464113, 0.0], [15.7571411, -4.3477806, 0.0], [15.7571411, -4.34915, 0.0], [15.7585144, -4.34915, 0.0], [15.7585144, -4.3505193, 0.0], [15.7571411, -4.3505193, 0.0], [15.7571411, -4.3518886, 0.0], [15.7571411, -4.353258, 0.0], [15.7585144, -4.353258, 0.0], [15.7585144, -4.3546273, 0.0], [15.7598877, -4.3546273, 0.0], [15.761261, -4.3546273, 0.0], [15.761261, -4.353258, 0.0]]]}}, {"type": "Feature", "properties": {"id": 1146}, "geometry": {"type": "Polygon", "coordinates": [[[15.8518982, -4.353258, 0.0], [15.8518982, -4.3546273, 0.0], [15.8532715, -4.3546273, 0.0], [15.8532715, -4.353258, 0.0], [15.8518982, -4.353258, 0.0]]]}}, {"type": "Feature", "properties": {"id": 1147}, "geometry": {"type": "Polygon", "coordinates": [[[15.9562683, -4.3518886, 0.0], [15.9562683, -4.353258, 0.0], [15.9576416, -4.353258, 0.0], [15.9576416, -4.3518886, 0.0], [15.9562683, -4.3518886, 0.0]]]}}, {"type": "Feature", "properties": {"id": 1148}, "geometry": {"type": "Polygon", "coordinates": [[[15.8848572, -4.3518886, 0.0], [15.8848572, -4.353258, 0.0], [15.8862305, -4.353258, 0.0], [15.8862305, -4.3518886, 0.0], [15.8848572, -4.3518886, 0.0]]]}}, {"type": "Feature", "properties": {"id": 1149}, "geometry": {"type": "Polygon", "coordinates": [[[15.8724976, -4.3518886, 0.0], [15.8724976, -4.353258, 0.0], [15.8738708, -4.353258, 0.0], [15.8738708, -4.3518886, 0.0], [15.8724976, -4.3518886, 0.0]]]}}, {"type": "Feature", "properties": {"id": 1150}, "geometry": {"type": "Polygon", "coordinates": [[[15.8148193, -4.353258, 0.0], [15.8148193, -4.3546273, 0.0], [15.8161926, -4.3546273, 0.0], [15.8161926, -4.353258, 0.0], [15.8148193, -4.353258, 0.0]]]}}, {"type": "Feature", "properties": {"id": 1151}, "geometry": {"type": "Polygon", "coordinates": [[[15.79422, -4.353258, 0.0], [15.7955933, -4.353258, 0.0], [15.7955933, -4.3518886, 0.0], [15.79422, -4.3518886, 0.0], [15.79422, -4.3505193, 0.0], [15.7928467, -4.3505193, 0.0], [15.7928467, -4.3518886, 0.0], [15.7928467, -4.353258, 0.0], [15.7928467, -4.3546273, 0.0], [15.79422, -4.3546273, 0.0], [15.79422, -4.353258, 0.0]]]}}, {"type": "Feature", "properties": {"id": 1152}, "geometry": {"type": "Polygon", "coordinates": [[[15.8024597, -4.353258, 0.0], [15.8024597, -4.3546273, 0.0], [15.803833, -4.3546273, 0.0], [15.803833, -4.353258, 0.0], [15.8024597, -4.353258, 0.0]]]}}, {"type": "Feature", "properties": {"id": 1153}, "geometry": {"type": "Polygon", "coordinates": [[[15.8972168, -4.3518886, 0.0], [15.8958435, -4.3518886, 0.0], [15.8958435, -4.353258, 0.0], [15.8972168, -4.353258, 0.0], [15.8985901, -4.353258, 0.0], [15.8985901, -4.3518886, 0.0], [15.8972168, -4.3518886, 0.0]]]}}, {"type": "Feature", "properties": {"id": 1154}, "geometry": {"type": "Polygon", "coordinates": [[[15.9068298, -4.3518886, 0.0], [15.9068298, -4.353258, 0.0], [15.9082031, -4.353258, 0.0], [15.9095764, -4.353258, 0.0], [15.9095764, -4.3518886, 0.0], [15.9082031, -4.3518886, 0.0], [15.9068298, -4.3518886, 0.0]]]}}, {"type": "Feature", "properties": {"id": 1155}, "geometry": {"type": "Polygon", "coordinates": [[[15.8326721, -4.3518886, 0.0], [15.8312988, -4.3518886, 0.0], [15.8312988, -4.353258, 0.0], [15.8326721, -4.353258, 0.0], [15.8340454, -4.353258, 0.0], [15.8340454, -4.3518886, 0.0], [15.8326721, -4.3518886, 0.0]]]}}, {"type": "Feature", "properties": {"id": 1156}, "geometry": {"type": "Polygon", "coordinates": [[[15.9233093, -4.3518886, 0.0], [15.9233093, -4.353258, 0.0], [15.9246826, -4.353258, 0.0], [15.9246826, -4.3518886, 0.0], [15.9233093, -4.3518886, 0.0]]]}}, {"type": "Feature", "properties": {"id": 1157}, "geometry": {"type": "Polygon", "coordinates": [[[15.8491516, -4.3518886, 0.0], [15.8491516, -4.353258, 0.0], [15.8505249, -4.353258, 0.0], [15.8505249, -4.3518886, 0.0], [15.8491516, -4.3518886, 0.0]]]}}, {"type": "Feature", "properties": {"id": 1158}, "geometry": {"type": "Polygon", "coordinates": [[[15.7200623, -4.3518886, 0.0], [15.7200623, -4.353258, 0.0], [15.7214355, -4.353258, 0.0], [15.7214355, -4.3518886, 0.0], [15.7200623, -4.3518886, 0.0]]]}}, {"type": "Feature", "properties": {"id": 1159}, "geometry": {"type": "Polygon", "coordinates": [[[15.7901001, -4.3518886, 0.0], [15.7901001, -4.353258, 0.0], [15.7914734, -4.353258, 0.0], [15.7914734, -4.3518886, 0.0], [15.7901001, -4.3518886, 0.0]]]}}, {"type": "Feature", "properties": {"id": 1160}, "geometry": {"type": "Polygon", "coordinates": [[[15.7763672, -4.3518886, 0.0], [15.7763672, -4.353258, 0.0], [15.7777405, -4.353258, 0.0], [15.7777405, -4.3518886, 0.0], [15.7763672, -4.3518886, 0.0]]]}}, {"type": "Feature", "properties": {"id": 1161}, "geometry": {"type": "Polygon", "coordinates": [[[15.7681274, -4.3518886, 0.0], [15.7681274, -4.3505193, 0.0], [15.7667542, -4.3505193, 0.0], [15.7667542, -4.3518886, 0.0], [15.7667542, -4.353258, 0.0], [15.7681274, -4.353258, 0.0], [15.7681274, -4.3518886, 0.0]]]}}, {"type": "Feature", "properties": {"id": 1162}, "geometry": {"type": "Polygon", "coordinates": [[[15.7530212, -4.3518886, 0.0], [15.7530212, -4.3505193, 0.0], [15.7516479, -4.3505193, 0.0], [15.7516479, -4.34915, 0.0], [15.7502747, -4.34915, 0.0], [15.7502747, -4.3505193, 0.0], [15.7502747, -4.3518886, 0.0], [15.7502747, -4.353258, 0.0], [15.7516479, -4.353258, 0.0], [15.7530212, -4.353258, 0.0], [15.7530212, -4.3518886, 0.0]]]}}, {"type": "Feature", "properties": {"id": 1163}, "geometry": {"type": "Polygon", "coordinates": [[[15.8615112, -4.3518886, 0.0], [15.8615112, -4.353258, 0.0], [15.8628845, -4.353258, 0.0], [15.8628845, -4.3518886, 0.0], [15.8615112, -4.3518886, 0.0]]]}}, {"type": "Feature", "properties": {"id": 1164}, "geometry": {"type": "Polygon", "coordinates": [[[15.8477783, -4.3518886, 0.0], [15.8477783, -4.3505193, 0.0], [15.846405, -4.3505193, 0.0], [15.846405, -4.34915, 0.0], [15.846405, -4.3477806, 0.0], [15.8450317, -4.3477806, 0.0], [15.8436584, -4.3477806, 0.0], [15.8436584, -4.34915, 0.0], [15.8450317, -4.34915, 0.0], [15.8450317, -4.3505193, 0.0], [15.8450317, -4.3518886, 0.0], [15.846405, -4.3518886, 0.0], [15.846405, -4.353258, 0.0], [15.8477783, -4.353258, 0.0], [15.8477783, -4.3518886, 0.0]]]}}, {"type": "Feature", "properties": {"id": 1165}, "geometry": {"type": "Polygon", "coordinates": [[[15.8161926, -4.3505193, 0.0], [15.8161926, -4.34915, 0.0], [15.8175659, -4.34915, 0.0], [15.8189392, -4.34915, 0.0], [15.8203125, -4.34915, 0.0], [15.8216858, -4.34915, 0.0], [15.8216858, -4.3477806, 0.0], [15.8203125, -4.3477806, 0.0], [15.8189392, -4.3477806, 0.0], [15.8175659, -4.3477806, 0.0], [15.8161926, -4.3477806, 0.0], [15.8148193, -4.3477806, 0.0], [15.8148193, -4.34915, 0.0], [15.8148193, -4.3505193, 0.0], [15.8148193, -4.3518886, 0.0], [15.8161926, -4.3518886, 0.0], [15.8175659, -4.3518886, 0.0], [15.8175659, -4.3505193, 0.0], [15.8161926, -4.3505193, 0.0]]]}}, {"type": "Feature", "properties": {"id": 1166}, "geometry": {"type": "Polygon", "coordinates": [[[15.869751, -4.3505193, 0.0], [15.869751, -4.3518886, 0.0], [15.8711243, -4.3518886, 0.0], [15.8711243, -4.3505193, 0.0], [15.869751, -4.3505193, 0.0]]]}}, {"type": "Feature", "properties": {"id": 1167}, "geometry": {"type": "Polygon", "coordinates": [[[15.8930969, -4.3505193, 0.0], [15.8930969, -4.3518886, 0.0], [15.8944702, -4.3518886, 0.0], [15.8944702, -4.3505193, 0.0], [15.8930969, -4.3505193, 0.0]]]}}, {"type": "Feature", "properties": {"id": 1168}, "geometry": {"type": "Polygon", "coordinates": [[[15.7461548, -4.3505193, 0.0], [15.7461548, -4.3518886, 0.0], [15.7475281, -4.3518886, 0.0], [15.7475281, -4.3505193, 0.0], [15.7461548, -4.3505193, 0.0]]]}}, {"type": "Feature", "properties": {"id": 1169}, "geometry": {"type": "Polygon", "coordinates": [[[15.8532715, -4.3505193, 0.0], [15.8532715, -4.3518886, 0.0], [15.8546448, -4.3518886, 0.0], [15.8546448, -4.3505193, 0.0], [15.8532715, -4.3505193, 0.0]]]}}, {"type": "Feature", "properties": {"id": 1170}, "geometry": {"type": "Polygon", "coordinates": [[[15.7695007, -4.3505193, 0.0], [15.7695007, -4.3518886, 0.0], [15.770874, -4.3518886, 0.0], [15.7722473, -4.3518886, 0.0], [15.7722473, -4.3505193, 0.0], [15.770874, -4.3505193, 0.0], [15.7695007, -4.3505193, 0.0]]]}}, {"type": "Feature", "properties": {"id": 1171}, "geometry": {"type": "Polygon", "coordinates": [[[15.7351685, -4.34915, 0.0], [15.7337952, -4.34915, 0.0], [15.7337952, -4.3505193, 0.0], [15.7351685, -4.3505193, 0.0], [15.7365417, -4.3505193, 0.0], [15.7365417, -4.34915, 0.0], [15.7351685, -4.34915, 0.0]]]}}, {"type": "Feature", "properties": {"id": 1172}, "geometry": {"type": "Polygon", "coordinates": [[[15.8285522, -4.34915, 0.0], [15.8285522, -4.3505193, 0.0], [15.8299255, -4.3505193, 0.0], [15.8299255, -4.34915, 0.0], [15.8285522, -4.34915, 0.0]]]}}, {"type": "Feature", "properties": {"id": 1173}, "geometry": {"type": "Polygon", "coordinates": [[[15.827179, -4.34915, 0.0], [15.8285522, -4.34915, 0.0], [15.8285522, -4.3477806, 0.0], [15.8285522, -4.3464113, 0.0], [15.827179, -4.3464113, 0.0], [15.8258057, -4.3464113, 0.0], [15.8258057, -4.3450419, 0.0], [15.8244324, -4.3450419, 0.0], [15.8244324, -4.3464113, 0.0], [15.8230591, -4.3464113, 0.0], [15.8230591, -4.3477806, 0.0], [15.8230591, -4.34915, 0.0], [15.8216858, -4.34915, 0.0], [15.8216858, -4.3505193, 0.0], [15.8230591, -4.3505193, 0.0], [15.8244324, -4.3505193, 0.0], [15.8258057, -4.3505193, 0.0], [15.827179, -4.3505193, 0.0], [15.827179, -4.34915, 0.0]]]}}, {"type": "Feature", "properties": {"id": 1174}, "geometry": {"type": "Polygon", "coordinates": [[[15.9068298, -4.34915, 0.0], [15.9068298, -4.3477806, 0.0], [15.9068298, -4.3464113, 0.0], [15.9082031, -4.3464113, 0.0], [15.9095764, -4.3464113, 0.0], [15.9095764, -4.3450419, 0.0], [15.9082031, -4.3450419, 0.0], [15.9082031, -4.3436726, 0.0], [15.9082031, -4.3423032, 0.0], [15.9082031, -4.3409339, 0.0], [15.9082031, -4.3395645, 0.0], [15.9095764, -4.3395645, 0.0], [15.9109497, -4.3395645, 0.0], [15.912323, -4.3395645, 0.0], [15.912323, -4.3381952, 0.0], [15.9136963, -4.3381952, 0.0], [15.9136963, -4.3368258, 0.0], [15.9136963, -4.3354565, 0.0], [15.9150696, -4.3354565, 0.0], [15.9150696, -4.3340871, 0.0], [15.9150696, -4.3327177, 0.0], [15.9136963, -4.3327177, 0.0], [15.9136963, -4.3340871, 0.0], [15.912323, -4.3340871, 0.0], [15.912323, -4.3354565, 0.0], [15.9109497, -4.3354565, 0.0], [15.9109497, -4.3368258, 0.0], [15.9095764, -4.3368258, 0.0], [15.9082031, -4.3368258, 0.0], [15.9082031, -4.3381952, 0.0], [15.9068298, -4.3381952, 0.0], [15.9054565, -4.3381952, 0.0], [15.9054565, -4.3395645, 0.0], [15.9054565, -4.3409339, 0.0], [15.9054565, -4.3423032, 0.0], [15.9054565, -4.3436726, 0.0], [15.9040833, -4.3436726, 0.0], [15.9040833, -4.3450419, 0.0], [15.9040833, -4.3464113, 0.0], [15.9054565, -4.3464113, 0.0], [15.9054565, -4.3477806, 0.0], [15.9040833, -4.3477806, 0.0], [15.9040833, -4.34915, 0.0], [15.9040833, -4.3505193, 0.0], [15.9054565, -4.3505193, 0.0], [15.9068298, -4.3505193, 0.0], [15.9068298, -4.34915, 0.0]]]}}, {"type": "Feature", "properties": {"id": 1175}, "geometry": {"type": "Polygon", "coordinates": [[[15.7434082, -4.34915, 0.0], [15.7434082, -4.3505193, 0.0], [15.7447815, -4.3505193, 0.0], [15.7447815, -4.34915, 0.0], [15.7434082, -4.34915, 0.0]]]}}, {"type": "Feature", "properties": {"id": 1176}, "geometry": {"type": "Polygon", "coordinates": [[[15.737915, -4.34915, 0.0], [15.737915, -4.3505193, 0.0], [15.7392883, -4.3505193, 0.0], [15.7392883, -4.34915, 0.0], [15.737915, -4.34915, 0.0]]]}}, {"type": "Feature", "properties": {"id": 1177}, "geometry": {"type": "Polygon", "coordinates": [[[15.7145691, -4.34915, 0.0], [15.7145691, -4.3505193, 0.0], [15.7159424, -4.3505193, 0.0], [15.7159424, -4.34915, 0.0], [15.7145691, -4.34915, 0.0]]]}}, {"type": "Feature", "properties": {"id": 1178}, "geometry": {"type": "Polygon", "coordinates": [[[15.8422852, -4.34915, 0.0], [15.8422852, -4.3505193, 0.0], [15.8436584, -4.3505193, 0.0], [15.8436584, -4.34915, 0.0], [15.8422852, -4.34915, 0.0]]]}}, {"type": "Feature", "properties": {"id": 1179}, "geometry": {"type": "Polygon", "coordinates": [[[15.79422, -4.34915, 0.0], [15.79422, -4.3505193, 0.0], [15.7955933, -4.3505193, 0.0], [15.7969666, -4.3505193, 0.0], [15.7969666, -4.34915, 0.0], [15.7955933, -4.34915, 0.0], [15.79422, -4.34915, 0.0]]]}}, {"type": "Feature", "properties": {"id": 1180}, "geometry": {"type": "Polygon", "coordinates": [[[15.7818604, -4.34915, 0.0], [15.7818604, -4.3505193, 0.0], [15.7832336, -4.3505193, 0.0], [15.7832336, -4.34915, 0.0], [15.7818604, -4.34915, 0.0]]]}}, {"type": "Feature", "properties": {"id": 1181}, "geometry": {"type": "Polygon", "coordinates": [[[15.8985901, -4.34915, 0.0], [15.8972168, -4.34915, 0.0], [15.8972168, -4.3505193, 0.0], [15.8985901, -4.3505193, 0.0], [15.8999634, -4.3505193, 0.0], [15.8999634, -4.34915, 0.0], [15.8985901, -4.34915, 0.0]]]}}, {"type": "Feature", "properties": {"id": 1182}, "geometry": {"type": "Polygon", "coordinates": [[[15.7722473, -4.34915, 0.0], [15.7722473, -4.3505193, 0.0], [15.7736206, -4.3505193, 0.0], [15.7736206, -4.34915, 0.0], [15.7722473, -4.34915, 0.0]]]}}, {"type": "Feature", "properties": {"id": 1183}, "geometry": {"type": "Polygon", "coordinates": [[[15.7695007, -4.34915, 0.0], [15.7695007, -4.3477806, 0.0], [15.7681274, -4.3477806, 0.0], [15.7681274, -4.34915, 0.0], [15.7681274, -4.3505193, 0.0], [15.7695007, -4.3505193, 0.0], [15.7695007, -4.34915, 0.0]]]}}, {"type": "Feature", "properties": {"id": 1184}, "geometry": {"type": "Polygon", "coordinates": [[[15.8972168, -4.3477806, 0.0], [15.8972168, -4.3464113, 0.0], [15.8958435, -4.3464113, 0.0], [15.8958435, -4.3477806, 0.0], [15.8944702, -4.3477806, 0.0], [15.8944702, -4.34915, 0.0], [15.8958435, -4.34915, 0.0], [15.8972168, -4.34915, 0.0], [15.8972168, -4.3477806, 0.0]]]}}, {"type": "Feature", "properties": {"id": 1185}, "geometry": {"type": "Polygon", "coordinates": [[[15.7928467, -4.3477806, 0.0], [15.7928467, -4.34915, 0.0], [15.79422, -4.34915, 0.0], [15.79422, -4.3477806, 0.0], [15.7928467, -4.3477806, 0.0]]]}}, {"type": "Feature", "properties": {"id": 1186}, "geometry": {"type": "Polygon", "coordinates": [[[15.8711243, -4.3477806, 0.0], [15.8711243, -4.34915, 0.0], [15.8724976, -4.34915, 0.0], [15.8724976, -4.3477806, 0.0], [15.8711243, -4.3477806, 0.0]]]}}, {"type": "Feature", "properties": {"id": 1187}, "geometry": {"type": "Polygon", "coordinates": [[[15.9754944, -4.3477806, 0.0], [15.9741211, -4.3477806, 0.0], [15.9741211, -4.34915, 0.0], [15.9754944, -4.34915, 0.0], [15.9768677, -4.34915, 0.0], [15.9768677, -4.3477806, 0.0], [15.9754944, -4.3477806, 0.0]]]}}, {"type": "Feature", "properties": {"id": 1188}, "geometry": {"type": "Polygon", "coordinates": [[[15.8656311, -4.3477806, 0.0], [15.8656311, -4.3464113, 0.0], [15.8642578, -4.3464113, 0.0], [15.8642578, -4.3477806, 0.0], [15.8642578, -4.34915, 0.0], [15.8656311, -4.34915, 0.0], [15.8656311, -4.3477806, 0.0]]]}}, {"type": "Feature", "properties": {"id": 1189}, "geometry": {"type": "Polygon", "coordinates": [[[15.7090759, -4.3477806, 0.0], [15.7090759, -4.34915, 0.0], [15.7104492, -4.34915, 0.0], [15.7104492, -4.3477806, 0.0], [15.7090759, -4.3477806, 0.0]]]}}, {"type": "Feature", "properties": {"id": 1190}, "geometry": {"type": "Polygon", "coordinates": [[[15.7118225, -4.3477806, 0.0], [15.7118225, -4.34915, 0.0], [15.7131958, -4.34915, 0.0], [15.7131958, -4.3477806, 0.0], [15.7118225, -4.3477806, 0.0]]]}}, {"type": "Feature", "properties": {"id": 1191}, "geometry": {"type": "Polygon", "coordinates": [[[15.7626343, -4.3464113, 0.0], [15.7640076, -4.3464113, 0.0], [15.7640076, -4.3450419, 0.0], [15.7626343, -4.3450419, 0.0], [15.7626343, -4.3436726, 0.0], [15.761261, -4.3436726, 0.0], [15.761261, -4.3450419, 0.0], [15.761261, -4.3464113, 0.0], [15.761261, -4.3477806, 0.0], [15.7626343, -4.3477806, 0.0], [15.7626343, -4.3464113, 0.0]]]}}, {"type": "Feature", "properties": {"id": 1192}, "geometry": {"type": "Polygon", "coordinates": [[[15.7846069, -4.3464113, 0.0], [15.7846069, -4.3450419, 0.0], [15.7846069, -4.3436726, 0.0], [15.7832336, -4.3436726, 0.0], [15.7832336, -4.3423032, 0.0], [15.7832336, -4.3409339, 0.0], [15.7818604, -4.3409339, 0.0], [15.7804871, -4.3409339, 0.0], [15.7791138, -4.3409339, 0.0], [15.7791138, -4.3423032, 0.0], [15.7804871, -4.3423032, 0.0], [15.7818604, -4.3423032, 0.0], [15.7818604, -4.3436726, 0.0], [15.7804871, -4.3436726, 0.0], [15.7804871, -4.3450419, 0.0], [15.7818604, -4.3450419, 0.0], [15.7818604, -4.3464113, 0.0], [15.7818604, -4.3477806, 0.0], [15.7832336, -4.3477806, 0.0], [15.7846069, -4.3477806, 0.0], [15.7846069, -4.3464113, 0.0]]]}}, {"type": "Feature", "properties": {"id": 1193}, "geometry": {"type": "Polygon", "coordinates": [[[15.8821106, -4.3464113, 0.0], [15.8821106, -4.3477806, 0.0], [15.8834839, -4.3477806, 0.0], [15.8834839, -4.3464113, 0.0], [15.8821106, -4.3464113, 0.0]]]}}, {"type": "Feature", "properties": {"id": 1194}, "geometry": {"type": "Polygon", "coordinates": [[[15.8024597, -4.3464113, 0.0], [15.8024597, -4.3477806, 0.0], [15.803833, -4.3477806, 0.0], [15.803833, -4.3464113, 0.0], [15.8024597, -4.3464113, 0.0]]]}}, {"type": "Feature", "properties": {"id": 1195}, "geometry": {"type": "Polygon", "coordinates": [[[15.836792, -4.3464113, 0.0], [15.836792, -4.3477806, 0.0], [15.8381653, -4.3477806, 0.0], [15.8395386, -4.3477806, 0.0], [15.8395386, -4.3464113, 0.0], [15.8381653, -4.3464113, 0.0], [15.836792, -4.3464113, 0.0]]]}}, {"type": "Feature", "properties": {"id": 1196}, "geometry": {"type": "Polygon", "coordinates": [[[15.7447815, -4.3464113, 0.0], [15.7447815, -4.3477806, 0.0], [15.7461548, -4.3477806, 0.0], [15.7461548, -4.3464113, 0.0], [15.7447815, -4.3464113, 0.0]]]}}, {"type": "Feature", "properties": {"id": 1197}, "geometry": {"type": "Polygon", "coordinates": [[[15.7502747, -4.3464113, 0.0], [15.7502747, -4.3477806, 0.0], [15.7516479, -4.3477806, 0.0], [15.7516479, -4.3464113, 0.0], [15.7502747, -4.3464113, 0.0]]]}}, {"type": "Feature", "properties": {"id": 1198}, "geometry": {"type": "Polygon", "coordinates": [[[15.9823608, -4.3450419, 0.0], [15.9823608, -4.3464113, 0.0], [15.9837341, -4.3464113, 0.0], [15.9837341, -4.3450419, 0.0], [15.9823608, -4.3450419, 0.0]]]}}, {"type": "Feature", "properties": {"id": 1199}, "geometry": {"type": "Polygon", "coordinates": [[[15.9658813, -4.3450419, 0.0], [15.9658813, -4.3464113, 0.0], [15.9672546, -4.3464113, 0.0], [15.9672546, -4.3450419, 0.0], [15.9658813, -4.3450419, 0.0]]]}}, {"type": "Feature", "properties": {"id": 1200}, "geometry": {"type": "Polygon", "coordinates": [[[15.9590149, -4.3450419, 0.0], [15.9590149, -4.3464113, 0.0], [15.9603882, -4.3464113, 0.0], [15.9603882, -4.3450419, 0.0], [15.9590149, -4.3450419, 0.0]]]}}, {"type": "Feature", "properties": {"id": 1201}, "geometry": {"type": "Polygon", "coordinates": [[[15.7763672, -4.3450419, 0.0], [15.7763672, -4.3436726, 0.0], [15.7749939, -4.3436726, 0.0], [15.7749939, -4.3450419, 0.0], [15.7749939, -4.3464113, 0.0], [15.7763672, -4.3464113, 0.0], [15.7763672, -4.3450419, 0.0]]]}}, {"type": "Feature", "properties": {"id": 1202}, "geometry": {"type": "Polygon", "coordinates": [[[15.7104492, -4.3450419, 0.0], [15.7104492, -4.3436726, 0.0], [15.7090759, -4.3436726, 0.0], [15.7090759, -4.3450419, 0.0], [15.7090759, -4.3464113, 0.0], [15.7104492, -4.3464113, 0.0], [15.7104492, -4.3450419, 0.0]]]}}, {"type": "Feature", "properties": {"id": 1203}, "geometry": {"type": "Polygon", "coordinates": [[[15.813446, -4.3450419, 0.0], [15.813446, -4.3436726, 0.0], [15.8120728, -4.3436726, 0.0], [15.8106995, -4.3436726, 0.0], [15.8106995, -4.3450419, 0.0], [15.8120728, -4.3450419, 0.0], [15.8120728, -4.3464113, 0.0], [15.813446, -4.3464113, 0.0], [15.813446, -4.3450419, 0.0]]]}}, {"type": "Feature", "properties": {"id": 1204}, "geometry": {"type": "Polygon", "coordinates": [[[15.803833, -4.3450419, 0.0], [15.803833, -4.3464113, 0.0], [15.8052063, -4.3464113, 0.0], [15.8052063, -4.3450419, 0.0], [15.803833, -4.3450419, 0.0]]]}}, {"type": "Feature", "properties": {"id": 1205}, "geometry": {"type": "Polygon", "coordinates": [[[15.9466553, -4.3436726, 0.0], [15.9466553, -4.3450419, 0.0], [15.9480286, -4.3450419, 0.0], [15.9480286, -4.3436726, 0.0], [15.9466553, -4.3436726, 0.0]]]}}, {"type": "Feature", "properties": {"id": 1206}, "geometry": {"type": "Polygon", "coordinates": [[[15.954895, -4.3436726, 0.0], [15.954895, -4.3450419, 0.0], [15.9562683, -4.3450419, 0.0], [15.9562683, -4.3436726, 0.0], [15.954895, -4.3436726, 0.0]]]}}, {"type": "Feature", "properties": {"id": 1207}, "geometry": {"type": "Polygon", "coordinates": [[[15.8999634, -4.3450419, 0.0], [15.8999634, -4.3464113, 0.0], [15.9013367, -4.3464113, 0.0], [15.9013367, -4.3450419, 0.0], [15.8999634, -4.3450419, 0.0]]]}}, {"type": "Feature", "properties": {"id": 1208}, "geometry": {"type": "Polygon", "coordinates": [[[15.827179, -4.3436726, 0.0], [15.827179, -4.3423032, 0.0], [15.8258057, -4.3423032, 0.0], [15.8258057, -4.3436726, 0.0], [15.8258057, -4.3450419, 0.0], [15.827179, -4.3450419, 0.0], [15.827179, -4.3436726, 0.0]]]}}, {"type": "Feature", "properties": {"id": 1209}, "geometry": {"type": "Polygon", "coordinates": [[[15.803833, -4.3436726, 0.0], [15.803833, -4.3423032, 0.0], [15.8024597, -4.3423032, 0.0], [15.8024597, -4.3436726, 0.0], [15.8010864, -4.3436726, 0.0], [15.8010864, -4.3450419, 0.0], [15.8024597, -4.3450419, 0.0], [15.803833, -4.3450419, 0.0], [15.803833, -4.3436726, 0.0]]]}}, {"type": "Feature", "properties": {"id": 1210}, "geometry": {"type": "Polygon", "coordinates": [[[15.8230591, -4.3436726, 0.0], [15.8216858, -4.3436726, 0.0], [15.8216858, -4.3450419, 0.0], [15.8230591, -4.3450419, 0.0], [15.8244324, -4.3450419, 0.0], [15.8244324, -4.3436726, 0.0], [15.8230591, -4.3436726, 0.0]]]}}, {"type": "Feature", "properties": {"id": 1211}, "geometry": {"type": "Polygon", "coordinates": [[[15.7681274, -4.3436726, 0.0], [15.7681274, -4.3450419, 0.0], [15.7695007, -4.3450419, 0.0], [15.770874, -4.3450419, 0.0], [15.770874, -4.3436726, 0.0], [15.7695007, -4.3436726, 0.0], [15.7681274, -4.3436726, 0.0]]]}}, {"type": "Feature", "properties": {"id": 1212}, "geometry": {"type": "Polygon", "coordinates": [[[15.8093262, -4.3423032, 0.0], [15.8093262, -4.3436726, 0.0], [15.8106995, -4.3436726, 0.0], [15.8106995, -4.3423032, 0.0], [15.8093262, -4.3423032, 0.0]]]}}, {"type": "Feature", "properties": {"id": 1213}, "geometry": {"type": "Polygon", "coordinates": [[[15.8175659, -4.3423032, 0.0], [15.8175659, -4.3436726, 0.0], [15.8189392, -4.3436726, 0.0], [15.8189392, -4.3423032, 0.0], [15.8175659, -4.3423032, 0.0]]]}}, {"type": "Feature", "properties": {"id": 1214}, "geometry": {"type": "Polygon", "coordinates": [[[15.9260559, -4.3423032, 0.0], [15.9260559, -4.3409339, 0.0], [15.9246826, -4.3409339, 0.0], [15.9233093, -4.3409339, 0.0], [15.9233093, -4.3423032, 0.0], [15.9233093, -4.3436726, 0.0], [15.9246826, -4.3436726, 0.0], [15.9260559, -4.3436726, 0.0], [15.9260559, -4.3423032, 0.0]]]}}, {"type": "Feature", "properties": {"id": 1215}, "geometry": {"type": "Polygon", "coordinates": [[[15.7681274, -4.3409339, 0.0], [15.7667542, -4.3409339, 0.0], [15.7667542, -4.3423032, 0.0], [15.7681274, -4.3423032, 0.0], [15.7695007, -4.3423032, 0.0], [15.7695007, -4.3409339, 0.0], [15.7681274, -4.3409339, 0.0]]]}}, {"type": "Feature", "properties": {"id": 1216}, "geometry": {"type": "Polygon", "coordinates": [[[15.761261, -4.3409339, 0.0], [15.761261, -4.3423032, 0.0], [15.7626343, -4.3423032, 0.0], [15.7626343, -4.3409339, 0.0], [15.761261, -4.3409339, 0.0]]]}}, {"type": "Feature", "properties": {"id": 1217}, "geometry": {"type": "Polygon", "coordinates": [[[15.7969666, -4.3409339, 0.0], [15.7969666, -4.3395645, 0.0], [15.7955933, -4.3395645, 0.0], [15.7955933, -4.3409339, 0.0], [15.7955933, -4.3423032, 0.0], [15.7969666, -4.3423032, 0.0], [15.7983398, -4.3423032, 0.0], [15.7983398, -4.3409339, 0.0], [15.7969666, -4.3409339, 0.0]]]}}, {"type": "Feature", "properties": {"id": 1218}, "geometry": {"type": "Polygon", "coordinates": [[[15.8024597, -4.3409339, 0.0], [15.8024597, -4.3395645, 0.0], [15.8010864, -4.3395645, 0.0], [15.8010864, -4.3409339, 0.0], [15.8010864, -4.3423032, 0.0], [15.8024597, -4.3423032, 0.0], [15.8024597, -4.3409339, 0.0]]]}}, {"type": "Feature", "properties": {"id": 1219}, "geometry": {"type": "Polygon", "coordinates": [[[15.8079529, -4.3409339, 0.0], [15.8079529, -4.3423032, 0.0], [15.8093262, -4.3423032, 0.0], [15.8093262, -4.3409339, 0.0], [15.8079529, -4.3409339, 0.0]]]}}, {"type": "Feature", "properties": {"id": 1220}, "geometry": {"type": "Polygon", "coordinates": [[[15.7901001, -4.3409339, 0.0], [15.7901001, -4.3423032, 0.0], [15.7914734, -4.3423032, 0.0], [15.7914734, -4.3409339, 0.0], [15.7901001, -4.3409339, 0.0]]]}}, {"type": "Feature", "properties": {"id": 1221}, "geometry": {"type": "Polygon", "coordinates": [[[15.8052063, -4.3395645, 0.0], [15.8052063, -4.3409339, 0.0], [15.8065796, -4.3409339, 0.0], [15.8079529, -4.3409339, 0.0], [15.8079529, -4.3395645, 0.0], [15.8065796, -4.3395645, 0.0], [15.8052063, -4.3395645, 0.0]]]}}, {"type": "Feature", "properties": {"id": 1222}, "geometry": {"type": "Polygon", "coordinates": [[[15.7461548, -4.3395645, 0.0], [15.7461548, -4.3381952, 0.0], [15.7461548, -4.3368258, 0.0], [15.7447815, -4.3368258, 0.0], [15.7434082, -4.3368258, 0.0], [15.7434082, -4.3381952, 0.0], [15.7434082, -4.3395645, 0.0], [15.7447815, -4.3395645, 0.0], [15.7447815, -4.3409339, 0.0], [15.7461548, -4.3409339, 0.0], [15.7461548, -4.3395645, 0.0]]]}}, {"type": "Feature", "properties": {"id": 1223}, "geometry": {"type": "Polygon", "coordinates": [[[15.8546448, -4.3395645, 0.0], [15.8546448, -4.3409339, 0.0], [15.8560181, -4.3409339, 0.0], [15.8560181, -4.3395645, 0.0], [15.8546448, -4.3395645, 0.0]]]}}, {"type": "Feature", "properties": {"id": 1224}, "geometry": {"type": "Polygon", "coordinates": [[[15.8477783, -4.3395645, 0.0], [15.8477783, -4.3409339, 0.0], [15.8491516, -4.3409339, 0.0], [15.8491516, -4.3395645, 0.0], [15.8477783, -4.3395645, 0.0]]]}}, {"type": "Feature", "properties": {"id": 1225}, "geometry": {"type": "Polygon", "coordinates": [[[15.7859802, -4.3395645, 0.0], [15.7859802, -4.3409339, 0.0], [15.7873535, -4.3409339, 0.0], [15.7873535, -4.3395645, 0.0], [15.7859802, -4.3395645, 0.0]]]}}, {"type": "Feature", "properties": {"id": 1226}, "geometry": {"type": "Polygon", "coordinates": [[[15.921936, -4.3395645, 0.0], [15.921936, -4.3409339, 0.0], [15.9233093, -4.3409339, 0.0], [15.9233093, -4.3395645, 0.0], [15.921936, -4.3395645, 0.0]]]}}, {"type": "Feature", "properties": {"id": 1227}, "geometry": {"type": "Polygon", "coordinates": [[[15.8889771, -4.3395645, 0.0], [15.8889771, -4.3409339, 0.0], [15.8903503, -4.3409339, 0.0], [15.8903503, -4.3395645, 0.0], [15.8889771, -4.3395645, 0.0]]]}}, {"type": "Feature", "properties": {"id": 1228}, "geometry": {"type": "Polygon", "coordinates": [[[15.8917236, -4.3381952, 0.0], [15.8917236, -4.3395645, 0.0], [15.8930969, -4.3395645, 0.0], [15.8930969, -4.3381952, 0.0], [15.8917236, -4.3381952, 0.0]]]}}, {"type": "Feature", "properties": {"id": 1229}, "geometry": {"type": "Polygon", "coordinates": [[[15.7983398, -4.3381952, 0.0], [15.7983398, -4.3395645, 0.0], [15.7997131, -4.3395645, 0.0], [15.7997131, -4.3381952, 0.0], [15.7983398, -4.3381952, 0.0]]]}}, {"type": "Feature", "properties": {"id": 1230}, "geometry": {"type": "Polygon", "coordinates": [[[15.7804871, -4.3381952, 0.0], [15.7804871, -4.3368258, 0.0], [15.7791138, -4.3368258, 0.0], [15.7777405, -4.3368258, 0.0], [15.7777405, -4.3381952, 0.0], [15.7791138, -4.3381952, 0.0], [15.7791138, -4.3395645, 0.0], [15.7804871, -4.3395645, 0.0], [15.7818604, -4.3395645, 0.0], [15.7818604, -4.3381952, 0.0], [15.7804871, -4.3381952, 0.0]]]}}, {"type": "Feature", "properties": {"id": 1231}, "geometry": {"type": "Polygon", "coordinates": [[[15.8079529, -4.3381952, 0.0], [15.8079529, -4.3395645, 0.0], [15.8093262, -4.3395645, 0.0], [15.8093262, -4.3381952, 0.0], [15.8079529, -4.3381952, 0.0]]]}}, {"type": "Feature", "properties": {"id": 1232}, "geometry": {"type": "Polygon", "coordinates": [[[15.7489014, -4.3381952, 0.0], [15.7489014, -4.3395645, 0.0], [15.7502747, -4.3395645, 0.0], [15.7502747, -4.3381952, 0.0], [15.7489014, -4.3381952, 0.0]]]}}, {"type": "Feature", "properties": {"id": 1233}, "geometry": {"type": "Polygon", "coordinates": [[[15.7901001, -4.3381952, 0.0], [15.7901001, -4.3395645, 0.0], [15.7914734, -4.3395645, 0.0], [15.7914734, -4.3381952, 0.0], [15.7901001, -4.3381952, 0.0]]]}}, {"type": "Feature", "properties": {"id": 1234}, "geometry": {"type": "Polygon", "coordinates": [[[15.7749939, -4.3381952, 0.0], [15.7749939, -4.3395645, 0.0], [15.7763672, -4.3395645, 0.0], [15.7763672, -4.3381952, 0.0], [15.7749939, -4.3381952, 0.0]]]}}, {"type": "Feature", "properties": {"id": 1235}, "geometry": {"type": "Polygon", "coordinates": [[[15.8807373, -4.3368258, 0.0], [15.8807373, -4.3354565, 0.0], [15.879364, -4.3354565, 0.0], [15.879364, -4.3368258, 0.0], [15.879364, -4.3381952, 0.0], [15.8807373, -4.3381952, 0.0], [15.8807373, -4.3368258, 0.0]]]}}, {"type": "Feature", "properties": {"id": 1236}, "geometry": {"type": "Polygon", "coordinates": [[[15.803833, -4.3368258, 0.0], [15.803833, -4.3381952, 0.0], [15.8052063, -4.3381952, 0.0], [15.8065796, -4.3381952, 0.0], [15.8079529, -4.3381952, 0.0], [15.8079529, -4.3368258, 0.0], [15.8065796, -4.3368258, 0.0], [15.8052063, -4.3368258, 0.0], [15.803833, -4.3368258, 0.0]]]}}, {"type": "Feature", "properties": {"id": 1237}, "geometry": {"type": "Polygon", "coordinates": [[[15.9658813, -4.3368258, 0.0], [15.9658813, -4.3354565, 0.0], [15.9645081, -4.3354565, 0.0], [15.9645081, -4.3368258, 0.0], [15.9645081, -4.3381952, 0.0], [15.9658813, -4.3381952, 0.0], [15.9658813, -4.3368258, 0.0]]]}}, {"type": "Feature", "properties": {"id": 1238}, "geometry": {"type": "Polygon", "coordinates": [[[15.9590149, -4.3368258, 0.0], [15.9603882, -4.3368258, 0.0], [15.9617615, -4.3368258, 0.0], [15.9617615, -4.3354565, 0.0], [15.9617615, -4.3340871, 0.0], [15.9603882, -4.3340871, 0.0], [15.9590149, -4.3340871, 0.0], [15.9590149, -4.3354565, 0.0], [15.9576416, -4.3354565, 0.0], [15.9562683, -4.3354565, 0.0], [15.9562683, -4.3368258, 0.0], [15.9562683, -4.3381952, 0.0], [15.9576416, -4.3381952, 0.0], [15.9590149, -4.3381952, 0.0], [15.9590149, -4.3368258, 0.0]]]}}, {"type": "Feature", "properties": {"id": 1239}, "geometry": {"type": "Polygon", "coordinates": [[[15.7873535, -4.3368258, 0.0], [15.7873535, -4.3354565, 0.0], [15.7859802, -4.3354565, 0.0], [15.7846069, -4.3354565, 0.0], [15.7846069, -4.3340871, 0.0], [15.7846069, -4.3327177, 0.0], [15.7832336, -4.3327177, 0.0], [15.7832336, -4.3340871, 0.0], [15.7832336, -4.3354565, 0.0], [15.7832336, -4.3368258, 0.0], [15.7846069, -4.3368258, 0.0], [15.7859802, -4.3368258, 0.0], [15.7859802, -4.3381952, 0.0], [15.7873535, -4.3381952, 0.0], [15.7873535, -4.3368258, 0.0]]]}}, {"type": "Feature", "properties": {"id": 1240}, "geometry": {"type": "Polygon", "coordinates": [[[15.9370422, -4.3368258, 0.0], [15.9370422, -4.3381952, 0.0], [15.9384155, -4.3381952, 0.0], [15.9384155, -4.3368258, 0.0], [15.9370422, -4.3368258, 0.0]]]}}, {"type": "Feature", "properties": {"id": 1241}, "geometry": {"type": "Polygon", "coordinates": [[[15.8175659, -4.3368258, 0.0], [15.8175659, -4.3354565, 0.0], [15.8161926, -4.3354565, 0.0], [15.8161926, -4.3368258, 0.0], [15.8161926, -4.3381952, 0.0], [15.8175659, -4.3381952, 0.0], [15.8175659, -4.3368258, 0.0]]]}}, {"type": "Feature", "properties": {"id": 1242}, "geometry": {"type": "Polygon", "coordinates": [[[15.8477783, -4.3368258, 0.0], [15.8477783, -4.3381952, 0.0], [15.8491516, -4.3381952, 0.0], [15.8491516, -4.3368258, 0.0], [15.8477783, -4.3368258, 0.0]]]}}, {"type": "Feature", "properties": {"id": 1243}, "geometry": {"type": "Polygon", "coordinates": [[[15.8230591, -4.3368258, 0.0], [15.8230591, -4.3381952, 0.0], [15.8244324, -4.3381952, 0.0], [15.8244324, -4.3368258, 0.0], [15.8230591, -4.3368258, 0.0]]]}}, {"type": "Feature", "properties": {"id": 1244}, "geometry": {"type": "Polygon", "coordinates": [[[15.827179, -4.3354565, 0.0], [15.827179, -4.3368258, 0.0], [15.8285522, -4.3368258, 0.0], [15.8285522, -4.3354565, 0.0], [15.827179, -4.3354565, 0.0]]]}}, {"type": "Feature", "properties": {"id": 1245}, "geometry": {"type": "Polygon", "coordinates": [[[15.9068298, -4.3354565, 0.0], [15.9068298, -4.3368258, 0.0], [15.9082031, -4.3368258, 0.0], [15.9082031, -4.3354565, 0.0], [15.9068298, -4.3354565, 0.0]]]}}, {"type": "Feature", "properties": {"id": 1246}, "geometry": {"type": "Polygon", "coordinates": [[[15.8024597, -4.3354565, 0.0], [15.8024597, -4.3368258, 0.0], [15.803833, -4.3368258, 0.0], [15.803833, -4.3354565, 0.0], [15.8024597, -4.3354565, 0.0]]]}}, {"type": "Feature", "properties": {"id": 1247}, "geometry": {"type": "Polygon", "coordinates": [[[15.7777405, -4.3340871, 0.0], [15.7763672, -4.3340871, 0.0], [15.7763672, -4.3354565, 0.0], [15.7777405, -4.3354565, 0.0], [15.7791138, -4.3354565, 0.0], [15.7791138, -4.3340871, 0.0], [15.7777405, -4.3340871, 0.0]]]}}, {"type": "Feature", "properties": {"id": 1248}, "geometry": {"type": "Polygon", "coordinates": [[[15.8518982, -4.3354565, 0.0], [15.8518982, -4.3368258, 0.0], [15.8532715, -4.3368258, 0.0], [15.8532715, -4.3354565, 0.0], [15.8518982, -4.3354565, 0.0]]]}}, {"type": "Feature", "properties": {"id": 1249}, "geometry": {"type": "Polygon", "coordinates": [[[15.7804871, -4.3354565, 0.0], [15.7804871, -4.3368258, 0.0], [15.7818604, -4.3368258, 0.0], [15.7818604, -4.3354565, 0.0], [15.7804871, -4.3354565, 0.0]]]}}, {"type": "Feature", "properties": {"id": 1250}, "geometry": {"type": "Polygon", "coordinates": [[[15.7983398, -4.3354565, 0.0], [15.7983398, -4.3340871, 0.0], [15.7969666, -4.3340871, 0.0], [15.7969666, -4.3354565, 0.0], [15.7969666, -4.3368258, 0.0], [15.7983398, -4.3368258, 0.0], [15.7983398, -4.3354565, 0.0]]]}}, {"type": "Feature", "properties": {"id": 1251}, "geometry": {"type": "Polygon", "coordinates": [[[15.8972168, -4.3340871, 0.0], [15.8972168, -4.3354565, 0.0], [15.8985901, -4.3354565, 0.0], [15.8985901, -4.3340871, 0.0], [15.8972168, -4.3340871, 0.0]]]}}, {"type": "Feature", "properties": {"id": 1252}, "geometry": {"type": "Polygon", "coordinates": [[[15.7598877, -4.3340871, 0.0], [15.7598877, -4.3354565, 0.0], [15.761261, -4.3354565, 0.0], [15.7626343, -4.3354565, 0.0], [15.7626343, -4.3340871, 0.0], [15.761261, -4.3340871, 0.0], [15.7598877, -4.3340871, 0.0]]]}}, {"type": "Feature", "properties": {"id": 1253}, "geometry": {"type": "Polygon", "coordinates": [[[15.8560181, -4.3340871, 0.0], [15.8560181, -4.3354565, 0.0], [15.8573914, -4.3354565, 0.0], [15.8573914, -4.3340871, 0.0], [15.8560181, -4.3340871, 0.0]]]}}, {"type": "Feature", "properties": {"id": 1254}, "geometry": {"type": "Polygon", "coordinates": [[[15.8560181, -4.3327177, 0.0], [15.8560181, -4.3313484, 0.0], [15.8546448, -4.3313484, 0.0], [15.8546448, -4.3327177, 0.0], [15.8546448, -4.3340871, 0.0], [15.8560181, -4.3340871, 0.0], [15.8560181, -4.3327177, 0.0]]]}}, {"type": "Feature", "properties": {"id": 1255}, "geometry": {"type": "Polygon", "coordinates": [[[15.8024597, -4.3327177, 0.0], [15.8010864, -4.3327177, 0.0], [15.8010864, -4.3340871, 0.0], [15.8024597, -4.3340871, 0.0], [15.803833, -4.3340871, 0.0], [15.803833, -4.3327177, 0.0], [15.8024597, -4.3327177, 0.0]]]}}, {"type": "Feature", "properties": {"id": 1256}, "geometry": {"type": "Polygon", "coordinates": [[[15.7928467, -4.3327177, 0.0], [15.7928467, -4.3340871, 0.0], [15.79422, -4.3340871, 0.0], [15.79422, -4.3327177, 0.0], [15.7928467, -4.3327177, 0.0]]]}}, {"type": "Feature", "properties": {"id": 1257}, "geometry": {"type": "Polygon", "coordinates": [[[15.7681274, -4.3327177, 0.0], [15.7667542, -4.3327177, 0.0], [15.7667542, -4.3340871, 0.0], [15.7681274, -4.3340871, 0.0], [15.7695007, -4.3340871, 0.0], [15.7695007, -4.3327177, 0.0], [15.7681274, -4.3327177, 0.0]]]}}, {"type": "Feature", "properties": {"id": 1258}, "geometry": {"type": "Polygon", "coordinates": [[[15.7557678, -4.3327177, 0.0], [15.7557678, -4.3340871, 0.0], [15.7571411, -4.3340871, 0.0], [15.7571411, -4.3327177, 0.0], [15.7557678, -4.3327177, 0.0]]]}}, {"type": "Feature", "properties": {"id": 1259}, "geometry": {"type": "Polygon", "coordinates": [[[15.7887268, -4.3327177, 0.0], [15.7887268, -4.3340871, 0.0], [15.7901001, -4.3340871, 0.0], [15.7901001, -4.3327177, 0.0], [15.7887268, -4.3327177, 0.0]]]}}, {"type": "Feature", "properties": {"id": 1260}, "geometry": {"type": "Polygon", "coordinates": [[[15.7997131, -4.3327177, 0.0], [15.8010864, -4.3327177, 0.0], [15.8010864, -4.3313484, 0.0], [15.7997131, -4.3313484, 0.0], [15.7997131, -4.329979, 0.0], [15.7983398, -4.329979, 0.0], [15.7983398, -4.3313484, 0.0], [15.7983398, -4.3327177, 0.0], [15.7997131, -4.3327177, 0.0]]]}}, {"type": "Feature", "properties": {"id": 1261}, "geometry": {"type": "Polygon", "coordinates": [[[15.8093262, -4.3313484, 0.0], [15.8093262, -4.329979, 0.0], [15.8079529, -4.329979, 0.0], [15.8079529, -4.3286096, 0.0], [15.8065796, -4.3286096, 0.0], [15.8065796, -4.329979, 0.0], [15.8065796, -4.3313484, 0.0], [15.8065796, -4.3327177, 0.0], [15.8079529, -4.3327177, 0.0], [15.8093262, -4.3327177, 0.0], [15.8093262, -4.3313484, 0.0]]]}}, {"type": "Feature", "properties": {"id": 1262}, "geometry": {"type": "Polygon", "coordinates": [[[15.7873535, -4.3313484, 0.0], [15.7859802, -4.3313484, 0.0], [15.7859802, -4.3327177, 0.0], [15.7873535, -4.3327177, 0.0], [15.7887268, -4.3327177, 0.0], [15.7887268, -4.3313484, 0.0], [15.7873535, -4.3313484, 0.0]]]}}, {"type": "Feature", "properties": {"id": 1263}, "geometry": {"type": "Polygon", "coordinates": [[[15.9150696, -4.3313484, 0.0], [15.9150696, -4.3327177, 0.0], [15.9164429, -4.3327177, 0.0], [15.9178162, -4.3327177, 0.0], [15.9178162, -4.3313484, 0.0], [15.9191895, -4.3313484, 0.0], [15.9191895, -4.329979, 0.0], [15.9205627, -4.329979, 0.0], [15.9205627, -4.3286096, 0.0], [15.921936, -4.3286096, 0.0], [15.921936, -4.3272403, 0.0], [15.9233093, -4.3272403, 0.0], [15.9233093, -4.3258709, 0.0], [15.9233093, -4.3245015, 0.0], [15.9246826, -4.3245015, 0.0], [15.9246826, -4.3231321, 0.0], [15.9260559, -4.3231321, 0.0], [15.9260559, -4.3217627, 0.0], [15.9274292, -4.3217627, 0.0], [15.9274292, -4.3203933, 0.0], [15.9274292, -4.3190239, 0.0], [15.9288025, -4.3190239, 0.0], [15.9288025, -4.3176546, 0.0], [15.9288025, -4.3162852, 0.0], [15.9301758, -4.3162852, 0.0], [15.9301758, -4.3149158, 0.0], [15.9315491, -4.3149158, 0.0], [15.9329224, -4.3149158, 0.0], [15.9342957, -4.3149158, 0.0], [15.9342957, -4.3135464, 0.0], [15.9342957, -4.312177, 0.0], [15.9342957, -4.3108076, 0.0], [15.9329224, -4.3108076, 0.0], [15.9329224, -4.3094381, 0.0], [15.9315491, -4.3094381, 0.0], [15.9315491, -4.3080687, 0.0], [15.9315491, -4.3066993, 0.0], [15.9315491, -4.3053299, 0.0], [15.9315491, -4.3039605, 0.0], [15.9315491, -4.3025911, 0.0], [15.9301758, -4.3025911, 0.0], [15.9301758, -4.3012217, 0.0], [15.9301758, -4.2998522, 0.0], [15.9301758, -4.2984828, 0.0], [15.9288025, -4.2984828, 0.0], [15.9288025, -4.2971134, 0.0], [15.9288025, -4.2957439, 0.0], [15.9288025, -4.2943745, 0.0], [15.9288025, -4.2930051, 0.0], [15.9274292, -4.2930051, 0.0], [15.9274292, -4.2943745, 0.0], [15.9274292, -4.2957439, 0.0], [15.9274292, -4.2971134, 0.0], [15.9274292, -4.2984828, 0.0], [15.9274292, -4.2998522, 0.0], [15.9274292, -4.3012217, 0.0], [15.9274292, -4.3025911, 0.0], [15.9274292, -4.3039605, 0.0], [15.9274292, -4.3053299, 0.0], [15.9274292, -4.3066993, 0.0], [15.9274292, -4.3080687, 0.0], [15.9274292, -4.3094381, 0.0], [15.9260559, -4.3094381, 0.0], [15.9260559, -4.3108076, 0.0], [15.9274292, -4.3108076, 0.0], [15.9274292, -4.312177, 0.0], [15.9260559, -4.312177, 0.0], [15.9260559, -4.3135464, 0.0], [15.9260559, -4.3149158, 0.0], [15.9274292, -4.3149158, 0.0], [15.9274292, -4.3162852, 0.0], [15.9260559, -4.3162852, 0.0], [15.9260559, -4.3176546, 0.0], [15.9246826, -4.3176546, 0.0], [15.9246826, -4.3190239, 0.0], [15.9246826, -4.3203933, 0.0], [15.9233093, -4.3203933, 0.0], [15.9233093, -4.3217627, 0.0], [15.9233093, -4.3231321, 0.0], [15.921936, -4.3231321, 0.0], [15.9205627, -4.3231321, 0.0], [15.9205627, -4.3245015, 0.0], [15.921936, -4.3245015, 0.0], [15.921936, -4.3258709, 0.0], [15.9205627, -4.3258709, 0.0], [15.9191895, -4.3258709, 0.0], [15.9191895, -4.3272403, 0.0], [15.9178162, -4.3272403, 0.0], [15.9178162, -4.3286096, 0.0], [15.9178162, -4.329979, 0.0], [15.9164429, -4.329979, 0.0], [15.9164429, -4.3313484, 0.0], [15.9150696, -4.3313484, 0.0]]]}}, {"type": "Feature", "properties": {"id": 1264}, "geometry": {"type": "Polygon", "coordinates": [[[15.8917236, -4.329979, 0.0], [15.8917236, -4.3286096, 0.0], [15.8917236, -4.3272403, 0.0], [15.8903503, -4.3272403, 0.0], [15.8903503, -4.3286096, 0.0], [15.8903503, -4.329979, 0.0], [15.8903503, -4.3313484, 0.0], [15.8917236, -4.3313484, 0.0], [15.8930969, -4.3313484, 0.0], [15.8930969, -4.329979, 0.0], [15.8917236, -4.329979, 0.0]]]}}, {"type": "Feature", "properties": {"id": 1265}, "geometry": {"type": "Polygon", "coordinates": [[[15.7818604, -4.329979, 0.0], [15.7818604, -4.3313484, 0.0], [15.7832336, -4.3313484, 0.0], [15.7832336, -4.329979, 0.0], [15.7818604, -4.329979, 0.0]]]}}, {"type": "Feature", "properties": {"id": 1266}, "geometry": {"type": "Polygon", "coordinates": [[[15.7667542, -4.329979, 0.0], [15.7667542, -4.3313484, 0.0], [15.7681274, -4.3313484, 0.0], [15.7681274, -4.329979, 0.0], [15.7667542, -4.329979, 0.0]]]}}, {"type": "Feature", "properties": {"id": 1267}, "geometry": {"type": "Polygon", "coordinates": [[[15.79422, -4.329979, 0.0], [15.79422, -4.3313484, 0.0], [15.7955933, -4.3313484, 0.0], [15.7955933, -4.329979, 0.0], [15.79422, -4.329979, 0.0]]]}}, {"type": "Feature", "properties": {"id": 1268}, "geometry": {"type": "Polygon", "coordinates": [[[15.7035828, -4.3286096, 0.0], [15.7035828, -4.329979, 0.0], [15.7049561, -4.329979, 0.0], [15.7049561, -4.3286096, 0.0], [15.7035828, -4.3286096, 0.0]]]}}, {"type": "Feature", "properties": {"id": 1269}, "geometry": {"type": "Polygon", "coordinates": [[[15.7557678, -4.329979, 0.0], [15.7557678, -4.3313484, 0.0], [15.7571411, -4.3313484, 0.0], [15.7571411, -4.329979, 0.0], [15.7557678, -4.329979, 0.0]]]}}, {"type": "Feature", "properties": {"id": 1270}, "geometry": {"type": "Polygon", "coordinates": [[[15.9301758, -4.3286096, 0.0], [15.9301758, -4.3272403, 0.0], [15.9288025, -4.3272403, 0.0], [15.9288025, -4.3286096, 0.0], [15.9288025, -4.329979, 0.0], [15.9301758, -4.329979, 0.0], [15.9301758, -4.3286096, 0.0]]]}}, {"type": "Feature", "properties": {"id": 1271}, "geometry": {"type": "Polygon", "coordinates": [[[15.8779907, -4.329979, 0.0], [15.8779907, -4.3313484, 0.0], [15.879364, -4.3313484, 0.0], [15.879364, -4.329979, 0.0], [15.8779907, -4.329979, 0.0]]]}}, {"type": "Feature", "properties": {"id": 1272}, "geometry": {"type": "Polygon", "coordinates": [[[15.8258057, -4.329979, 0.0], [15.8258057, -4.3313484, 0.0], [15.827179, -4.3313484, 0.0], [15.827179, -4.329979, 0.0], [15.8258057, -4.329979, 0.0]]]}}, {"type": "Feature", "properties": {"id": 1273}, "geometry": {"type": "Polygon", "coordinates": [[[15.7846069, -4.3286096, 0.0], [15.7846069, -4.329979, 0.0], [15.7859802, -4.329979, 0.0], [15.7859802, -4.3286096, 0.0], [15.7846069, -4.3286096, 0.0]]]}}, {"type": "Feature", "properties": {"id": 1274}, "geometry": {"type": "Polygon", "coordinates": [[[15.7887268, -4.3286096, 0.0], [15.7887268, -4.3272403, 0.0], [15.7887268, -4.3258709, 0.0], [15.7887268, -4.3245015, 0.0], [15.7873535, -4.3245015, 0.0], [15.7873535, -4.3258709, 0.0], [15.7859802, -4.3258709, 0.0], [15.7859802, -4.3245015, 0.0], [15.7846069, -4.3245015, 0.0], [15.7832336, -4.3245015, 0.0], [15.7832336, -4.3258709, 0.0], [15.7832336, -4.3272403, 0.0], [15.7818604, -4.3272403, 0.0], [15.7818604, -4.3286096, 0.0], [15.7832336, -4.3286096, 0.0], [15.7846069, -4.3286096, 0.0], [15.7846069, -4.3272403, 0.0], [15.7859802, -4.3272403, 0.0], [15.7873535, -4.3272403, 0.0], [15.7873535, -4.3286096, 0.0], [15.7873535, -4.329979, 0.0], [15.7887268, -4.329979, 0.0], [15.7901001, -4.329979, 0.0], [15.7901001, -4.3286096, 0.0], [15.7887268, -4.3286096, 0.0]]]}}, {"type": "Feature", "properties": {"id": 1275}, "geometry": {"type": "Polygon", "coordinates": [[[15.8546448, -4.3286096, 0.0], [15.8546448, -4.329979, 0.0], [15.8560181, -4.329979, 0.0], [15.8560181, -4.3286096, 0.0], [15.8546448, -4.3286096, 0.0]]]}}, {"type": "Feature", "properties": {"id": 1276}, "geometry": {"type": "Polygon", "coordinates": [[[15.8505249, -4.3286096, 0.0], [15.8505249, -4.329979, 0.0], [15.8518982, -4.329979, 0.0], [15.8518982, -4.3286096, 0.0], [15.8505249, -4.3286096, 0.0]]]}}, {"type": "Feature", "properties": {"id": 1277}, "geometry": {"type": "Polygon", "coordinates": [[[15.8285522, -4.3286096, 0.0], [15.8285522, -4.3272403, 0.0], [15.827179, -4.3272403, 0.0], [15.827179, -4.3286096, 0.0], [15.827179, -4.329979, 0.0], [15.8285522, -4.329979, 0.0], [15.8285522, -4.3286096, 0.0]]]}}, {"type": "Feature", "properties": {"id": 1278}, "geometry": {"type": "Polygon", "coordinates": [[[15.8258057, -4.3286096, 0.0], [15.8258057, -4.3272403, 0.0], [15.8244324, -4.3272403, 0.0], [15.8244324, -4.3286096, 0.0], [15.8244324, -4.329979, 0.0], [15.8258057, -4.329979, 0.0], [15.8258057, -4.3286096, 0.0]]]}}, {"type": "Feature", "properties": {"id": 1279}, "geometry": {"type": "Polygon", "coordinates": [[[15.7997131, -4.3286096, 0.0], [15.7997131, -4.329979, 0.0], [15.8010864, -4.329979, 0.0], [15.8010864, -4.3286096, 0.0], [15.7997131, -4.3286096, 0.0]]]}}, {"type": "Feature", "properties": {"id": 1280}, "geometry": {"type": "Polygon", "coordinates": [[[15.9109497, -4.3286096, 0.0], [15.9109497, -4.3272403, 0.0], [15.9095764, -4.3272403, 0.0], [15.9082031, -4.3272403, 0.0], [15.9082031, -4.3286096, 0.0], [15.9082031, -4.329979, 0.0], [15.9095764, -4.329979, 0.0], [15.9109497, -4.329979, 0.0], [15.9109497, -4.3286096, 0.0]]]}}, {"type": "Feature", "properties": {"id": 1281}, "geometry": {"type": "Polygon", "coordinates": [[[15.8161926, -4.3286096, 0.0], [15.8161926, -4.329979, 0.0], [15.8175659, -4.329979, 0.0], [15.8175659, -4.3286096, 0.0], [15.8161926, -4.3286096, 0.0]]]}}, {"type": "Feature", "properties": {"id": 1282}, "geometry": {"type": "Polygon", "coordinates": [[[15.8216858, -4.3272403, 0.0], [15.8216858, -4.3286096, 0.0], [15.8230591, -4.3286096, 0.0], [15.8230591, -4.3272403, 0.0], [15.8216858, -4.3272403, 0.0]]]}}, {"type": "Feature", "properties": {"id": 1283}, "geometry": {"type": "Polygon", "coordinates": [[[15.9480286, -4.3272403, 0.0], [15.9480286, -4.3286096, 0.0], [15.9494019, -4.3286096, 0.0], [15.9494019, -4.3272403, 0.0], [15.9480286, -4.3272403, 0.0]]]}}, {"type": "Feature", "properties": {"id": 1284}, "geometry": {"type": "Polygon", "coordinates": [[[15.9356689, -4.3272403, 0.0], [15.9356689, -4.3286096, 0.0], [15.9370422, -4.3286096, 0.0], [15.9370422, -4.3272403, 0.0], [15.9356689, -4.3272403, 0.0]]]}}, {"type": "Feature", "properties": {"id": 1285}, "geometry": {"type": "Polygon", "coordinates": [[[15.7516479, -4.3272403, 0.0], [15.7516479, -4.3286096, 0.0], [15.7530212, -4.3286096, 0.0], [15.7530212, -4.3272403, 0.0], [15.7516479, -4.3272403, 0.0]]]}}, {"type": "Feature", "properties": {"id": 1286}, "geometry": {"type": "Polygon", "coordinates": [[[15.9109497, -4.3258709, 0.0], [15.9109497, -4.3272403, 0.0], [15.912323, -4.3272403, 0.0], [15.912323, -4.3258709, 0.0], [15.9109497, -4.3258709, 0.0]]]}}, {"type": "Feature", "properties": {"id": 1287}, "geometry": {"type": "Polygon", "coordinates": [[[15.8010864, -4.3258709, 0.0], [15.8010864, -4.3245015, 0.0], [15.8010864, -4.3231321, 0.0], [15.8010864, -4.3217627, 0.0], [15.7997131, -4.3217627, 0.0], [15.7997131, -4.3231321, 0.0], [15.7997131, -4.3245015, 0.0], [15.7997131, -4.3258709, 0.0], [15.7997131, -4.3272403, 0.0], [15.8010864, -4.3272403, 0.0], [15.8010864, -4.3258709, 0.0]]]}}, {"type": "Feature", "properties": {"id": 1288}, "geometry": {"type": "Polygon", "coordinates": [[[15.7543945, -4.3258709, 0.0], [15.7543945, -4.3245015, 0.0], [15.7557678, -4.3245015, 0.0], [15.7557678, -4.3231321, 0.0], [15.7557678, -4.3217627, 0.0], [15.7557678, -4.3203933, 0.0], [15.7571411, -4.3203933, 0.0], [15.7585144, -4.3203933, 0.0], [15.7585144, -4.3190239, 0.0], [15.7598877, -4.3190239, 0.0], [15.7598877, -4.3176546, 0.0], [15.7598877, -4.3162852, 0.0], [15.7598877, -4.3149158, 0.0], [15.761261, -4.3149158, 0.0], [15.761261, -4.3135464, 0.0], [15.761261, -4.312177, 0.0], [15.7598877, -4.312177, 0.0], [15.7585144, -4.312177, 0.0], [15.7585144, -4.3135464, 0.0], [15.7585144, -4.3149158, 0.0], [15.7585144, -4.3162852, 0.0], [15.7571411, -4.3162852, 0.0], [15.7571411, -4.3149158, 0.0], [15.7557678, -4.3149158, 0.0], [15.7557678, -4.3135464, 0.0], [15.7557678, -4.312177, 0.0], [15.7557678, -4.3108076, 0.0], [15.7543945, -4.3108076, 0.0], [15.7543945, -4.312177, 0.0], [15.7543945, -4.3135464, 0.0], [15.7543945, -4.3149158, 0.0], [15.7530212, -4.3149158, 0.0], [15.7530212, -4.3162852, 0.0], [15.7530212, -4.3176546, 0.0], [15.7516479, -4.3176546, 0.0], [15.7516479, -4.3190239, 0.0], [15.7516479, -4.3203933, 0.0], [15.7530212, -4.3203933, 0.0], [15.7530212, -4.3217627, 0.0], [15.7530212, -4.3231321, 0.0], [15.7530212, -4.3245015, 0.0], [15.7516479, -4.3245015, 0.0], [15.7516479, -4.3258709, 0.0], [15.7530212, -4.3258709, 0.0], [15.7530212, -4.3272403, 0.0], [15.7543945, -4.3272403, 0.0], [15.7543945, -4.3258709, 0.0]]]}}, {"type": "Feature", "properties": {"id": 1289}, "geometry": {"type": "Polygon", "coordinates": [[[15.9809875, -4.3258709, 0.0], [15.9809875, -4.3245015, 0.0], [15.9809875, -4.3231321, 0.0], [15.9796143, -4.3231321, 0.0], [15.978241, -4.3231321, 0.0], [15.978241, -4.3245015, 0.0], [15.9796143, -4.3245015, 0.0], [15.9796143, -4.3258709, 0.0], [15.9796143, -4.3272403, 0.0], [15.9809875, -4.3272403, 0.0], [15.9809875, -4.3258709, 0.0]]]}}, {"type": "Feature", "properties": {"id": 1290}, "geometry": {"type": "Polygon", "coordinates": [[[15.79422, -4.3258709, 0.0], [15.79422, -4.3272403, 0.0], [15.7955933, -4.3272403, 0.0], [15.7955933, -4.3258709, 0.0], [15.79422, -4.3258709, 0.0]]]}}, {"type": "Feature", "properties": {"id": 1291}, "geometry": {"type": "Polygon", "coordinates": [[[15.8573914, -4.3258709, 0.0], [15.8573914, -4.3245015, 0.0], [15.8560181, -4.3245015, 0.0], [15.8560181, -4.3258709, 0.0], [15.8560181, -4.3272403, 0.0], [15.8573914, -4.3272403, 0.0], [15.8573914, -4.3258709, 0.0]]]}}, {"type": "Feature", "properties": {"id": 1292}, "geometry": {"type": "Polygon", "coordinates": [[[15.8120728, -4.3245015, 0.0], [15.8120728, -4.3258709, 0.0], [15.813446, -4.3258709, 0.0], [15.813446, -4.3245015, 0.0], [15.8120728, -4.3245015, 0.0]]]}}, {"type": "Feature", "properties": {"id": 1293}, "geometry": {"type": "Polygon", "coordinates": [[[15.8395386, -4.3245015, 0.0], [15.8395386, -4.3258709, 0.0], [15.8409119, -4.3258709, 0.0], [15.8409119, -4.3245015, 0.0], [15.8395386, -4.3245015, 0.0]]]}}, {"type": "Feature", "properties": {"id": 1294}, "geometry": {"type": "Polygon", "coordinates": [[[15.8807373, -4.3231321, 0.0], [15.8807373, -4.3245015, 0.0], [15.8821106, -4.3245015, 0.0], [15.8821106, -4.3231321, 0.0], [15.8807373, -4.3231321, 0.0]]]}}, {"type": "Feature", "properties": {"id": 1295}, "geometry": {"type": "Polygon", "coordinates": [[[15.9150696, -4.3231321, 0.0], [15.9150696, -4.3245015, 0.0], [15.9164429, -4.3245015, 0.0], [15.9178162, -4.3245015, 0.0], [15.9191895, -4.3245015, 0.0], [15.9191895, -4.3231321, 0.0], [15.9178162, -4.3231321, 0.0], [15.9164429, -4.3231321, 0.0], [15.9150696, -4.3231321, 0.0]]]}}, {"type": "Feature", "properties": {"id": 1296}, "geometry": {"type": "Polygon", "coordinates": [[[15.8546448, -4.3231321, 0.0], [15.8546448, -4.3245015, 0.0], [15.8560181, -4.3245015, 0.0], [15.8560181, -4.3231321, 0.0], [15.8546448, -4.3231321, 0.0]]]}}, {"type": "Feature", "properties": {"id": 1297}, "geometry": {"type": "Polygon", "coordinates": [[[15.7969666, -4.3231321, 0.0], [15.7969666, -4.3217627, 0.0], [15.7955933, -4.3217627, 0.0], [15.7955933, -4.3203933, 0.0], [15.79422, -4.3203933, 0.0], [15.7928467, -4.3203933, 0.0], [15.7928467, -4.3190239, 0.0], [15.7914734, -4.3190239, 0.0], [15.7914734, -4.3203933, 0.0], [15.7914734, -4.3217627, 0.0], [15.7914734, -4.3231321, 0.0], [15.7928467, -4.3231321, 0.0], [15.79422, -4.3231321, 0.0], [15.7955933, -4.3231321, 0.0], [15.7955933, -4.3245015, 0.0], [15.7969666, -4.3245015, 0.0], [15.7969666, -4.3231321, 0.0]]]}}, {"type": "Feature", "properties": {"id": 1298}, "geometry": {"type": "Polygon", "coordinates": [[[15.7901001, -4.3231321, 0.0], [15.7901001, -4.3217627, 0.0], [15.7887268, -4.3217627, 0.0], [15.7873535, -4.3217627, 0.0], [15.7873535, -4.3231321, 0.0], [15.7887268, -4.3231321, 0.0], [15.7887268, -4.3245015, 0.0], [15.7901001, -4.3245015, 0.0], [15.7901001, -4.3231321, 0.0]]]}}, {"type": "Feature", "properties": {"id": 1299}, "geometry": {"type": "Polygon", "coordinates": [[[15.7749939, -4.3231321, 0.0], [15.7749939, -4.3245015, 0.0], [15.7763672, -4.3245015, 0.0], [15.7763672, -4.3231321, 0.0], [15.7749939, -4.3231321, 0.0]]]}}, {"type": "Feature", "properties": {"id": 1300}, "geometry": {"type": "Polygon", "coordinates": [[[15.7598877, -4.3217627, 0.0], [15.7598877, -4.3231321, 0.0], [15.761261, -4.3231321, 0.0], [15.761261, -4.3217627, 0.0], [15.7598877, -4.3217627, 0.0]]]}}, {"type": "Feature", "properties": {"id": 1301}, "geometry": {"type": "Polygon", "coordinates": [[[15.7846069, -4.3217627, 0.0], [15.7832336, -4.3217627, 0.0], [15.7832336, -4.3231321, 0.0], [15.7846069, -4.3231321, 0.0], [15.7859802, -4.3231321, 0.0], [15.7859802, -4.3217627, 0.0], [15.7846069, -4.3217627, 0.0]]]}}, {"type": "Feature", "properties": {"id": 1302}, "geometry": {"type": "Polygon", "coordinates": [[[15.7777405, -4.3217627, 0.0], [15.7763672, -4.3217627, 0.0], [15.7763672, -4.3231321, 0.0], [15.7777405, -4.3231321, 0.0], [15.7791138, -4.3231321, 0.0], [15.7791138, -4.3217627, 0.0], [15.7777405, -4.3217627, 0.0]]]}}, {"type": "Feature", "properties": {"id": 1303}, "geometry": {"type": "Polygon", "coordinates": [[[15.7722473, -4.3217627, 0.0], [15.770874, -4.3217627, 0.0], [15.770874, -4.3231321, 0.0], [15.7722473, -4.3231321, 0.0], [15.7736206, -4.3231321, 0.0], [15.7736206, -4.3217627, 0.0], [15.7722473, -4.3217627, 0.0]]]}}, {"type": "Feature", "properties": {"id": 1304}, "geometry": {"type": "Polygon", "coordinates": [[[15.8079529, -4.3217627, 0.0], [15.8079529, -4.3231321, 0.0], [15.8093262, -4.3231321, 0.0], [15.8093262, -4.3217627, 0.0], [15.8079529, -4.3217627, 0.0]]]}}, {"type": "Feature", "properties": {"id": 1305}, "geometry": {"type": "Polygon", "coordinates": [[[15.8903503, -4.3217627, 0.0], [15.8903503, -4.3231321, 0.0], [15.8917236, -4.3231321, 0.0], [15.8917236, -4.3217627, 0.0], [15.8903503, -4.3217627, 0.0]]]}}, {"type": "Feature", "properties": {"id": 1306}, "geometry": {"type": "Polygon", "coordinates": [[[15.9040833, -4.3203933, 0.0], [15.9040833, -4.3217627, 0.0], [15.9054565, -4.3217627, 0.0], [15.9054565, -4.3203933, 0.0], [15.9040833, -4.3203933, 0.0]]]}}, {"type": "Feature", "properties": {"id": 1307}, "geometry": {"type": "Polygon", "coordinates": [[[15.6925964, -4.3203933, 0.0], [15.6925964, -4.3217627, 0.0], [15.6939697, -4.3217627, 0.0], [15.6939697, -4.3203933, 0.0], [15.6925964, -4.3203933, 0.0]]]}}, {"type": "Feature", "properties": {"id": 1308}, "geometry": {"type": "Polygon", "coordinates": [[[15.9864807, -4.3203933, 0.0], [15.9864807, -4.3217627, 0.0], [15.987854, -4.3217627, 0.0], [15.987854, -4.3203933, 0.0], [15.9864807, -4.3203933, 0.0]]]}}, {"type": "Feature", "properties": {"id": 1309}, "geometry": {"type": "Polygon", "coordinates": [[[15.7791138, -4.3203933, 0.0], [15.7791138, -4.3217627, 0.0], [15.7804871, -4.3217627, 0.0], [15.7818604, -4.3217627, 0.0], [15.7818604, -4.3203933, 0.0], [15.7804871, -4.3203933, 0.0], [15.7791138, -4.3203933, 0.0]]]}}, {"type": "Feature", "properties": {"id": 1310}, "geometry": {"type": "Polygon", "coordinates": [[[15.8052063, -4.3203933, 0.0], [15.8052063, -4.3217627, 0.0], [15.8065796, -4.3217627, 0.0], [15.8065796, -4.3203933, 0.0], [15.8052063, -4.3203933, 0.0]]]}}, {"type": "Feature", "properties": {"id": 1311}, "geometry": {"type": "Polygon", "coordinates": [[[15.8230591, -4.3217627, 0.0], [15.8244324, -4.3217627, 0.0], [15.8244324, -4.3203933, 0.0], [15.8230591, -4.3203933, 0.0], [15.8230591, -4.3190239, 0.0], [15.8216858, -4.3190239, 0.0], [15.8216858, -4.3203933, 0.0], [15.8216858, -4.3217627, 0.0], [15.8230591, -4.3217627, 0.0]]]}}, {"type": "Feature", "properties": {"id": 1312}, "geometry": {"type": "Polygon", "coordinates": [[[15.7695007, -4.3203933, 0.0], [15.7695007, -4.3217627, 0.0], [15.770874, -4.3217627, 0.0], [15.770874, -4.3203933, 0.0], [15.7695007, -4.3203933, 0.0]]]}}, {"type": "Feature", "properties": {"id": 1313}, "geometry": {"type": "Polygon", "coordinates": [[[15.9013367, -4.3203933, 0.0], [15.9013367, -4.3190239, 0.0], [15.8999634, -4.3190239, 0.0], [15.8999634, -4.3203933, 0.0], [15.8999634, -4.3217627, 0.0], [15.9013367, -4.3217627, 0.0], [15.9013367, -4.3203933, 0.0]]]}}, {"type": "Feature", "properties": {"id": 1314}, "geometry": {"type": "Polygon", "coordinates": [[[15.6939697, -4.3190239, 0.0], [15.6939697, -4.3203933, 0.0], [15.695343, -4.3203933, 0.0], [15.695343, -4.3190239, 0.0], [15.6939697, -4.3190239, 0.0]]]}}, {"type": "Feature", "properties": {"id": 1315}, "geometry": {"type": "Polygon", "coordinates": [[[15.7983398, -4.3190239, 0.0], [15.7983398, -4.3203933, 0.0], [15.7997131, -4.3203933, 0.0], [15.7997131, -4.3190239, 0.0], [15.7983398, -4.3190239, 0.0]]]}}, {"type": "Feature", "properties": {"id": 1316}, "geometry": {"type": "Polygon", "coordinates": [[[15.8587646, -4.3203933, 0.0], [15.8587646, -4.3190239, 0.0], [15.8573914, -4.3190239, 0.0], [15.8560181, -4.3190239, 0.0], [15.8560181, -4.3203933, 0.0], [15.8573914, -4.3203933, 0.0], [15.8573914, -4.3217627, 0.0], [15.8587646, -4.3217627, 0.0], [15.8587646, -4.3203933, 0.0]]]}}, {"type": "Feature", "properties": {"id": 1317}, "geometry": {"type": "Polygon", "coordinates": [[[15.8930969, -4.3190239, 0.0], [15.8930969, -4.3203933, 0.0], [15.8944702, -4.3203933, 0.0], [15.8944702, -4.3190239, 0.0], [15.8930969, -4.3190239, 0.0]]]}}, {"type": "Feature", "properties": {"id": 1318}, "geometry": {"type": "Polygon", "coordinates": [[[15.7653809, -4.3190239, 0.0], [15.7653809, -4.3203933, 0.0], [15.7667542, -4.3203933, 0.0], [15.7667542, -4.3190239, 0.0], [15.7653809, -4.3190239, 0.0]]]}}, {"type": "Feature", "properties": {"id": 1319}, "geometry": {"type": "Polygon", "coordinates": [[[15.7887268, -4.3190239, 0.0], [15.7887268, -4.3176546, 0.0], [15.7873535, -4.3176546, 0.0], [15.7873535, -4.3190239, 0.0], [15.7873535, -4.3203933, 0.0], [15.7887268, -4.3203933, 0.0], [15.7887268, -4.3190239, 0.0]]]}}, {"type": "Feature", "properties": {"id": 1320}, "geometry": {"type": "Polygon", "coordinates": [[[15.7832336, -4.3190239, 0.0], [15.7832336, -4.3203933, 0.0], [15.7846069, -4.3203933, 0.0], [15.7846069, -4.3190239, 0.0], [15.7832336, -4.3190239, 0.0]]]}}, {"type": "Feature", "properties": {"id": 1321}, "geometry": {"type": "Polygon", "coordinates": [[[15.7310486, -4.3190239, 0.0], [15.7310486, -4.3176546, 0.0], [15.7296753, -4.3176546, 0.0], [15.7296753, -4.3190239, 0.0], [15.7296753, -4.3203933, 0.0], [15.7310486, -4.3203933, 0.0], [15.7310486, -4.3190239, 0.0]]]}}, {"type": "Feature", "properties": {"id": 1322}, "geometry": {"type": "Polygon", "coordinates": [[[15.9288025, -4.3190239, 0.0], [15.9288025, -4.3203933, 0.0], [15.9301758, -4.3203933, 0.0], [15.9301758, -4.3190239, 0.0], [15.9288025, -4.3190239, 0.0]]]}}, {"type": "Feature", "properties": {"id": 1323}, "geometry": {"type": "Polygon", "coordinates": [[[15.921936, -4.3190239, 0.0], [15.921936, -4.3203933, 0.0], [15.9233093, -4.3203933, 0.0], [15.9233093, -4.3190239, 0.0], [15.921936, -4.3190239, 0.0]]]}}, {"type": "Feature", "properties": {"id": 1324}, "geometry": {"type": "Polygon", "coordinates": [[[15.8244324, -4.3190239, 0.0], [15.8244324, -4.3203933, 0.0], [15.8258057, -4.3203933, 0.0], [15.8258057, -4.3190239, 0.0], [15.8244324, -4.3190239, 0.0]]]}}, {"type": "Feature", "properties": {"id": 1325}, "geometry": {"type": "Polygon", "coordinates": [[[15.8285522, -4.3190239, 0.0], [15.8285522, -4.3203933, 0.0], [15.8299255, -4.3203933, 0.0], [15.8299255, -4.3190239, 0.0], [15.8285522, -4.3190239, 0.0]]]}}, {"type": "Feature", "properties": {"id": 1326}, "geometry": {"type": "Polygon", "coordinates": [[[15.7777405, -4.3190239, 0.0], [15.7777405, -4.3203933, 0.0], [15.7791138, -4.3203933, 0.0], [15.7791138, -4.3190239, 0.0], [15.7777405, -4.3190239, 0.0]]]}}, {"type": "Feature", "properties": {"id": 1327}, "geometry": {"type": "Polygon", "coordinates": [[[15.7695007, -4.3176546, 0.0], [15.7695007, -4.3190239, 0.0], [15.770874, -4.3190239, 0.0], [15.770874, -4.3176546, 0.0], [15.7695007, -4.3176546, 0.0]]]}}, {"type": "Feature", "properties": {"id": 1328}, "geometry": {"type": "Polygon", "coordinates": [[[15.7722473, -4.3176546, 0.0], [15.7722473, -4.3190239, 0.0], [15.7736206, -4.3190239, 0.0], [15.7736206, -4.3176546, 0.0], [15.7722473, -4.3176546, 0.0]]]}}, {"type": "Feature", "properties": {"id": 1329}, "geometry": {"type": "Polygon", "coordinates": [[[15.7804871, -4.3176546, 0.0], [15.7804871, -4.3190239, 0.0], [15.7818604, -4.3190239, 0.0], [15.7818604, -4.3176546, 0.0], [15.7804871, -4.3176546, 0.0]]]}}, {"type": "Feature", "properties": {"id": 1330}, "geometry": {"type": "Polygon", "coordinates": [[[15.827179, -4.3176546, 0.0], [15.827179, -4.3162852, 0.0], [15.8285522, -4.3162852, 0.0], [15.8285522, -4.3149158, 0.0], [15.8285522, -4.3135464, 0.0], [15.827179, -4.3135464, 0.0], [15.8258057, -4.3135464, 0.0], [15.8258057, -4.3149158, 0.0], [15.8258057, -4.3162852, 0.0], [15.8258057, -4.3176546, 0.0], [15.8258057, -4.3190239, 0.0], [15.827179, -4.3190239, 0.0], [15.827179, -4.3176546, 0.0]]]}}, {"type": "Feature", "properties": {"id": 1331}, "geometry": {"type": "Polygon", "coordinates": [[[15.9136963, -4.3176546, 0.0], [15.9136963, -4.3190239, 0.0], [15.9150696, -4.3190239, 0.0], [15.9150696, -4.3176546, 0.0], [15.9136963, -4.3176546, 0.0]]]}}, {"type": "Feature", "properties": {"id": 1332}, "geometry": {"type": "Polygon", "coordinates": [[[15.7214355, -4.3176546, 0.0], [15.7200623, -4.3176546, 0.0], [15.7200623, -4.3190239, 0.0], [15.7214355, -4.3190239, 0.0], [15.7228088, -4.3190239, 0.0], [15.7228088, -4.3176546, 0.0], [15.7214355, -4.3176546, 0.0]]]}}, {"type": "Feature", "properties": {"id": 1333}, "geometry": {"type": "Polygon", "coordinates": [[[15.8972168, -4.3176546, 0.0], [15.8972168, -4.3162852, 0.0], [15.8958435, -4.3162852, 0.0], [15.8958435, -4.3176546, 0.0], [15.8958435, -4.3190239, 0.0], [15.8972168, -4.3190239, 0.0], [15.8972168, -4.3176546, 0.0]]]}}, {"type": "Feature", "properties": {"id": 1334}, "geometry": {"type": "Polygon", "coordinates": [[[15.9013367, -4.3162852, 0.0], [15.9013367, -4.3176546, 0.0], [15.90271, -4.3176546, 0.0], [15.9040833, -4.3176546, 0.0], [15.9040833, -4.3162852, 0.0], [15.9040833, -4.3149158, 0.0], [15.90271, -4.3149158, 0.0], [15.90271, -4.3162852, 0.0], [15.9013367, -4.3162852, 0.0]]]}}, {"type": "Feature", "properties": {"id": 1335}, "geometry": {"type": "Polygon", "coordinates": [[[15.7832336, -4.3162852, 0.0], [15.7832336, -4.3176546, 0.0], [15.7846069, -4.3176546, 0.0], [15.7859802, -4.3176546, 0.0], [15.7859802, -4.3162852, 0.0], [15.7846069, -4.3162852, 0.0], [15.7832336, -4.3162852, 0.0]]]}}, {"type": "Feature", "properties": {"id": 1336}, "geometry": {"type": "Polygon", "coordinates": [[[15.7022095, -4.3162852, 0.0], [15.7022095, -4.3176546, 0.0], [15.7035828, -4.3176546, 0.0], [15.7035828, -4.3162852, 0.0], [15.7022095, -4.3162852, 0.0]]]}}, {"type": "Feature", "properties": {"id": 1337}, "geometry": {"type": "Polygon", "coordinates": [[[15.7914734, -4.3162852, 0.0], [15.7914734, -4.3176546, 0.0], [15.7928467, -4.3176546, 0.0], [15.7928467, -4.3162852, 0.0], [15.7914734, -4.3162852, 0.0]]]}}, {"type": "Feature", "properties": {"id": 1338}, "geometry": {"type": "Polygon", "coordinates": [[[15.8079529, -4.3162852, 0.0], [15.8093262, -4.3162852, 0.0], [15.8093262, -4.3149158, 0.0], [15.8093262, -4.3135464, 0.0], [15.8079529, -4.3135464, 0.0], [15.8079529, -4.3149158, 0.0], [15.8065796, -4.3149158, 0.0], [15.8065796, -4.3162852, 0.0], [15.8065796, -4.3176546, 0.0], [15.8079529, -4.3176546, 0.0], [15.8079529, -4.3162852, 0.0]]]}}, {"type": "Feature", "properties": {"id": 1339}, "geometry": {"type": "Polygon", "coordinates": [[[15.8175659, -4.3162852, 0.0], [15.8175659, -4.3149158, 0.0], [15.8161926, -4.3149158, 0.0], [15.8161926, -4.3162852, 0.0], [15.8161926, -4.3176546, 0.0], [15.8175659, -4.3176546, 0.0], [15.8175659, -4.3162852, 0.0]]]}}, {"type": "Feature", "properties": {"id": 1340}, "geometry": {"type": "Polygon", "coordinates": [[[15.8203125, -4.3162852, 0.0], [15.8203125, -4.3176546, 0.0], [15.8216858, -4.3176546, 0.0], [15.8216858, -4.3162852, 0.0], [15.8203125, -4.3162852, 0.0]]]}}, {"type": "Feature", "properties": {"id": 1341}, "geometry": {"type": "Polygon", "coordinates": [[[15.7077026, -4.3149158, 0.0], [15.7077026, -4.3162852, 0.0], [15.7090759, -4.3162852, 0.0], [15.7104492, -4.3162852, 0.0], [15.7104492, -4.3149158, 0.0], [15.7090759, -4.3149158, 0.0], [15.7077026, -4.3149158, 0.0]]]}}, {"type": "Feature", "properties": {"id": 1342}, "geometry": {"type": "Polygon", "coordinates": [[[15.7653809, -4.3162852, 0.0], [15.7653809, -4.3176546, 0.0], [15.7667542, -4.3176546, 0.0], [15.7667542, -4.3162852, 0.0], [15.7653809, -4.3162852, 0.0]]]}}, {"type": "Feature", "properties": {"id": 1343}, "geometry": {"type": "Polygon", "coordinates": [[[15.8930969, -4.3149158, 0.0], [15.8930969, -4.3135464, 0.0], [15.8917236, -4.3135464, 0.0], [15.8917236, -4.3149158, 0.0], [15.8917236, -4.3162852, 0.0], [15.8930969, -4.3162852, 0.0], [15.8930969, -4.3149158, 0.0]]]}}, {"type": "Feature", "properties": {"id": 1344}, "geometry": {"type": "Polygon", "coordinates": [[[15.8972168, -4.3149158, 0.0], [15.8972168, -4.3162852, 0.0], [15.8985901, -4.3162852, 0.0], [15.8999634, -4.3162852, 0.0], [15.8999634, -4.3149158, 0.0], [15.8985901, -4.3149158, 0.0], [15.8972168, -4.3149158, 0.0]]]}}, {"type": "Feature", "properties": {"id": 1345}, "geometry": {"type": "Polygon", "coordinates": [[[15.8560181, -4.3162852, 0.0], [15.8560181, -4.3176546, 0.0], [15.8573914, -4.3176546, 0.0], [15.8587646, -4.3176546, 0.0], [15.8601379, -4.3176546, 0.0], [15.8601379, -4.3162852, 0.0], [15.8587646, -4.3162852, 0.0], [15.8573914, -4.3162852, 0.0], [15.8560181, -4.3162852, 0.0]]]}}, {"type": "Feature", "properties": {"id": 1346}, "geometry": {"type": "Polygon", "coordinates": [[[15.836792, -4.3149158, 0.0], [15.836792, -4.3162852, 0.0], [15.8381653, -4.3162852, 0.0], [15.8381653, -4.3149158, 0.0], [15.836792, -4.3149158, 0.0]]]}}, {"type": "Feature", "properties": {"id": 1347}, "geometry": {"type": "Polygon", "coordinates": [[[15.8120728, -4.3149158, 0.0], [15.8120728, -4.3162852, 0.0], [15.813446, -4.3162852, 0.0], [15.813446, -4.3149158, 0.0], [15.8120728, -4.3149158, 0.0]]]}}, {"type": "Feature", "properties": {"id": 1348}, "geometry": {"type": "Polygon", "coordinates": [[[15.8010864, -4.3149158, 0.0], [15.8010864, -4.3162852, 0.0], [15.8024597, -4.3162852, 0.0], [15.803833, -4.3162852, 0.0], [15.803833, -4.3149158, 0.0], [15.803833, -4.3135464, 0.0], [15.8024597, -4.3135464, 0.0], [15.8024597, -4.3149158, 0.0], [15.8010864, -4.3149158, 0.0]]]}}, {"type": "Feature", "properties": {"id": 1349}, "geometry": {"type": "Polygon", "coordinates": [[[15.7640076, -4.3135464, 0.0], [15.7640076, -4.3149158, 0.0], [15.7653809, -4.3149158, 0.0], [15.7653809, -4.3135464, 0.0], [15.7640076, -4.3135464, 0.0]]]}}, {"type": "Feature", "properties": {"id": 1350}, "geometry": {"type": "Polygon", "coordinates": [[[15.7859802, -4.3135464, 0.0], [15.7859802, -4.3149158, 0.0], [15.7873535, -4.3149158, 0.0], [15.7873535, -4.3135464, 0.0], [15.7859802, -4.3135464, 0.0]]]}}, {"type": "Feature", "properties": {"id": 1351}, "geometry": {"type": "Polygon", "coordinates": [[[15.8175659, -4.3135464, 0.0], [15.8175659, -4.3149158, 0.0], [15.8189392, -4.3149158, 0.0], [15.8189392, -4.3135464, 0.0], [15.8175659, -4.3135464, 0.0]]]}}, {"type": "Feature", "properties": {"id": 1352}, "geometry": {"type": "Polygon", "coordinates": [[[15.7475281, -4.3135464, 0.0], [15.7475281, -4.3149158, 0.0], [15.7489014, -4.3149158, 0.0], [15.7489014, -4.3135464, 0.0], [15.7475281, -4.3135464, 0.0]]]}}, {"type": "Feature", "properties": {"id": 1353}, "geometry": {"type": "Polygon", "coordinates": [[[15.7722473, -4.312177, 0.0], [15.7722473, -4.3135464, 0.0], [15.7736206, -4.3135464, 0.0], [15.7736206, -4.312177, 0.0], [15.7722473, -4.312177, 0.0]]]}}, {"type": "Feature", "properties": {"id": 1354}, "geometry": {"type": "Polygon", "coordinates": [[[15.7818604, -4.312177, 0.0], [15.7804871, -4.312177, 0.0], [15.7804871, -4.3135464, 0.0], [15.7818604, -4.3135464, 0.0], [15.7832336, -4.3135464, 0.0], [15.7832336, -4.312177, 0.0], [15.7818604, -4.312177, 0.0]]]}}, {"type": "Feature", "properties": {"id": 1355}, "geometry": {"type": "Polygon", "coordinates": [[[15.7873535, -4.312177, 0.0], [15.7873535, -4.3135464, 0.0], [15.7887268, -4.3135464, 0.0], [15.7901001, -4.3135464, 0.0], [15.7901001, -4.312177, 0.0], [15.7887268, -4.312177, 0.0], [15.7873535, -4.312177, 0.0]]]}}, {"type": "Feature", "properties": {"id": 1356}, "geometry": {"type": "Polygon", "coordinates": [[[15.7406616, -4.312177, 0.0], [15.7406616, -4.3108076, 0.0], [15.7392883, -4.3108076, 0.0], [15.7392883, -4.312177, 0.0], [15.7392883, -4.3135464, 0.0], [15.7406616, -4.3135464, 0.0], [15.7406616, -4.312177, 0.0]]]}}, {"type": "Feature", "properties": {"id": 1357}, "geometry": {"type": "Polygon", "coordinates": [[[15.8683777, -4.312177, 0.0], [15.8683777, -4.3135464, 0.0], [15.869751, -4.3135464, 0.0], [15.869751, -4.312177, 0.0], [15.8683777, -4.312177, 0.0]]]}}, {"type": "Feature", "properties": {"id": 1358}, "geometry": {"type": "Polygon", "coordinates": [[[15.8299255, -4.3108076, 0.0], [15.8299255, -4.3094381, 0.0], [15.8285522, -4.3094381, 0.0], [15.8285522, -4.3108076, 0.0], [15.8285522, -4.312177, 0.0], [15.8299255, -4.312177, 0.0], [15.8299255, -4.3108076, 0.0]]]}}, {"type": "Feature", "properties": {"id": 1359}, "geometry": {"type": "Polygon", "coordinates": [[[15.9686279, -4.3108076, 0.0], [15.9686279, -4.312177, 0.0], [15.9700012, -4.312177, 0.0], [15.9700012, -4.3108076, 0.0], [15.9686279, -4.3108076, 0.0]]]}}, {"type": "Feature", "properties": {"id": 1360}, "geometry": {"type": "Polygon", "coordinates": [[[15.8093262, -4.3108076, 0.0], [15.8093262, -4.312177, 0.0], [15.8106995, -4.312177, 0.0], [15.8106995, -4.3108076, 0.0], [15.8093262, -4.3108076, 0.0]]]}}, {"type": "Feature", "properties": {"id": 1361}, "geometry": {"type": "Polygon", "coordinates": [[[15.7791138, -4.3108076, 0.0], [15.7791138, -4.3094381, 0.0], [15.7777405, -4.3094381, 0.0], [15.7763672, -4.3094381, 0.0], [15.7763672, -4.3108076, 0.0], [15.7763672, -4.312177, 0.0], [15.7777405, -4.312177, 0.0], [15.7791138, -4.312177, 0.0], [15.7791138, -4.3108076, 0.0]]]}}, {"type": "Feature", "properties": {"id": 1362}, "geometry": {"type": "Polygon", "coordinates": [[[15.7681274, -4.3108076, 0.0], [15.7681274, -4.312177, 0.0], [15.7695007, -4.312177, 0.0], [15.7695007, -4.3108076, 0.0], [15.7681274, -4.3108076, 0.0]]]}}, {"type": "Feature", "properties": {"id": 1363}, "geometry": {"type": "Polygon", "coordinates": [[[15.7626343, -4.3108076, 0.0], [15.7626343, -4.312177, 0.0], [15.7640076, -4.312177, 0.0], [15.7640076, -4.3108076, 0.0], [15.7626343, -4.3108076, 0.0]]]}}, {"type": "Feature", "properties": {"id": 1364}, "geometry": {"type": "Polygon", "coordinates": [[[15.8203125, -4.3108076, 0.0], [15.8203125, -4.3094381, 0.0], [15.8203125, -4.3080687, 0.0], [15.8189392, -4.3080687, 0.0], [15.8189392, -4.3094381, 0.0], [15.8175659, -4.3094381, 0.0], [15.8175659, -4.3108076, 0.0], [15.8189392, -4.3108076, 0.0], [15.8189392, -4.312177, 0.0], [15.8203125, -4.312177, 0.0], [15.8203125, -4.3108076, 0.0]]]}}, {"type": "Feature", "properties": {"id": 1365}, "geometry": {"type": "Polygon", "coordinates": [[[15.7818604, -4.3094381, 0.0], [15.7818604, -4.3108076, 0.0], [15.7832336, -4.3108076, 0.0], [15.7832336, -4.3094381, 0.0], [15.7818604, -4.3094381, 0.0]]]}}, {"type": "Feature", "properties": {"id": 1366}, "geometry": {"type": "Polygon", "coordinates": [[[15.9164429, -4.3094381, 0.0], [15.9164429, -4.3108076, 0.0], [15.9178162, -4.3108076, 0.0], [15.9178162, -4.3094381, 0.0], [15.9164429, -4.3094381, 0.0]]]}}, {"type": "Feature", "properties": {"id": 1367}, "geometry": {"type": "Polygon", "coordinates": [[[15.7736206, -4.3094381, 0.0], [15.7736206, -4.3080687, 0.0], [15.7722473, -4.3080687, 0.0], [15.7722473, -4.3066993, 0.0], [15.770874, -4.3066993, 0.0], [15.770874, -4.3080687, 0.0], [15.770874, -4.3094381, 0.0], [15.7722473, -4.3094381, 0.0], [15.7722473, -4.3108076, 0.0], [15.7736206, -4.3108076, 0.0], [15.7736206, -4.3094381, 0.0]]]}}, {"type": "Feature", "properties": {"id": 1368}, "geometry": {"type": "Polygon", "coordinates": [[[15.9370422, -4.3094381, 0.0], [15.9370422, -4.3080687, 0.0], [15.9356689, -4.3080687, 0.0], [15.9356689, -4.3094381, 0.0], [15.9356689, -4.3108076, 0.0], [15.9370422, -4.3108076, 0.0], [15.9370422, -4.3094381, 0.0]]]}}, {"type": "Feature", "properties": {"id": 1369}, "geometry": {"type": "Polygon", "coordinates": [[[15.7791138, -4.3080687, 0.0], [15.7791138, -4.3094381, 0.0], [15.7804871, -4.3094381, 0.0], [15.7818604, -4.3094381, 0.0], [15.7818604, -4.3080687, 0.0], [15.7832336, -4.3080687, 0.0], [15.7832336, -4.3066993, 0.0], [15.7818604, -4.3066993, 0.0], [15.7804871, -4.3066993, 0.0], [15.7804871, -4.3080687, 0.0], [15.7791138, -4.3080687, 0.0]]]}}, {"type": "Feature", "properties": {"id": 1370}, "geometry": {"type": "Polygon", "coordinates": [[[15.9768677, -4.3080687, 0.0], [15.9768677, -4.3094381, 0.0], [15.978241, -4.3094381, 0.0], [15.978241, -4.3080687, 0.0], [15.9768677, -4.3080687, 0.0]]]}}, {"type": "Feature", "properties": {"id": 1371}, "geometry": {"type": "Polygon", "coordinates": [[[15.8546448, -4.3080687, 0.0], [15.8546448, -4.3094381, 0.0], [15.8560181, -4.3094381, 0.0], [15.8573914, -4.3094381, 0.0], [15.8573914, -4.3080687, 0.0], [15.8573914, -4.3066993, 0.0], [15.8573914, -4.3053299, 0.0], [15.8560181, -4.3053299, 0.0], [15.8560181, -4.3066993, 0.0], [15.8560181, -4.3080687, 0.0], [15.8546448, -4.3080687, 0.0]]]}}, {"type": "Feature", "properties": {"id": 1372}, "geometry": {"type": "Polygon", "coordinates": [[[15.8738708, -4.3066993, 0.0], [15.8738708, -4.3053299, 0.0], [15.8724976, -4.3053299, 0.0], [15.8724976, -4.3066993, 0.0], [15.8724976, -4.3080687, 0.0], [15.8738708, -4.3080687, 0.0], [15.8738708, -4.3066993, 0.0]]]}}, {"type": "Feature", "properties": {"id": 1373}, "geometry": {"type": "Polygon", "coordinates": [[[15.8642578, -4.3066993, 0.0], [15.8642578, -4.3053299, 0.0], [15.8628845, -4.3053299, 0.0], [15.8628845, -4.3066993, 0.0], [15.8628845, -4.3080687, 0.0], [15.8642578, -4.3080687, 0.0], [15.8642578, -4.3066993, 0.0]]]}}, {"type": "Feature", "properties": {"id": 1374}, "geometry": {"type": "Polygon", "coordinates": [[[15.8422852, -4.3066993, 0.0], [15.8422852, -4.3080687, 0.0], [15.8436584, -4.3080687, 0.0], [15.8436584, -4.3066993, 0.0], [15.8422852, -4.3066993, 0.0]]]}}, {"type": "Feature", "properties": {"id": 1375}, "geometry": {"type": "Polygon", "coordinates": [[[15.8326721, -4.3066993, 0.0], [15.8326721, -4.3080687, 0.0], [15.8340454, -4.3080687, 0.0], [15.8340454, -4.3066993, 0.0], [15.8326721, -4.3066993, 0.0]]]}}, {"type": "Feature", "properties": {"id": 1376}, "geometry": {"type": "Polygon", "coordinates": [[[15.8010864, -4.3053299, 0.0], [15.7997131, -4.3053299, 0.0], [15.7997131, -4.3039605, 0.0], [15.7983398, -4.3039605, 0.0], [15.7983398, -4.3053299, 0.0], [15.7969666, -4.3053299, 0.0], [15.7969666, -4.3066993, 0.0], [15.7983398, -4.3066993, 0.0], [15.7997131, -4.3066993, 0.0], [15.8010864, -4.3066993, 0.0], [15.8024597, -4.3066993, 0.0], [15.8024597, -4.3053299, 0.0], [15.8010864, -4.3053299, 0.0]]]}}, {"type": "Feature", "properties": {"id": 1377}, "geometry": {"type": "Polygon", "coordinates": [[[15.7777405, -4.3053299, 0.0], [15.7777405, -4.3066993, 0.0], [15.7791138, -4.3066993, 0.0], [15.7791138, -4.3053299, 0.0], [15.7777405, -4.3053299, 0.0]]]}}, {"type": "Feature", "properties": {"id": 1378}, "geometry": {"type": "Polygon", "coordinates": [[[15.8670044, -4.3053299, 0.0], [15.8670044, -4.3066993, 0.0], [15.8683777, -4.3066993, 0.0], [15.8683777, -4.3053299, 0.0], [15.8670044, -4.3053299, 0.0]]]}}, {"type": "Feature", "properties": {"id": 1379}, "geometry": {"type": "Polygon", "coordinates": [[[15.761261, -4.3053299, 0.0], [15.7626343, -4.3053299, 0.0], [15.7626343, -4.3039605, 0.0], [15.7626343, -4.3025911, 0.0], [15.7626343, -4.3012217, 0.0], [15.7640076, -4.3012217, 0.0], [15.7653809, -4.3012217, 0.0], [15.7653809, -4.2998522, 0.0], [15.7640076, -4.2998522, 0.0], [15.7626343, -4.2998522, 0.0], [15.7626343, -4.2984828, 0.0], [15.761261, -4.2984828, 0.0], [15.7598877, -4.2984828, 0.0], [15.7585144, -4.2984828, 0.0], [15.7585144, -4.2998522, 0.0], [15.7585144, -4.3012217, 0.0], [15.7585144, -4.3025911, 0.0], [15.7598877, -4.3025911, 0.0], [15.7598877, -4.3039605, 0.0], [15.7598877, -4.3053299, 0.0], [15.7598877, -4.3066993, 0.0], [15.761261, -4.3066993, 0.0], [15.761261, -4.3053299, 0.0]]]}}, {"type": "Feature", "properties": {"id": 1380}, "geometry": {"type": "Polygon", "coordinates": [[[15.7832336, -4.3053299, 0.0], [15.7832336, -4.3066993, 0.0], [15.7846069, -4.3066993, 0.0], [15.7846069, -4.3053299, 0.0], [15.7832336, -4.3053299, 0.0]]]}}, {"type": "Feature", "properties": {"id": 1381}, "geometry": {"type": "Polygon", "coordinates": [[[15.7928467, -4.3053299, 0.0], [15.7928467, -4.3066993, 0.0], [15.79422, -4.3066993, 0.0], [15.79422, -4.3053299, 0.0], [15.7928467, -4.3053299, 0.0]]]}}, {"type": "Feature", "properties": {"id": 1382}, "geometry": {"type": "Polygon", "coordinates": [[[15.7736206, -4.3039605, 0.0], [15.7736206, -4.3053299, 0.0], [15.7749939, -4.3053299, 0.0], [15.7749939, -4.3039605, 0.0], [15.7736206, -4.3039605, 0.0]]]}}, {"type": "Feature", "properties": {"id": 1383}, "geometry": {"type": "Polygon", "coordinates": [[[15.827179, -4.3039605, 0.0], [15.827179, -4.3025911, 0.0], [15.8258057, -4.3025911, 0.0], [15.8244324, -4.3025911, 0.0], [15.8244324, -4.3039605, 0.0], [15.8244324, -4.3053299, 0.0], [15.8258057, -4.3053299, 0.0], [15.827179, -4.3053299, 0.0], [15.8285522, -4.3053299, 0.0], [15.8299255, -4.3053299, 0.0], [15.8299255, -4.3039605, 0.0], [15.8285522, -4.3039605, 0.0], [15.827179, -4.3039605, 0.0]]]}}, {"type": "Feature", "properties": {"id": 1384}, "geometry": {"type": "Polygon", "coordinates": [[[15.8052063, -4.3039605, 0.0], [15.8065796, -4.3039605, 0.0], [15.8065796, -4.3025911, 0.0], [15.8052063, -4.3025911, 0.0], [15.803833, -4.3025911, 0.0], [15.803833, -4.3039605, 0.0], [15.803833, -4.3053299, 0.0], [15.8052063, -4.3053299, 0.0], [15.8052063, -4.3039605, 0.0]]]}}, {"type": "Feature", "properties": {"id": 1385}, "geometry": {"type": "Polygon", "coordinates": [[[15.7667542, -4.3039605, 0.0], [15.7667542, -4.3053299, 0.0], [15.7681274, -4.3053299, 0.0], [15.7695007, -4.3053299, 0.0], [15.7695007, -4.3039605, 0.0], [15.7681274, -4.3039605, 0.0], [15.7667542, -4.3039605, 0.0]]]}}, {"type": "Feature", "properties": {"id": 1386}, "geometry": {"type": "Polygon", "coordinates": [[[15.8670044, -4.3025911, 0.0], [15.8670044, -4.3039605, 0.0], [15.8683777, -4.3039605, 0.0], [15.869751, -4.3039605, 0.0], [15.869751, -4.3025911, 0.0], [15.8683777, -4.3025911, 0.0], [15.8670044, -4.3025911, 0.0]]]}}, {"type": "Feature", "properties": {"id": 1387}, "geometry": {"type": "Polygon", "coordinates": [[[15.9741211, -4.3025911, 0.0], [15.9741211, -4.3012217, 0.0], [15.9727478, -4.3012217, 0.0], [15.9727478, -4.3025911, 0.0], [15.9727478, -4.3039605, 0.0], [15.9741211, -4.3039605, 0.0], [15.9741211, -4.3025911, 0.0]]]}}, {"type": "Feature", "properties": {"id": 1388}, "geometry": {"type": "Polygon", "coordinates": [[[15.7022095, -4.3025911, 0.0], [15.7022095, -4.3039605, 0.0], [15.7035828, -4.3039605, 0.0], [15.7035828, -4.3025911, 0.0], [15.7022095, -4.3025911, 0.0]]]}}, {"type": "Feature", "properties": {"id": 1389}, "geometry": {"type": "Polygon", "coordinates": [[[15.770874, -4.3025911, 0.0], [15.770874, -4.3039605, 0.0], [15.7722473, -4.3039605, 0.0], [15.7736206, -4.3039605, 0.0], [15.7736206, -4.3025911, 0.0], [15.7722473, -4.3025911, 0.0], [15.770874, -4.3025911, 0.0]]]}}, {"type": "Feature", "properties": {"id": 1390}, "geometry": {"type": "Polygon", "coordinates": [[[15.9658813, -4.3025911, 0.0], [15.9658813, -4.3039605, 0.0], [15.9672546, -4.3039605, 0.0], [15.9672546, -4.3025911, 0.0], [15.9658813, -4.3025911, 0.0]]]}}, {"type": "Feature", "properties": {"id": 1391}, "geometry": {"type": "Polygon", "coordinates": [[[15.8148193, -4.3025911, 0.0], [15.8148193, -4.3039605, 0.0], [15.8161926, -4.3039605, 0.0], [15.8161926, -4.3025911, 0.0], [15.8148193, -4.3025911, 0.0]]]}}, {"type": "Feature", "properties": {"id": 1392}, "geometry": {"type": "Polygon", "coordinates": [[[15.8120728, -4.3025911, 0.0], [15.8120728, -4.3039605, 0.0], [15.813446, -4.3039605, 0.0], [15.813446, -4.3025911, 0.0], [15.8120728, -4.3025911, 0.0]]]}}, {"type": "Feature", "properties": {"id": 1393}, "geometry": {"type": "Polygon", "coordinates": [[[15.7763672, -4.3025911, 0.0], [15.7763672, -4.3039605, 0.0], [15.7777405, -4.3039605, 0.0], [15.7777405, -4.3025911, 0.0], [15.7763672, -4.3025911, 0.0]]]}}, {"type": "Feature", "properties": {"id": 1394}, "geometry": {"type": "Polygon", "coordinates": [[[15.8079529, -4.3012217, 0.0], [15.8079529, -4.2998522, 0.0], [15.8079529, -4.2984828, 0.0], [15.8065796, -4.2984828, 0.0], [15.8065796, -4.2998522, 0.0], [15.8065796, -4.3012217, 0.0], [15.8065796, -4.3025911, 0.0], [15.8079529, -4.3025911, 0.0], [15.8079529, -4.3012217, 0.0]]]}}, {"type": "Feature", "properties": {"id": 1395}, "geometry": {"type": "Polygon", "coordinates": [[[15.68573, -4.3012217, 0.0], [15.68573, -4.3025911, 0.0], [15.6871033, -4.3025911, 0.0], [15.6871033, -4.3012217, 0.0], [15.68573, -4.3012217, 0.0]]]}}, {"type": "Feature", "properties": {"id": 1396}, "geometry": {"type": "Polygon", "coordinates": [[[15.8161926, -4.3012217, 0.0], [15.8161926, -4.3025911, 0.0], [15.8175659, -4.3025911, 0.0], [15.8189392, -4.3025911, 0.0], [15.8189392, -4.3012217, 0.0], [15.8175659, -4.3012217, 0.0], [15.8161926, -4.3012217, 0.0]]]}}, {"type": "Feature", "properties": {"id": 1397}, "geometry": {"type": "Polygon", "coordinates": [[[15.9892273, -4.3012217, 0.0], [15.9892273, -4.3025911, 0.0], [15.9906006, -4.3025911, 0.0], [15.9906006, -4.3012217, 0.0], [15.9892273, -4.3012217, 0.0]]]}}, {"type": "Feature", "properties": {"id": 1398}, "geometry": {"type": "Polygon", "coordinates": [[[15.945282, -4.3012217, 0.0], [15.945282, -4.2998522, 0.0], [15.9439087, -4.2998522, 0.0], [15.9439087, -4.3012217, 0.0], [15.9425354, -4.3012217, 0.0], [15.9425354, -4.3025911, 0.0], [15.9439087, -4.3025911, 0.0], [15.945282, -4.3025911, 0.0], [15.945282, -4.3012217, 0.0]]]}}, {"type": "Feature", "properties": {"id": 1399}, "geometry": {"type": "Polygon", "coordinates": [[[15.9013367, -4.3012217, 0.0], [15.9013367, -4.2998522, 0.0], [15.8999634, -4.2998522, 0.0], [15.8999634, -4.3012217, 0.0], [15.8999634, -4.3025911, 0.0], [15.9013367, -4.3025911, 0.0], [15.9013367, -4.3012217, 0.0]]]}}, {"type": "Feature", "properties": {"id": 1400}, "geometry": {"type": "Polygon", "coordinates": [[[15.9507751, -4.2998522, 0.0], [15.9507751, -4.3012217, 0.0], [15.9521484, -4.3012217, 0.0], [15.9521484, -4.2998522, 0.0], [15.9507751, -4.2998522, 0.0]]]}}, {"type": "Feature", "properties": {"id": 1401}, "geometry": {"type": "Polygon", "coordinates": [[[15.7557678, -4.2998522, 0.0], [15.7557678, -4.3012217, 0.0], [15.7571411, -4.3012217, 0.0], [15.7571411, -4.2998522, 0.0], [15.7557678, -4.2998522, 0.0]]]}}, {"type": "Feature", "properties": {"id": 1402}, "geometry": {"type": "Polygon", "coordinates": [[[15.827179, -4.2998522, 0.0], [15.8285522, -4.2998522, 0.0], [15.8299255, -4.2998522, 0.0], [15.8299255, -4.2984828, 0.0], [15.8299255, -4.2971134, 0.0], [15.8312988, -4.2971134, 0.0], [15.8312988, -4.2957439, 0.0], [15.8299255, -4.2957439, 0.0], [15.8285522, -4.2957439, 0.0], [15.827179, -4.2957439, 0.0], [15.827179, -4.2943745, 0.0], [15.8285522, -4.2943745, 0.0], [15.8285522, -4.2930051, 0.0], [15.8285522, -4.2916356, 0.0], [15.827179, -4.2916356, 0.0], [15.8258057, -4.2916356, 0.0], [15.8258057, -4.2930051, 0.0], [15.8244324, -4.2930051, 0.0], [15.8244324, -4.2943745, 0.0], [15.8244324, -4.2957439, 0.0], [15.8230591, -4.2957439, 0.0], [15.8230591, -4.2971134, 0.0], [15.8244324, -4.2971134, 0.0], [15.8244324, -4.2984828, 0.0], [15.8258057, -4.2984828, 0.0], [15.8258057, -4.2998522, 0.0], [15.8258057, -4.3012217, 0.0], [15.827179, -4.3012217, 0.0], [15.827179, -4.2998522, 0.0]]]}}, {"type": "Feature", "properties": {"id": 1403}, "geometry": {"type": "Polygon", "coordinates": [[[15.8670044, -4.2984828, 0.0], [15.8670044, -4.2971134, 0.0], [15.8656311, -4.2971134, 0.0], [15.8656311, -4.2984828, 0.0], [15.8656311, -4.2998522, 0.0], [15.8670044, -4.2998522, 0.0], [15.8670044, -4.2984828, 0.0]]]}}, {"type": "Feature", "properties": {"id": 1404}, "geometry": {"type": "Polygon", "coordinates": [[[15.8381653, -4.2984828, 0.0], [15.8381653, -4.2971134, 0.0], [15.836792, -4.2971134, 0.0], [15.836792, -4.2984828, 0.0], [15.836792, -4.2998522, 0.0], [15.8381653, -4.2998522, 0.0], [15.8381653, -4.2984828, 0.0]]]}}, {"type": "Feature", "properties": {"id": 1405}, "geometry": {"type": "Polygon", "coordinates": [[[15.8807373, -4.2984828, 0.0], [15.8807373, -4.2998522, 0.0], [15.8821106, -4.2998522, 0.0], [15.8821106, -4.2984828, 0.0], [15.8807373, -4.2984828, 0.0]]]}}, {"type": "Feature", "properties": {"id": 1406}, "geometry": {"type": "Polygon", "coordinates": [[[15.7749939, -4.2984828, 0.0], [15.7749939, -4.2998522, 0.0], [15.7763672, -4.2998522, 0.0], [15.7777405, -4.2998522, 0.0], [15.7777405, -4.2984828, 0.0], [15.7763672, -4.2984828, 0.0], [15.7749939, -4.2984828, 0.0]]]}}, {"type": "Feature", "properties": {"id": 1407}, "geometry": {"type": "Polygon", "coordinates": [[[15.7955933, -4.2971134, 0.0], [15.79422, -4.2971134, 0.0], [15.79422, -4.2984828, 0.0], [15.79422, -4.2998522, 0.0], [15.7955933, -4.2998522, 0.0], [15.7969666, -4.2998522, 0.0], [15.7969666, -4.2984828, 0.0], [15.7969666, -4.2971134, 0.0], [15.7955933, -4.2971134, 0.0]]]}}, {"type": "Feature", "properties": {"id": 1408}, "geometry": {"type": "Polygon", "coordinates": [[[15.8312988, -4.2971134, 0.0], [15.8312988, -4.2984828, 0.0], [15.8326721, -4.2984828, 0.0], [15.8326721, -4.2971134, 0.0], [15.8312988, -4.2971134, 0.0]]]}}, {"type": "Feature", "properties": {"id": 1409}, "geometry": {"type": "Polygon", "coordinates": [[[15.8148193, -4.2971134, 0.0], [15.8148193, -4.2984828, 0.0], [15.8161926, -4.2984828, 0.0], [15.8161926, -4.2971134, 0.0], [15.8148193, -4.2971134, 0.0]]]}}, {"type": "Feature", "properties": {"id": 1410}, "geometry": {"type": "Polygon", "coordinates": [[[15.7722473, -4.2971134, 0.0], [15.7722473, -4.2957439, 0.0], [15.770874, -4.2957439, 0.0], [15.770874, -4.2971134, 0.0], [15.770874, -4.2984828, 0.0], [15.7722473, -4.2984828, 0.0], [15.7722473, -4.2971134, 0.0]]]}}, {"type": "Feature", "properties": {"id": 1411}, "geometry": {"type": "Polygon", "coordinates": [[[15.6925964, -4.2971134, 0.0], [15.6925964, -4.2984828, 0.0], [15.6939697, -4.2984828, 0.0], [15.6939697, -4.2971134, 0.0], [15.6925964, -4.2971134, 0.0]]]}}, {"type": "Feature", "properties": {"id": 1412}, "geometry": {"type": "Polygon", "coordinates": [[[15.7516479, -4.2971134, 0.0], [15.7516479, -4.2984828, 0.0], [15.7530212, -4.2984828, 0.0], [15.7530212, -4.2971134, 0.0], [15.7516479, -4.2971134, 0.0]]]}}, {"type": "Feature", "properties": {"id": 1413}, "geometry": {"type": "Polygon", "coordinates": [[[15.7557678, -4.2957439, 0.0], [15.7557678, -4.2971134, 0.0], [15.7571411, -4.2971134, 0.0], [15.7571411, -4.2957439, 0.0], [15.7557678, -4.2957439, 0.0]]]}}, {"type": "Feature", "properties": {"id": 1414}, "geometry": {"type": "Polygon", "coordinates": [[[15.8546448, -4.2957439, 0.0], [15.8546448, -4.2971134, 0.0], [15.8560181, -4.2971134, 0.0], [15.8560181, -4.2957439, 0.0], [15.8546448, -4.2957439, 0.0]]]}}, {"type": "Feature", "properties": {"id": 1415}, "geometry": {"type": "Polygon", "coordinates": [[[15.8340454, -4.2957439, 0.0], [15.8340454, -4.2971134, 0.0], [15.8354187, -4.2971134, 0.0], [15.8354187, -4.2957439, 0.0], [15.8340454, -4.2957439, 0.0]]]}}, {"type": "Feature", "properties": {"id": 1416}, "geometry": {"type": "Polygon", "coordinates": [[[15.7749939, -4.2957439, 0.0], [15.7749939, -4.2943745, 0.0], [15.7736206, -4.2943745, 0.0], [15.7736206, -4.2957439, 0.0], [15.7736206, -4.2971134, 0.0], [15.7749939, -4.2971134, 0.0], [15.7749939, -4.2957439, 0.0]]]}}, {"type": "Feature", "properties": {"id": 1417}, "geometry": {"type": "Polygon", "coordinates": [[[15.8436584, -4.2943745, 0.0], [15.8422852, -4.2943745, 0.0], [15.8422852, -4.2957439, 0.0], [15.8436584, -4.2957439, 0.0], [15.8450317, -4.2957439, 0.0], [15.8450317, -4.2943745, 0.0], [15.8436584, -4.2943745, 0.0]]]}}, {"type": "Feature", "properties": {"id": 1418}, "geometry": {"type": "Polygon", "coordinates": [[[15.9082031, -4.2943745, 0.0], [15.9082031, -4.2957439, 0.0], [15.9095764, -4.2957439, 0.0], [15.9095764, -4.2943745, 0.0], [15.9082031, -4.2943745, 0.0]]]}}, {"type": "Feature", "properties": {"id": 1419}, "geometry": {"type": "Polygon", "coordinates": [[[15.9054565, -4.2943745, 0.0], [15.9054565, -4.2957439, 0.0], [15.9068298, -4.2957439, 0.0], [15.9068298, -4.2943745, 0.0], [15.9054565, -4.2943745, 0.0]]]}}, {"type": "Feature", "properties": {"id": 1420}, "geometry": {"type": "Polygon", "coordinates": [[[15.836792, -4.2943745, 0.0], [15.836792, -4.2957439, 0.0], [15.8381653, -4.2957439, 0.0], [15.8381653, -4.2943745, 0.0], [15.836792, -4.2943745, 0.0]]]}}, {"type": "Feature", "properties": {"id": 1421}, "geometry": {"type": "Polygon", "coordinates": [[[15.6898499, -4.2943745, 0.0], [15.6898499, -4.2930051, 0.0], [15.6884766, -4.2930051, 0.0], [15.6871033, -4.2930051, 0.0], [15.6871033, -4.2943745, 0.0], [15.6884766, -4.2943745, 0.0], [15.6884766, -4.2957439, 0.0], [15.6898499, -4.2957439, 0.0], [15.6912231, -4.2957439, 0.0], [15.6912231, -4.2943745, 0.0], [15.6898499, -4.2943745, 0.0]]]}}, {"type": "Feature", "properties": {"id": 1422}, "geometry": {"type": "Polygon", "coordinates": [[[15.7543945, -4.2943745, 0.0], [15.7543945, -4.2957439, 0.0], [15.7557678, -4.2957439, 0.0], [15.7557678, -4.2943745, 0.0], [15.7543945, -4.2943745, 0.0]]]}}, {"type": "Feature", "properties": {"id": 1423}, "geometry": {"type": "Polygon", "coordinates": [[[15.7598877, -4.2943745, 0.0], [15.7598877, -4.2957439, 0.0], [15.761261, -4.2957439, 0.0], [15.7626343, -4.2957439, 0.0], [15.7626343, -4.2943745, 0.0], [15.761261, -4.2943745, 0.0], [15.7598877, -4.2943745, 0.0]]]}}, {"type": "Feature", "properties": {"id": 1424}, "geometry": {"type": "Polygon", "coordinates": [[[15.9233093, -4.2930051, 0.0], [15.9233093, -4.2943745, 0.0], [15.9246826, -4.2943745, 0.0], [15.9246826, -4.2930051, 0.0], [15.9233093, -4.2930051, 0.0]]]}}, {"type": "Feature", "properties": {"id": 1425}, "geometry": {"type": "Polygon", "coordinates": [[[15.7681274, -4.2943745, 0.0], [15.7681274, -4.2957439, 0.0], [15.7695007, -4.2957439, 0.0], [15.770874, -4.2957439, 0.0], [15.770874, -4.2943745, 0.0], [15.7695007, -4.2943745, 0.0], [15.7681274, -4.2943745, 0.0]]]}}, {"type": "Feature", "properties": {"id": 1426}, "geometry": {"type": "Polygon", "coordinates": [[[15.7571411, -4.2943745, 0.0], [15.7585144, -4.2943745, 0.0], [15.7585144, -4.2930051, 0.0], [15.7571411, -4.2930051, 0.0], [15.7571411, -4.2916356, 0.0], [15.7557678, -4.2916356, 0.0], [15.7557678, -4.2930051, 0.0], [15.7557678, -4.2943745, 0.0], [15.7571411, -4.2943745, 0.0]]]}}, {"type": "Feature", "properties": {"id": 1427}, "geometry": {"type": "Polygon", "coordinates": [[[15.7653809, -4.2930051, 0.0], [15.7667542, -4.2930051, 0.0], [15.7667542, -4.2916356, 0.0], [15.7653809, -4.2916356, 0.0], [15.7640076, -4.2916356, 0.0], [15.7640076, -4.2930051, 0.0], [15.7626343, -4.2930051, 0.0], [15.7626343, -4.2943745, 0.0], [15.7640076, -4.2943745, 0.0], [15.7653809, -4.2943745, 0.0], [15.7653809, -4.2930051, 0.0]]]}}, {"type": "Feature", "properties": {"id": 1428}, "geometry": {"type": "Polygon", "coordinates": [[[15.8573914, -4.2930051, 0.0], [15.8573914, -4.2943745, 0.0], [15.8587646, -4.2943745, 0.0], [15.8587646, -4.2930051, 0.0], [15.8573914, -4.2930051, 0.0]]]}}, {"type": "Feature", "properties": {"id": 1429}, "geometry": {"type": "Polygon", "coordinates": [[[15.8711243, -4.2930051, 0.0], [15.8711243, -4.2943745, 0.0], [15.8724976, -4.2943745, 0.0], [15.8724976, -4.2930051, 0.0], [15.8711243, -4.2930051, 0.0]]]}}, {"type": "Feature", "properties": {"id": 1430}, "geometry": {"type": "Polygon", "coordinates": [[[15.9658813, -4.2916356, 0.0], [15.9658813, -4.2902662, 0.0], [15.9658813, -4.2888967, 0.0], [15.9658813, -4.2875273, 0.0], [15.9658813, -4.2861579, 0.0], [15.9645081, -4.2861579, 0.0], [15.9631348, -4.2861579, 0.0], [15.9617615, -4.2861579, 0.0], [15.9603882, -4.2861579, 0.0], [15.9590149, -4.2861579, 0.0], [15.9590149, -4.2875273, 0.0], [15.9590149, -4.2888967, 0.0], [15.9603882, -4.2888967, 0.0], [15.9603882, -4.2902662, 0.0], [15.9603882, -4.2916356, 0.0], [15.9617615, -4.2916356, 0.0], [15.9617615, -4.2930051, 0.0], [15.9631348, -4.2930051, 0.0], [15.9645081, -4.2930051, 0.0], [15.9658813, -4.2930051, 0.0], [15.9658813, -4.2916356, 0.0]]]}}, {"type": "Feature", "properties": {"id": 1431}, "geometry": {"type": "Polygon", "coordinates": [[[15.7475281, -4.2916356, 0.0], [15.7475281, -4.2902662, 0.0], [15.7461548, -4.2902662, 0.0], [15.7461548, -4.2916356, 0.0], [15.7461548, -4.2930051, 0.0], [15.7475281, -4.2930051, 0.0], [15.7475281, -4.2916356, 0.0]]]}}, {"type": "Feature", "properties": {"id": 1432}, "geometry": {"type": "Polygon", "coordinates": [[[15.761261, -4.2916356, 0.0], [15.761261, -4.2930051, 0.0], [15.7626343, -4.2930051, 0.0], [15.7626343, -4.2916356, 0.0], [15.761261, -4.2916356, 0.0]]]}}, {"type": "Feature", "properties": {"id": 1433}, "geometry": {"type": "Polygon", "coordinates": [[[15.9274292, -4.2916356, 0.0], [15.9274292, -4.2902662, 0.0], [15.9274292, -4.2888967, 0.0], [15.9260559, -4.2888967, 0.0], [15.9260559, -4.2902662, 0.0], [15.9260559, -4.2916356, 0.0], [15.9260559, -4.2930051, 0.0], [15.9274292, -4.2930051, 0.0], [15.9274292, -4.2916356, 0.0]]]}}, {"type": "Feature", "properties": {"id": 1434}, "geometry": {"type": "Polygon", "coordinates": [[[15.8821106, -4.2916356, 0.0], [15.8821106, -4.2930051, 0.0], [15.8834839, -4.2930051, 0.0], [15.8834839, -4.2916356, 0.0], [15.8821106, -4.2916356, 0.0]]]}}, {"type": "Feature", "properties": {"id": 1435}, "geometry": {"type": "Polygon", "coordinates": [[[15.8999634, -4.2916356, 0.0], [15.8999634, -4.2930051, 0.0], [15.9013367, -4.2930051, 0.0], [15.90271, -4.2930051, 0.0], [15.90271, -4.2916356, 0.0], [15.9013367, -4.2916356, 0.0], [15.8999634, -4.2916356, 0.0]]]}}, {"type": "Feature", "properties": {"id": 1436}, "geometry": {"type": "Polygon", "coordinates": [[[15.9068298, -4.2916356, 0.0], [15.9082031, -4.2916356, 0.0], [15.9082031, -4.2902662, 0.0], [15.9068298, -4.2902662, 0.0], [15.9054565, -4.2902662, 0.0], [15.9054565, -4.2916356, 0.0], [15.9040833, -4.2916356, 0.0], [15.9040833, -4.2930051, 0.0], [15.9054565, -4.2930051, 0.0], [15.9068298, -4.2930051, 0.0], [15.9068298, -4.2916356, 0.0]]]}}, {"type": "Feature", "properties": {"id": 1437}, "geometry": {"type": "Polygon", "coordinates": [[[15.7749939, -4.2902662, 0.0], [15.7763672, -4.2902662, 0.0], [15.7763672, -4.2888967, 0.0], [15.7763672, -4.2875273, 0.0], [15.7749939, -4.2875273, 0.0], [15.7736206, -4.2875273, 0.0], [15.7736206, -4.2888967, 0.0], [15.7722473, -4.2888967, 0.0], [15.7722473, -4.2902662, 0.0], [15.7736206, -4.2902662, 0.0], [15.7736206, -4.2916356, 0.0], [15.7749939, -4.2916356, 0.0], [15.7749939, -4.2902662, 0.0]]]}}, {"type": "Feature", "properties": {"id": 1438}, "geometry": {"type": "Polygon", "coordinates": [[[15.8065796, -4.2902662, 0.0], [15.8065796, -4.2888967, 0.0], [15.8052063, -4.2888967, 0.0], [15.8052063, -4.2902662, 0.0], [15.8052063, -4.2916356, 0.0], [15.8065796, -4.2916356, 0.0], [15.8065796, -4.2902662, 0.0]]]}}, {"type": "Feature", "properties": {"id": 1439}, "geometry": {"type": "Polygon", "coordinates": [[[15.8395386, -4.2902662, 0.0], [15.8395386, -4.2916356, 0.0], [15.8409119, -4.2916356, 0.0], [15.8422852, -4.2916356, 0.0], [15.8422852, -4.2902662, 0.0], [15.8409119, -4.2902662, 0.0], [15.8395386, -4.2902662, 0.0]]]}}, {"type": "Feature", "properties": {"id": 1440}, "geometry": {"type": "Polygon", "coordinates": [[[15.7626343, -4.2902662, 0.0], [15.7626343, -4.2916356, 0.0], [15.7640076, -4.2916356, 0.0], [15.7640076, -4.2902662, 0.0], [15.7626343, -4.2902662, 0.0]]]}}, {"type": "Feature", "properties": {"id": 1441}, "geometry": {"type": "Polygon", "coordinates": [[[15.90271, -4.2902662, 0.0], [15.90271, -4.2916356, 0.0], [15.9040833, -4.2916356, 0.0], [15.9040833, -4.2902662, 0.0], [15.90271, -4.2902662, 0.0]]]}}, {"type": "Feature", "properties": {"id": 1442}, "geometry": {"type": "Polygon", "coordinates": [[[15.7530212, -4.2888967, 0.0], [15.7543945, -4.2888967, 0.0], [15.7543945, -4.2875273, 0.0], [15.7530212, -4.2875273, 0.0], [15.7516479, -4.2875273, 0.0], [15.7516479, -4.2861579, 0.0], [15.7516479, -4.2847884, 0.0], [15.7502747, -4.2847884, 0.0], [15.7502747, -4.2834189, 0.0], [15.7502747, -4.2820495, 0.0], [15.7489014, -4.2820495, 0.0], [15.7475281, -4.2820495, 0.0], [15.7475281, -4.2834189, 0.0], [15.7475281, -4.2847884, 0.0], [15.7489014, -4.2847884, 0.0], [15.7489014, -4.2861579, 0.0], [15.7502747, -4.2861579, 0.0], [15.7502747, -4.2875273, 0.0], [15.7502747, -4.2888967, 0.0], [15.7516479, -4.2888967, 0.0], [15.7516479, -4.2902662, 0.0], [15.7530212, -4.2902662, 0.0], [15.7530212, -4.2888967, 0.0]]]}}, {"type": "Feature", "properties": {"id": 1443}, "geometry": {"type": "Polygon", "coordinates": [[[15.7681274, -4.2888967, 0.0], [15.7681274, -4.2902662, 0.0], [15.7695007, -4.2902662, 0.0], [15.7695007, -4.2888967, 0.0], [15.7681274, -4.2888967, 0.0]]]}}, {"type": "Feature", "properties": {"id": 1444}, "geometry": {"type": "Polygon", "coordinates": [[[15.8573914, -4.2888967, 0.0], [15.8560181, -4.2888967, 0.0], [15.8560181, -4.2902662, 0.0], [15.8573914, -4.2902662, 0.0], [15.8587646, -4.2902662, 0.0], [15.8587646, -4.2888967, 0.0], [15.8573914, -4.2888967, 0.0]]]}}, {"type": "Feature", "properties": {"id": 1445}, "geometry": {"type": "Polygon", "coordinates": [[[15.8244324, -4.2888967, 0.0], [15.8244324, -4.2902662, 0.0], [15.8258057, -4.2902662, 0.0], [15.8258057, -4.2888967, 0.0], [15.8244324, -4.2888967, 0.0]]]}}, {"type": "Feature", "properties": {"id": 1446}, "geometry": {"type": "Polygon", "coordinates": [[[15.8436584, -4.2888967, 0.0], [15.8436584, -4.2875273, 0.0], [15.8422852, -4.2875273, 0.0], [15.8422852, -4.2888967, 0.0], [15.8422852, -4.2902662, 0.0], [15.8436584, -4.2902662, 0.0], [15.8436584, -4.2888967, 0.0]]]}}, {"type": "Feature", "properties": {"id": 1447}, "geometry": {"type": "Polygon", "coordinates": [[[15.9274292, -4.2875273, 0.0], [15.9274292, -4.2888967, 0.0], [15.9288025, -4.2888967, 0.0], [15.9288025, -4.2875273, 0.0], [15.9274292, -4.2875273, 0.0]]]}}, {"type": "Feature", "properties": {"id": 1448}, "geometry": {"type": "Polygon", "coordinates": [[[15.8656311, -4.2875273, 0.0], [15.8656311, -4.2888967, 0.0], [15.8670044, -4.2888967, 0.0], [15.8670044, -4.2875273, 0.0], [15.8656311, -4.2875273, 0.0]]]}}, {"type": "Feature", "properties": {"id": 1449}, "geometry": {"type": "Polygon", "coordinates": [[[15.8711243, -4.2875273, 0.0], [15.8711243, -4.2888967, 0.0], [15.8724976, -4.2888967, 0.0], [15.8724976, -4.2875273, 0.0], [15.8711243, -4.2875273, 0.0]]]}}, {"type": "Feature", "properties": {"id": 1450}, "geometry": {"type": "Polygon", "coordinates": [[[15.8752441, -4.2875273, 0.0], [15.8752441, -4.2888967, 0.0], [15.8766174, -4.2888967, 0.0], [15.8766174, -4.2875273, 0.0], [15.8752441, -4.2875273, 0.0]]]}}, {"type": "Feature", "properties": {"id": 1451}, "geometry": {"type": "Polygon", "coordinates": [[[15.9727478, -4.2875273, 0.0], [15.9727478, -4.2888967, 0.0], [15.9741211, -4.2888967, 0.0], [15.9741211, -4.2875273, 0.0], [15.9727478, -4.2875273, 0.0]]]}}, {"type": "Feature", "properties": {"id": 1452}, "geometry": {"type": "Polygon", "coordinates": [[[15.8670044, -4.2861579, 0.0], [15.8670044, -4.2875273, 0.0], [15.8683777, -4.2875273, 0.0], [15.8683777, -4.2861579, 0.0], [15.8670044, -4.2861579, 0.0]]]}}, {"type": "Feature", "properties": {"id": 1453}, "geometry": {"type": "Polygon", "coordinates": [[[15.9370422, -4.2861579, 0.0], [15.9370422, -4.2847884, 0.0], [15.9356689, -4.2847884, 0.0], [15.9342957, -4.2847884, 0.0], [15.9329224, -4.2847884, 0.0], [15.9329224, -4.2834189, 0.0], [15.9315491, -4.2834189, 0.0], [15.9301758, -4.2834189, 0.0], [15.9288025, -4.2834189, 0.0], [15.9274292, -4.2834189, 0.0], [15.9274292, -4.2820495, 0.0], [15.9260559, -4.2820495, 0.0], [15.9260559, -4.28068, 0.0], [15.9260559, -4.2793106, 0.0], [15.9260559, -4.2779411, 0.0], [15.9246826, -4.2779411, 0.0], [15.9233093, -4.2779411, 0.0], [15.9233093, -4.2793106, 0.0], [15.921936, -4.2793106, 0.0], [15.9205627, -4.2793106, 0.0], [15.9191895, -4.2793106, 0.0], [15.9178162, -4.2793106, 0.0], [15.9178162, -4.2779411, 0.0], [15.9164429, -4.2779411, 0.0], [15.9150696, -4.2779411, 0.0], [15.9136963, -4.2779411, 0.0], [15.9136963, -4.2793106, 0.0], [15.912323, -4.2793106, 0.0], [15.9109497, -4.2793106, 0.0], [15.9109497, -4.28068, 0.0], [15.912323, -4.28068, 0.0], [15.9136963, -4.28068, 0.0], [15.9136963, -4.2820495, 0.0], [15.9150696, -4.2820495, 0.0], [15.9164429, -4.2820495, 0.0], [15.9178162, -4.2820495, 0.0], [15.9191895, -4.2820495, 0.0], [15.9205627, -4.2820495, 0.0], [15.9205627, -4.2834189, 0.0], [15.921936, -4.2834189, 0.0], [15.9233093, -4.2834189, 0.0], [15.9233093, -4.2847884, 0.0], [15.9233093, -4.2861579, 0.0], [15.9246826, -4.2861579, 0.0], [15.9260559, -4.2861579, 0.0], [15.9274292, -4.2861579, 0.0], [15.9288025, -4.2861579, 0.0], [15.9301758, -4.2861579, 0.0], [15.9315491, -4.2861579, 0.0], [15.9329224, -4.2861579, 0.0], [15.9342957, -4.2861579, 0.0], [15.9356689, -4.2861579, 0.0], [15.9356689, -4.2875273, 0.0], [15.9370422, -4.2875273, 0.0], [15.9370422, -4.2861579, 0.0]]]}}, {"type": "Feature", "properties": {"id": 1454}, "geometry": {"type": "Polygon", "coordinates": [[[15.8175659, -4.2861579, 0.0], [15.8175659, -4.2875273, 0.0], [15.8189392, -4.2875273, 0.0], [15.8189392, -4.2861579, 0.0], [15.8175659, -4.2861579, 0.0]]]}}, {"type": "Feature", "properties": {"id": 1455}, "geometry": {"type": "Polygon", "coordinates": [[[15.8354187, -4.2861579, 0.0], [15.8354187, -4.2875273, 0.0], [15.836792, -4.2875273, 0.0], [15.836792, -4.2861579, 0.0], [15.8354187, -4.2861579, 0.0]]]}}, {"type": "Feature", "properties": {"id": 1456}, "geometry": {"type": "Polygon", "coordinates": [[[15.8821106, -4.2861579, 0.0], [15.8807373, -4.2861579, 0.0], [15.8807373, -4.2875273, 0.0], [15.8821106, -4.2875273, 0.0], [15.8834839, -4.2875273, 0.0], [15.8834839, -4.2861579, 0.0], [15.8821106, -4.2861579, 0.0]]]}}, {"type": "Feature", "properties": {"id": 1457}, "geometry": {"type": "Polygon", "coordinates": [[[15.8381653, -4.2847884, 0.0], [15.836792, -4.2847884, 0.0], [15.836792, -4.2861579, 0.0], [15.8381653, -4.2861579, 0.0], [15.8395386, -4.2861579, 0.0], [15.8409119, -4.2861579, 0.0], [15.8409119, -4.2847884, 0.0], [15.8395386, -4.2847884, 0.0], [15.8381653, -4.2847884, 0.0]]]}}, {"type": "Feature", "properties": {"id": 1458}, "geometry": {"type": "Polygon", "coordinates": [[[15.79422, -4.2847884, 0.0], [15.79422, -4.2834189, 0.0], [15.7928467, -4.2834189, 0.0], [15.7914734, -4.2834189, 0.0], [15.7914734, -4.2847884, 0.0], [15.7928467, -4.2847884, 0.0], [15.7928467, -4.2861579, 0.0], [15.79422, -4.2861579, 0.0], [15.79422, -4.2847884, 0.0]]]}}, {"type": "Feature", "properties": {"id": 1459}, "geometry": {"type": "Polygon", "coordinates": [[[15.8628845, -4.2847884, 0.0], [15.8628845, -4.2861579, 0.0], [15.8642578, -4.2861579, 0.0], [15.8642578, -4.2847884, 0.0], [15.8628845, -4.2847884, 0.0]]]}}, {"type": "Feature", "properties": {"id": 1460}, "geometry": {"type": "Polygon", "coordinates": [[[15.945282, -4.2847884, 0.0], [15.945282, -4.2861579, 0.0], [15.9466553, -4.2861579, 0.0], [15.9466553, -4.2847884, 0.0], [15.945282, -4.2847884, 0.0]]]}}, {"type": "Feature", "properties": {"id": 1461}, "geometry": {"type": "Polygon", "coordinates": [[[15.8862305, -4.2847884, 0.0], [15.8862305, -4.2834189, 0.0], [15.8848572, -4.2834189, 0.0], [15.8834839, -4.2834189, 0.0], [15.8834839, -4.2847884, 0.0], [15.8848572, -4.2847884, 0.0], [15.8848572, -4.2861579, 0.0], [15.8862305, -4.2861579, 0.0], [15.8862305, -4.2847884, 0.0]]]}}, {"type": "Feature", "properties": {"id": 1462}, "geometry": {"type": "Polygon", "coordinates": [[[15.879364, -4.2847884, 0.0], [15.8807373, -4.2847884, 0.0], [15.8821106, -4.2847884, 0.0], [15.8821106, -4.2834189, 0.0], [15.8807373, -4.2834189, 0.0], [15.879364, -4.2834189, 0.0], [15.8779907, -4.2834189, 0.0], [15.8779907, -4.2847884, 0.0], [15.8766174, -4.2847884, 0.0], [15.8766174, -4.2861579, 0.0], [15.8779907, -4.2861579, 0.0], [15.879364, -4.2861579, 0.0], [15.879364, -4.2847884, 0.0]]]}}, {"type": "Feature", "properties": {"id": 1463}, "geometry": {"type": "Polygon", "coordinates": [[[15.9713745, -4.2847884, 0.0], [15.9713745, -4.2861579, 0.0], [15.9727478, -4.2861579, 0.0], [15.9727478, -4.2847884, 0.0], [15.9713745, -4.2847884, 0.0]]]}}, {"type": "Feature", "properties": {"id": 1464}, "geometry": {"type": "Polygon", "coordinates": [[[15.7351685, -4.2834189, 0.0], [15.7351685, -4.2847884, 0.0], [15.7365417, -4.2847884, 0.0], [15.7365417, -4.2834189, 0.0], [15.7351685, -4.2834189, 0.0]]]}}, {"type": "Feature", "properties": {"id": 1465}, "geometry": {"type": "Polygon", "coordinates": [[[15.8518982, -4.2834189, 0.0], [15.8518982, -4.2820495, 0.0], [15.8505249, -4.2820495, 0.0], [15.8505249, -4.2834189, 0.0], [15.8491516, -4.2834189, 0.0], [15.8491516, -4.2847884, 0.0], [15.8505249, -4.2847884, 0.0], [15.8518982, -4.2847884, 0.0], [15.8518982, -4.2834189, 0.0]]]}}, {"type": "Feature", "properties": {"id": 1466}, "geometry": {"type": "Polygon", "coordinates": [[[15.8299255, -4.2834189, 0.0], [15.8299255, -4.2820495, 0.0], [15.8285522, -4.2820495, 0.0], [15.8285522, -4.2834189, 0.0], [15.8285522, -4.2847884, 0.0], [15.8299255, -4.2847884, 0.0], [15.8299255, -4.2834189, 0.0]]]}}, {"type": "Feature", "properties": {"id": 1467}, "geometry": {"type": "Polygon", "coordinates": [[[15.8106995, -4.2834189, 0.0], [15.8106995, -4.2847884, 0.0], [15.8120728, -4.2847884, 0.0], [15.8120728, -4.2834189, 0.0], [15.8106995, -4.2834189, 0.0]]]}}, {"type": "Feature", "properties": {"id": 1468}, "geometry": {"type": "Polygon", "coordinates": [[[15.8587646, -4.2834189, 0.0], [15.8587646, -4.2847884, 0.0], [15.8601379, -4.2847884, 0.0], [15.8601379, -4.2834189, 0.0], [15.8587646, -4.2834189, 0.0]]]}}, {"type": "Feature", "properties": {"id": 1469}, "geometry": {"type": "Polygon", "coordinates": [[[15.7777405, -4.2834189, 0.0], [15.7777405, -4.2847884, 0.0], [15.7791138, -4.2847884, 0.0], [15.7791138, -4.2834189, 0.0], [15.7777405, -4.2834189, 0.0]]]}}, {"type": "Feature", "properties": {"id": 1470}, "geometry": {"type": "Polygon", "coordinates": [[[15.9466553, -4.2834189, 0.0], [15.9466553, -4.2847884, 0.0], [15.9480286, -4.2847884, 0.0], [15.9480286, -4.2834189, 0.0], [15.9466553, -4.2834189, 0.0]]]}}, {"type": "Feature", "properties": {"id": 1471}, "geometry": {"type": "Polygon", "coordinates": [[[15.7365417, -4.2820495, 0.0], [15.7365417, -4.2834189, 0.0], [15.737915, -4.2834189, 0.0], [15.737915, -4.2820495, 0.0], [15.7365417, -4.2820495, 0.0]]]}}, {"type": "Feature", "properties": {"id": 1472}, "geometry": {"type": "Polygon", "coordinates": [[[15.7392883, -4.2820495, 0.0], [15.7392883, -4.2834189, 0.0], [15.7406616, -4.2834189, 0.0], [15.7420349, -4.2834189, 0.0], [15.7434082, -4.2834189, 0.0], [15.7434082, -4.2820495, 0.0], [15.7447815, -4.2820495, 0.0], [15.7447815, -4.28068, 0.0], [15.7434082, -4.28068, 0.0], [15.7420349, -4.28068, 0.0], [15.7406616, -4.28068, 0.0], [15.7406616, -4.2820495, 0.0], [15.7392883, -4.2820495, 0.0]]]}}, {"type": "Feature", "properties": {"id": 1473}, "geometry": {"type": "Polygon", "coordinates": [[[15.9370422, -4.2820495, 0.0], [15.9370422, -4.2834189, 0.0], [15.9384155, -4.2834189, 0.0], [15.9384155, -4.2820495, 0.0], [15.9370422, -4.2820495, 0.0]]]}}, {"type": "Feature", "properties": {"id": 1474}, "geometry": {"type": "Polygon", "coordinates": [[[15.8422852, -4.2820495, 0.0], [15.8436584, -4.2820495, 0.0], [15.8436584, -4.28068, 0.0], [15.8422852, -4.28068, 0.0], [15.8409119, -4.28068, 0.0], [15.8409119, -4.2820495, 0.0], [15.8409119, -4.2834189, 0.0], [15.8422852, -4.2834189, 0.0], [15.8422852, -4.2820495, 0.0]]]}}, {"type": "Feature", "properties": {"id": 1475}, "geometry": {"type": "Polygon", "coordinates": [[[15.7736206, -4.2820495, 0.0], [15.7736206, -4.28068, 0.0], [15.7722473, -4.28068, 0.0], [15.770874, -4.28068, 0.0], [15.770874, -4.2820495, 0.0], [15.770874, -4.2834189, 0.0], [15.7722473, -4.2834189, 0.0], [15.7736206, -4.2834189, 0.0], [15.7736206, -4.2820495, 0.0]]]}}, {"type": "Feature", "properties": {"id": 1476}, "geometry": {"type": "Polygon", "coordinates": [[[15.7626343, -4.28068, 0.0], [15.7626343, -4.2820495, 0.0], [15.7640076, -4.2820495, 0.0], [15.7640076, -4.28068, 0.0], [15.7626343, -4.28068, 0.0]]]}}, {"type": "Feature", "properties": {"id": 1477}, "geometry": {"type": "Polygon", "coordinates": [[[15.8807373, -4.28068, 0.0], [15.8807373, -4.2820495, 0.0], [15.8821106, -4.2820495, 0.0], [15.8821106, -4.28068, 0.0], [15.8807373, -4.28068, 0.0]]]}}, {"type": "Feature", "properties": {"id": 1478}, "geometry": {"type": "Polygon", "coordinates": [[[15.8752441, -4.28068, 0.0], [15.8752441, -4.2820495, 0.0], [15.8766174, -4.2820495, 0.0], [15.8766174, -4.28068, 0.0], [15.8752441, -4.28068, 0.0]]]}}, {"type": "Feature", "properties": {"id": 1479}, "geometry": {"type": "Polygon", "coordinates": [[[15.7681274, -4.28068, 0.0], [15.7681274, -4.2820495, 0.0], [15.7695007, -4.2820495, 0.0], [15.7695007, -4.28068, 0.0], [15.7681274, -4.28068, 0.0]]]}}, {"type": "Feature", "properties": {"id": 1480}, "geometry": {"type": "Polygon", "coordinates": [[[15.9700012, -4.2793106, 0.0], [15.9700012, -4.28068, 0.0], [15.9713745, -4.28068, 0.0], [15.9727478, -4.28068, 0.0], [15.9727478, -4.2793106, 0.0], [15.9713745, -4.2793106, 0.0], [15.9700012, -4.2793106, 0.0]]]}}, {"type": "Feature", "properties": {"id": 1481}, "geometry": {"type": "Polygon", "coordinates": [[[15.9494019, -4.2793106, 0.0], [15.9494019, -4.2779411, 0.0], [15.9480286, -4.2779411, 0.0], [15.9480286, -4.2793106, 0.0], [15.9480286, -4.28068, 0.0], [15.9494019, -4.28068, 0.0], [15.9494019, -4.2793106, 0.0]]]}}, {"type": "Feature", "properties": {"id": 1482}, "geometry": {"type": "Polygon", "coordinates": [[[15.7846069, -4.2793106, 0.0], [15.7846069, -4.2779411, 0.0], [15.7832336, -4.2779411, 0.0], [15.7832336, -4.2765716, 0.0], [15.7818604, -4.2765716, 0.0], [15.7804871, -4.2765716, 0.0], [15.7804871, -4.2779411, 0.0], [15.7818604, -4.2779411, 0.0], [15.7818604, -4.2793106, 0.0], [15.7818604, -4.28068, 0.0], [15.7832336, -4.28068, 0.0], [15.7846069, -4.28068, 0.0], [15.7846069, -4.2793106, 0.0]]]}}, {"type": "Feature", "properties": {"id": 1483}, "geometry": {"type": "Polygon", "coordinates": [[[15.8065796, -4.2793106, 0.0], [15.8065796, -4.28068, 0.0], [15.8079529, -4.28068, 0.0], [15.8079529, -4.2793106, 0.0], [15.8065796, -4.2793106, 0.0]]]}}, {"type": "Feature", "properties": {"id": 1484}, "geometry": {"type": "Polygon", "coordinates": [[[15.879364, -4.2793106, 0.0], [15.879364, -4.28068, 0.0], [15.8807373, -4.28068, 0.0], [15.8807373, -4.2793106, 0.0], [15.879364, -4.2793106, 0.0]]]}}, {"type": "Feature", "properties": {"id": 1485}, "geometry": {"type": "Polygon", "coordinates": [[[15.9603882, -4.2779411, 0.0], [15.9603882, -4.2793106, 0.0], [15.9617615, -4.2793106, 0.0], [15.9617615, -4.2779411, 0.0], [15.9603882, -4.2779411, 0.0]]]}}, {"type": "Feature", "properties": {"id": 1486}, "geometry": {"type": "Polygon", "coordinates": [[[15.9686279, -4.2793106, 0.0], [15.9700012, -4.2793106, 0.0], [15.9700012, -4.2779411, 0.0], [15.9686279, -4.2779411, 0.0], [15.9686279, -4.2765716, 0.0], [15.9672546, -4.2765716, 0.0], [15.9672546, -4.2779411, 0.0], [15.9672546, -4.2793106, 0.0], [15.9686279, -4.2793106, 0.0]]]}}, {"type": "Feature", "properties": {"id": 1487}, "geometry": {"type": "Polygon", "coordinates": [[[15.7447815, -4.2779411, 0.0], [15.7447815, -4.2793106, 0.0], [15.7461548, -4.2793106, 0.0], [15.7461548, -4.2779411, 0.0], [15.7447815, -4.2779411, 0.0]]]}}, {"type": "Feature", "properties": {"id": 1488}, "geometry": {"type": "Polygon", "coordinates": [[[15.7736206, -4.2779411, 0.0], [15.7722473, -4.2779411, 0.0], [15.7722473, -4.2793106, 0.0], [15.7736206, -4.2793106, 0.0], [15.7749939, -4.2793106, 0.0], [15.7749939, -4.2779411, 0.0], [15.7736206, -4.2779411, 0.0]]]}}, {"type": "Feature", "properties": {"id": 1489}, "geometry": {"type": "Polygon", "coordinates": [[[15.9054565, -4.2779411, 0.0], [15.9054565, -4.2765716, 0.0], [15.9040833, -4.2765716, 0.0], [15.9040833, -4.2779411, 0.0], [15.9040833, -4.2793106, 0.0], [15.9054565, -4.2793106, 0.0], [15.9054565, -4.2779411, 0.0]]]}}, {"type": "Feature", "properties": {"id": 1490}, "geometry": {"type": "Polygon", "coordinates": [[[15.8148193, -4.2779411, 0.0], [15.8148193, -4.2765716, 0.0], [15.813446, -4.2765716, 0.0], [15.813446, -4.2779411, 0.0], [15.8120728, -4.2779411, 0.0], [15.8120728, -4.2793106, 0.0], [15.813446, -4.2793106, 0.0], [15.8148193, -4.2793106, 0.0], [15.8148193, -4.2779411, 0.0]]]}}, {"type": "Feature", "properties": {"id": 1491}, "geometry": {"type": "Polygon", "coordinates": [[[15.7640076, -4.2765716, 0.0], [15.7640076, -4.2779411, 0.0], [15.7653809, -4.2779411, 0.0], [15.7653809, -4.2765716, 0.0], [15.7640076, -4.2765716, 0.0]]]}}, {"type": "Feature", "properties": {"id": 1492}, "geometry": {"type": "Polygon", "coordinates": [[[15.8779907, -4.2765716, 0.0], [15.8779907, -4.2779411, 0.0], [15.879364, -4.2779411, 0.0], [15.879364, -4.2765716, 0.0], [15.8779907, -4.2765716, 0.0]]]}}, {"type": "Feature", "properties": {"id": 1493}, "geometry": {"type": "Polygon", "coordinates": [[[15.7667542, -4.2752022, 0.0], [15.7667542, -4.2765716, 0.0], [15.7681274, -4.2765716, 0.0], [15.7681274, -4.2752022, 0.0], [15.7667542, -4.2752022, 0.0]]]}}, {"type": "Feature", "properties": {"id": 1494}, "geometry": {"type": "Polygon", "coordinates": [[[15.9329224, -4.2752022, 0.0], [15.9329224, -4.2765716, 0.0], [15.9342957, -4.2765716, 0.0], [15.9342957, -4.2752022, 0.0], [15.9329224, -4.2752022, 0.0]]]}}, {"type": "Feature", "properties": {"id": 1495}, "geometry": {"type": "Polygon", "coordinates": [[[15.7722473, -4.2752022, 0.0], [15.7722473, -4.2765716, 0.0], [15.7736206, -4.2765716, 0.0], [15.7736206, -4.2752022, 0.0], [15.7722473, -4.2752022, 0.0]]]}}, {"type": "Feature", "properties": {"id": 1496}, "geometry": {"type": "Polygon", "coordinates": [[[15.9274292, -4.2752022, 0.0], [15.9274292, -4.2765716, 0.0], [15.9288025, -4.2765716, 0.0], [15.9288025, -4.2752022, 0.0], [15.9274292, -4.2752022, 0.0]]]}}, {"type": "Feature", "properties": {"id": 1497}, "geometry": {"type": "Polygon", "coordinates": [[[15.8821106, -4.2752022, 0.0], [15.8821106, -4.2765716, 0.0], [15.8834839, -4.2765716, 0.0], [15.8834839, -4.2752022, 0.0], [15.8821106, -4.2752022, 0.0]]]}}, {"type": "Feature", "properties": {"id": 1498}, "geometry": {"type": "Polygon", "coordinates": [[[15.7502747, -4.2752022, 0.0], [15.7502747, -4.2765716, 0.0], [15.7516479, -4.2765716, 0.0], [15.7516479, -4.2752022, 0.0], [15.7502747, -4.2752022, 0.0]]]}}, {"type": "Feature", "properties": {"id": 1499}, "geometry": {"type": "Polygon", "coordinates": [[[15.6472778, -4.2710938, 0.0], [15.6472778, -4.2724632, 0.0], [15.6486511, -4.2724632, 0.0], [15.6486511, -4.2710938, 0.0], [15.6472778, -4.2710938, 0.0]]]}}, {"type": "Feature", "properties": {"id": 1500}, "geometry": {"type": "Polygon", "coordinates": [[[15.8807373, -4.2710938, 0.0], [15.8807373, -4.2697243, 0.0], [15.879364, -4.2697243, 0.0], [15.8779907, -4.2697243, 0.0], [15.8779907, -4.2710938, 0.0], [15.8779907, -4.2724632, 0.0], [15.879364, -4.2724632, 0.0], [15.8807373, -4.2724632, 0.0], [15.8807373, -4.2710938, 0.0]]]}}, {"type": "Feature", "properties": {"id": 1501}, "geometry": {"type": "Polygon", "coordinates": [[[15.8738708, -4.2697243, 0.0], [15.8738708, -4.2710938, 0.0], [15.8752441, -4.2710938, 0.0], [15.8752441, -4.2697243, 0.0], [15.8738708, -4.2697243, 0.0]]]}}, {"type": "Feature", "properties": {"id": 1502}, "geometry": {"type": "Polygon", "coordinates": [[[15.7351685, -4.2683548, 0.0], [15.7365417, -4.2683548, 0.0], [15.7365417, -4.2669853, 0.0], [15.7351685, -4.2669853, 0.0], [15.7351685, -4.2656158, 0.0], [15.7337952, -4.2656158, 0.0], [15.7337952, -4.2669853, 0.0], [15.7337952, -4.2683548, 0.0], [15.7337952, -4.2697243, 0.0], [15.7351685, -4.2697243, 0.0], [15.7351685, -4.2683548, 0.0]]]}}, {"type": "Feature", "properties": {"id": 1503}, "geometry": {"type": "Polygon", "coordinates": [[[15.7392883, -4.2710938, 0.0], [15.7392883, -4.2724632, 0.0], [15.7406616, -4.2724632, 0.0], [15.7406616, -4.2710938, 0.0], [15.7392883, -4.2710938, 0.0]]]}}, {"type": "Feature", "properties": {"id": 1504}, "geometry": {"type": "Polygon", "coordinates": [[[15.7626343, -4.2710938, 0.0], [15.761261, -4.2710938, 0.0], [15.761261, -4.2724632, 0.0], [15.7626343, -4.2724632, 0.0], [15.7640076, -4.2724632, 0.0], [15.7640076, -4.2710938, 0.0], [15.7626343, -4.2710938, 0.0]]]}}, {"type": "Feature", "properties": {"id": 1505}, "geometry": {"type": "Polygon", "coordinates": [[[15.7818604, -4.2710938, 0.0], [15.7818604, -4.2724632, 0.0], [15.7832336, -4.2724632, 0.0], [15.7832336, -4.2710938, 0.0], [15.7818604, -4.2710938, 0.0]]]}}, {"type": "Feature", "properties": {"id": 1506}, "geometry": {"type": "Polygon", "coordinates": [[[15.7859802, -4.2710938, 0.0], [15.7859802, -4.2724632, 0.0], [15.7873535, -4.2724632, 0.0], [15.7873535, -4.2710938, 0.0], [15.7859802, -4.2710938, 0.0]]]}}, {"type": "Feature", "properties": {"id": 1507}, "geometry": {"type": "Polygon", "coordinates": [[[15.8052063, -4.2710938, 0.0], [15.8052063, -4.2724632, 0.0], [15.8065796, -4.2724632, 0.0], [15.8065796, -4.2710938, 0.0], [15.8052063, -4.2710938, 0.0]]]}}, {"type": "Feature", "properties": {"id": 1508}, "geometry": {"type": "Polygon", "coordinates": [[[15.7846069, -4.2697243, 0.0], [15.7846069, -4.2683548, 0.0], [15.7832336, -4.2683548, 0.0], [15.7832336, -4.2697243, 0.0], [15.7832336, -4.2710938, 0.0], [15.7846069, -4.2710938, 0.0], [15.7846069, -4.2697243, 0.0]]]}}, {"type": "Feature", "properties": {"id": 1509}, "geometry": {"type": "Polygon", "coordinates": [[[15.8670044, -4.2669853, 0.0], [15.8670044, -4.2656158, 0.0], [15.8670044, -4.2642463, 0.0], [15.8656311, -4.2642463, 0.0], [15.8656311, -4.2656158, 0.0], [15.8656311, -4.2669853, 0.0], [15.8642578, -4.2669853, 0.0], [15.8642578, -4.2683548, 0.0], [15.8656311, -4.2683548, 0.0], [15.8670044, -4.2683548, 0.0], [15.8670044, -4.2669853, 0.0]]]}}, {"type": "Feature", "properties": {"id": 1510}, "geometry": {"type": "Polygon", "coordinates": [[[15.652771, -4.2669853, 0.0], [15.652771, -4.2683548, 0.0], [15.6541443, -4.2683548, 0.0], [15.6555176, -4.2683548, 0.0], [15.6555176, -4.2669853, 0.0], [15.6541443, -4.2669853, 0.0], [15.652771, -4.2669853, 0.0]]]}}, {"type": "Feature", "properties": {"id": 1511}, "geometry": {"type": "Polygon", "coordinates": [[[15.8615112, -4.2669853, 0.0], [15.8615112, -4.2683548, 0.0], [15.8628845, -4.2683548, 0.0], [15.8628845, -4.2669853, 0.0], [15.8615112, -4.2669853, 0.0]]]}}, {"type": "Feature", "properties": {"id": 1512}, "geometry": {"type": "Polygon", "coordinates": [[[15.7763672, -4.2683548, 0.0], [15.7763672, -4.2697243, 0.0], [15.7777405, -4.2697243, 0.0], [15.7777405, -4.2683548, 0.0], [15.7763672, -4.2683548, 0.0]]]}}, {"type": "Feature", "properties": {"id": 1513}, "geometry": {"type": "Polygon", "coordinates": [[[15.7969666, -4.2683548, 0.0], [15.7969666, -4.2669853, 0.0], [15.7969666, -4.2656158, 0.0], [15.7955933, -4.2656158, 0.0], [15.79422, -4.2656158, 0.0], [15.79422, -4.2669853, 0.0], [15.7928467, -4.2669853, 0.0], [15.7928467, -4.2683548, 0.0], [15.79422, -4.2683548, 0.0], [15.7955933, -4.2683548, 0.0], [15.7955933, -4.2697243, 0.0], [15.7969666, -4.2697243, 0.0], [15.7969666, -4.2683548, 0.0]]]}}, {"type": "Feature", "properties": {"id": 1514}, "geometry": {"type": "Polygon", "coordinates": [[[15.8326721, -4.2683548, 0.0], [15.8326721, -4.2697243, 0.0], [15.8340454, -4.2697243, 0.0], [15.8340454, -4.2683548, 0.0], [15.8326721, -4.2683548, 0.0]]]}}, {"type": "Feature", "properties": {"id": 1515}, "geometry": {"type": "Polygon", "coordinates": [[[15.8807373, -4.2669853, 0.0], [15.8807373, -4.2683548, 0.0], [15.8821106, -4.2683548, 0.0], [15.8821106, -4.2669853, 0.0], [15.8807373, -4.2669853, 0.0]]]}}, {"type": "Feature", "properties": {"id": 1516}, "geometry": {"type": "Polygon", "coordinates": [[[15.6239319, -4.2669853, 0.0], [15.6239319, -4.2683548, 0.0], [15.6253052, -4.2683548, 0.0], [15.6253052, -4.2669853, 0.0], [15.6239319, -4.2669853, 0.0]]]}}, {"type": "Feature", "properties": {"id": 1517}, "geometry": {"type": "Polygon", "coordinates": [[[15.9397888, -4.2656158, 0.0], [15.9397888, -4.2669853, 0.0], [15.9411621, -4.2669853, 0.0], [15.9411621, -4.2656158, 0.0], [15.9397888, -4.2656158, 0.0]]]}}, {"type": "Feature", "properties": {"id": 1518}, "geometry": {"type": "Polygon", "coordinates": [[[15.8738708, -4.2656158, 0.0], [15.8738708, -4.2669853, 0.0], [15.8752441, -4.2669853, 0.0], [15.8752441, -4.2656158, 0.0], [15.8738708, -4.2656158, 0.0]]]}}, {"type": "Feature", "properties": {"id": 1519}, "geometry": {"type": "Polygon", "coordinates": [[[15.8024597, -4.2656158, 0.0], [15.8024597, -4.2642463, 0.0], [15.8024597, -4.2628768, 0.0], [15.8024597, -4.2615074, 0.0], [15.803833, -4.2615074, 0.0], [15.803833, -4.2601379, 0.0], [15.803833, -4.2587684, 0.0], [15.803833, -4.2573989, 0.0], [15.8024597, -4.2573989, 0.0], [15.8010864, -4.2573989, 0.0], [15.8010864, -4.2587684, 0.0], [15.7997131, -4.2587684, 0.0], [15.7983398, -4.2587684, 0.0], [15.7969666, -4.2587684, 0.0], [15.7969666, -4.2601379, 0.0], [15.7969666, -4.2615074, 0.0], [15.7969666, -4.2628768, 0.0], [15.7969666, -4.2642463, 0.0], [15.7969666, -4.2656158, 0.0], [15.7983398, -4.2656158, 0.0], [15.7997131, -4.2656158, 0.0], [15.8010864, -4.2656158, 0.0], [15.8010864, -4.2669853, 0.0], [15.8024597, -4.2669853, 0.0], [15.8024597, -4.2656158, 0.0]]]}}, {"type": "Feature", "properties": {"id": 1520}, "geometry": {"type": "Polygon", "coordinates": [[[15.8436584, -4.2656158, 0.0], [15.8436584, -4.2669853, 0.0], [15.8450317, -4.2669853, 0.0], [15.8450317, -4.2656158, 0.0], [15.8436584, -4.2656158, 0.0]]]}}, {"type": "Feature", "properties": {"id": 1521}, "geometry": {"type": "Polygon", "coordinates": [[[15.8120728, -4.2656158, 0.0], [15.8120728, -4.2669853, 0.0], [15.813446, -4.2669853, 0.0], [15.813446, -4.2656158, 0.0], [15.8120728, -4.2656158, 0.0]]]}}, {"type": "Feature", "properties": {"id": 1522}, "geometry": {"type": "Polygon", "coordinates": [[[15.8065796, -4.2656158, 0.0], [15.8065796, -4.2669853, 0.0], [15.8079529, -4.2669853, 0.0], [15.8079529, -4.2656158, 0.0], [15.8065796, -4.2656158, 0.0]]]}}, {"type": "Feature", "properties": {"id": 1523}, "geometry": {"type": "Polygon", "coordinates": [[[15.7763672, -4.2656158, 0.0], [15.7763672, -4.2669853, 0.0], [15.7777405, -4.2669853, 0.0], [15.7777405, -4.2656158, 0.0], [15.7763672, -4.2656158, 0.0]]]}}, {"type": "Feature", "properties": {"id": 1524}, "geometry": {"type": "Polygon", "coordinates": [[[15.7489014, -4.2656158, 0.0], [15.7489014, -4.2669853, 0.0], [15.7502747, -4.2669853, 0.0], [15.7502747, -4.2656158, 0.0], [15.7489014, -4.2656158, 0.0]]]}}, {"type": "Feature", "properties": {"id": 1525}, "geometry": {"type": "Polygon", "coordinates": [[[15.879364, -4.2642463, 0.0], [15.879364, -4.2656158, 0.0], [15.8807373, -4.2656158, 0.0], [15.8807373, -4.2642463, 0.0], [15.879364, -4.2642463, 0.0]]]}}, {"type": "Feature", "properties": {"id": 1526}, "geometry": {"type": "Polygon", "coordinates": [[[15.7832336, -4.2642463, 0.0], [15.7832336, -4.2656158, 0.0], [15.7846069, -4.2656158, 0.0], [15.7846069, -4.2642463, 0.0], [15.7832336, -4.2642463, 0.0]]]}}, {"type": "Feature", "properties": {"id": 1527}, "geometry": {"type": "Polygon", "coordinates": [[[15.8079529, -4.2628768, 0.0], [15.8079529, -4.2615074, 0.0], [15.8065796, -4.2615074, 0.0], [15.8065796, -4.2628768, 0.0], [15.8065796, -4.2642463, 0.0], [15.8079529, -4.2642463, 0.0], [15.8079529, -4.2628768, 0.0]]]}}, {"type": "Feature", "properties": {"id": 1528}, "geometry": {"type": "Polygon", "coordinates": [[[15.7351685, -4.2628768, 0.0], [15.7351685, -4.2642463, 0.0], [15.7365417, -4.2642463, 0.0], [15.7365417, -4.2628768, 0.0], [15.7351685, -4.2628768, 0.0]]]}}, {"type": "Feature", "properties": {"id": 1529}, "geometry": {"type": "Polygon", "coordinates": [[[15.7502747, -4.2642463, 0.0], [15.7502747, -4.2656158, 0.0], [15.7516479, -4.2656158, 0.0], [15.7516479, -4.2642463, 0.0], [15.7502747, -4.2642463, 0.0]]]}}, {"type": "Feature", "properties": {"id": 1530}, "geometry": {"type": "Polygon", "coordinates": [[[15.7585144, -4.2628768, 0.0], [15.7585144, -4.2642463, 0.0], [15.7598877, -4.2642463, 0.0], [15.7598877, -4.2628768, 0.0], [15.7585144, -4.2628768, 0.0]]]}}, {"type": "Feature", "properties": {"id": 1531}, "geometry": {"type": "Polygon", "coordinates": [[[15.803833, -4.2642463, 0.0], [15.803833, -4.2656158, 0.0], [15.8052063, -4.2656158, 0.0], [15.8052063, -4.2642463, 0.0], [15.803833, -4.2642463, 0.0]]]}}, {"type": "Feature", "properties": {"id": 1532}, "geometry": {"type": "Polygon", "coordinates": [[[15.8258057, -4.2628768, 0.0], [15.8258057, -4.2642463, 0.0], [15.827179, -4.2642463, 0.0], [15.8285522, -4.2642463, 0.0], [15.8285522, -4.2628768, 0.0], [15.827179, -4.2628768, 0.0], [15.8258057, -4.2628768, 0.0]]]}}, {"type": "Feature", "properties": {"id": 1533}, "geometry": {"type": "Polygon", "coordinates": [[[15.6280518, -4.2628768, 0.0], [15.6280518, -4.2642463, 0.0], [15.629425, -4.2642463, 0.0], [15.629425, -4.2628768, 0.0], [15.6280518, -4.2628768, 0.0]]]}}, {"type": "Feature", "properties": {"id": 1534}, "geometry": {"type": "Polygon", "coordinates": [[[15.7695007, -4.2628768, 0.0], [15.7695007, -4.2642463, 0.0], [15.770874, -4.2642463, 0.0], [15.770874, -4.2628768, 0.0], [15.7695007, -4.2628768, 0.0]]]}}, {"type": "Feature", "properties": {"id": 1535}, "geometry": {"type": "Polygon", "coordinates": [[[15.9384155, -4.2615074, 0.0], [15.9384155, -4.2628768, 0.0], [15.9397888, -4.2628768, 0.0], [15.9397888, -4.2615074, 0.0], [15.9384155, -4.2615074, 0.0]]]}}, {"type": "Feature", "properties": {"id": 1536}, "geometry": {"type": "Polygon", "coordinates": [[[15.5786133, -4.2615074, 0.0], [15.5786133, -4.2628768, 0.0], [15.5799866, -4.2628768, 0.0], [15.5799866, -4.2615074, 0.0], [15.5786133, -4.2615074, 0.0]]]}}, {"type": "Feature", "properties": {"id": 1537}, "geometry": {"type": "Polygon", "coordinates": [[[15.8972168, -4.2615074, 0.0], [15.8985901, -4.2615074, 0.0], [15.8985901, -4.2601379, 0.0], [15.8972168, -4.2601379, 0.0], [15.8972168, -4.2587684, 0.0], [15.8972168, -4.2573989, 0.0], [15.8958435, -4.2573989, 0.0], [15.8958435, -4.2587684, 0.0], [15.8944702, -4.2587684, 0.0], [15.8930969, -4.2587684, 0.0], [15.8930969, -4.2573989, 0.0], [15.8917236, -4.2573989, 0.0], [15.8903503, -4.2573989, 0.0], [15.8903503, -4.2560294, 0.0], [15.8903503, -4.2546598, 0.0], [15.8889771, -4.2546598, 0.0], [15.8889771, -4.2560294, 0.0], [15.8889771, -4.2573989, 0.0], [15.8876038, -4.2573989, 0.0], [15.8876038, -4.2560294, 0.0], [15.8862305, -4.2560294, 0.0], [15.8848572, -4.2560294, 0.0], [15.8848572, -4.2546598, 0.0], [15.8834839, -4.2546598, 0.0], [15.8834839, -4.2532903, 0.0], [15.8821106, -4.2532903, 0.0], [15.8807373, -4.2532903, 0.0], [15.8807373, -4.2519208, 0.0], [15.8807373, -4.2505513, 0.0], [15.8807373, -4.2491818, 0.0], [15.879364, -4.2491818, 0.0], [15.879364, -4.2478123, 0.0], [15.8779907, -4.2478123, 0.0], [15.8766174, -4.2478123, 0.0], [15.8766174, -4.2491818, 0.0], [15.8752441, -4.2491818, 0.0], [15.8752441, -4.2478123, 0.0], [15.8738708, -4.2478123, 0.0], [15.8738708, -4.2464428, 0.0], [15.8738708, -4.2450732, 0.0], [15.8724976, -4.2450732, 0.0], [15.8724976, -4.2464428, 0.0], [15.8711243, -4.2464428, 0.0], [15.8711243, -4.2478123, 0.0], [15.869751, -4.2478123, 0.0], [15.869751, -4.2491818, 0.0], [15.8683777, -4.2491818, 0.0], [15.8683777, -4.2505513, 0.0], [15.869751, -4.2505513, 0.0], [15.869751, -4.2519208, 0.0], [15.8683777, -4.2519208, 0.0], [15.8670044, -4.2519208, 0.0], [15.8670044, -4.2532903, 0.0], [15.8670044, -4.2546598, 0.0], [15.8683777, -4.2546598, 0.0], [15.8683777, -4.2560294, 0.0], [15.8683777, -4.2573989, 0.0], [15.869751, -4.2573989, 0.0], [15.8711243, -4.2573989, 0.0], [15.8711243, -4.2587684, 0.0], [15.8724976, -4.2587684, 0.0], [15.8738708, -4.2587684, 0.0], [15.8738708, -4.2573989, 0.0], [15.8752441, -4.2573989, 0.0], [15.8766174, -4.2573989, 0.0], [15.8766174, -4.2587684, 0.0], [15.8779907, -4.2587684, 0.0], [15.8779907, -4.2601379, 0.0], [15.879364, -4.2601379, 0.0], [15.8807373, -4.2601379, 0.0], [15.8807373, -4.2587684, 0.0], [15.8821106, -4.2587684, 0.0], [15.8834839, -4.2587684, 0.0], [15.8848572, -4.2587684, 0.0], [15.8862305, -4.2587684, 0.0], [15.8876038, -4.2587684, 0.0], [15.8876038, -4.2601379, 0.0], [15.8889771, -4.2601379, 0.0], [15.8889771, -4.2587684, 0.0], [15.8903503, -4.2587684, 0.0], [15.8903503, -4.2601379, 0.0], [15.8917236, -4.2601379, 0.0], [15.8930969, -4.2601379, 0.0], [15.8930969, -4.2615074, 0.0], [15.8944702, -4.2615074, 0.0], [15.8944702, -4.2601379, 0.0], [15.8958435, -4.2601379, 0.0], [15.8958435, -4.2615074, 0.0], [15.8958435, -4.2628768, 0.0], [15.8972168, -4.2628768, 0.0], [15.8972168, -4.2615074, 0.0]]]}}, {"type": "Feature", "properties": {"id": 1538}, "geometry": {"type": "Polygon", "coordinates": [[[15.8917236, -4.2628768, 0.0], [15.8917236, -4.2642463, 0.0], [15.8930969, -4.2642463, 0.0], [15.8930969, -4.2628768, 0.0], [15.8917236, -4.2628768, 0.0]]]}}, {"type": "Feature", "properties": {"id": 1539}, "geometry": {"type": "Polygon", "coordinates": [[[15.8711243, -4.2628768, 0.0], [15.8711243, -4.2642463, 0.0], [15.8724976, -4.2642463, 0.0], [15.8724976, -4.2628768, 0.0], [15.8711243, -4.2628768, 0.0]]]}}, {"type": "Feature", "properties": {"id": 1540}, "geometry": {"type": "Polygon", "coordinates": [[[15.6445312, -4.2615074, 0.0], [15.6445312, -4.2601379, 0.0], [15.643158, -4.2601379, 0.0], [15.6417847, -4.2601379, 0.0], [15.6417847, -4.2615074, 0.0], [15.643158, -4.2615074, 0.0], [15.643158, -4.2628768, 0.0], [15.6445312, -4.2628768, 0.0], [15.6445312, -4.2615074, 0.0]]]}}, {"type": "Feature", "properties": {"id": 1541}, "geometry": {"type": "Polygon", "coordinates": [[[15.8518982, -4.2615074, 0.0], [15.8532715, -4.2615074, 0.0], [15.8532715, -4.2601379, 0.0], [15.8518982, -4.2601379, 0.0], [15.8505249, -4.2601379, 0.0], [15.8505249, -4.2615074, 0.0], [15.8505249, -4.2628768, 0.0], [15.8518982, -4.2628768, 0.0], [15.8518982, -4.2615074, 0.0]]]}}, {"type": "Feature", "properties": {"id": 1542}, "geometry": {"type": "Polygon", "coordinates": [[[15.8848572, -4.2615074, 0.0], [15.8848572, -4.2628768, 0.0], [15.8862305, -4.2628768, 0.0], [15.8862305, -4.2615074, 0.0], [15.8848572, -4.2615074, 0.0]]]}}, {"type": "Feature", "properties": {"id": 1543}, "geometry": {"type": "Polygon", "coordinates": [[[15.6074524, -4.2615074, 0.0], [15.6088257, -4.2615074, 0.0], [15.6088257, -4.2601379, 0.0], [15.6074524, -4.2601379, 0.0], [15.6074524, -4.2587684, 0.0], [15.6060791, -4.2587684, 0.0], [15.6060791, -4.2601379, 0.0], [15.6060791, -4.2615074, 0.0], [15.6060791, -4.2628768, 0.0], [15.6074524, -4.2628768, 0.0], [15.6074524, -4.2615074, 0.0]]]}}, {"type": "Feature", "properties": {"id": 1544}, "geometry": {"type": "Polygon", "coordinates": [[[15.7571411, -4.2615074, 0.0], [15.7571411, -4.2628768, 0.0], [15.7585144, -4.2628768, 0.0], [15.7585144, -4.2615074, 0.0], [15.7571411, -4.2615074, 0.0]]]}}, {"type": "Feature", "properties": {"id": 1545}, "geometry": {"type": "Polygon", "coordinates": [[[15.728302, -4.2615074, 0.0], [15.7296753, -4.2615074, 0.0], [15.7296753, -4.2601379, 0.0], [15.7310486, -4.2601379, 0.0], [15.7310486, -4.2587684, 0.0], [15.7296753, -4.2587684, 0.0], [15.7296753, -4.2573989, 0.0], [15.728302, -4.2573989, 0.0], [15.728302, -4.2560294, 0.0], [15.7269287, -4.2560294, 0.0], [15.7269287, -4.2573989, 0.0], [15.7269287, -4.2587684, 0.0], [15.7269287, -4.2601379, 0.0], [15.7269287, -4.2615074, 0.0], [15.7269287, -4.2628768, 0.0], [15.728302, -4.2628768, 0.0], [15.728302, -4.2615074, 0.0]]]}}, {"type": "Feature", "properties": {"id": 1546}, "geometry": {"type": "Polygon", "coordinates": [[[15.7310486, -4.2615074, 0.0], [15.7296753, -4.2615074, 0.0], [15.7296753, -4.2628768, 0.0], [15.7310486, -4.2628768, 0.0], [15.7324219, -4.2628768, 0.0], [15.7337952, -4.2628768, 0.0], [15.7337952, -4.2615074, 0.0], [15.7324219, -4.2615074, 0.0], [15.7310486, -4.2615074, 0.0]]]}}, {"type": "Feature", "properties": {"id": 1547}, "geometry": {"type": "Polygon", "coordinates": [[[15.6390381, -4.2601379, 0.0], [15.6390381, -4.2615074, 0.0], [15.6404114, -4.2615074, 0.0], [15.6404114, -4.2601379, 0.0], [15.6390381, -4.2601379, 0.0]]]}}, {"type": "Feature", "properties": {"id": 1548}, "geometry": {"type": "Polygon", "coordinates": [[[15.5799866, -4.2601379, 0.0], [15.5799866, -4.2615074, 0.0], [15.5813599, -4.2615074, 0.0], [15.5813599, -4.2601379, 0.0], [15.5799866, -4.2601379, 0.0]]]}}, {"type": "Feature", "properties": {"id": 1549}, "geometry": {"type": "Polygon", "coordinates": [[[15.8340454, -4.2601379, 0.0], [15.8340454, -4.2615074, 0.0], [15.8354187, -4.2615074, 0.0], [15.8354187, -4.2601379, 0.0], [15.8340454, -4.2601379, 0.0]]]}}, {"type": "Feature", "properties": {"id": 1550}, "geometry": {"type": "Polygon", "coordinates": [[[15.9342957, -4.2601379, 0.0], [15.9342957, -4.2615074, 0.0], [15.9356689, -4.2615074, 0.0], [15.9356689, -4.2601379, 0.0], [15.9342957, -4.2601379, 0.0]]]}}, {"type": "Feature", "properties": {"id": 1551}, "geometry": {"type": "Polygon", "coordinates": [[[15.770874, -4.2601379, 0.0], [15.770874, -4.2615074, 0.0], [15.7722473, -4.2615074, 0.0], [15.7722473, -4.2601379, 0.0], [15.770874, -4.2601379, 0.0]]]}}, {"type": "Feature", "properties": {"id": 1552}, "geometry": {"type": "Polygon", "coordinates": [[[15.8862305, -4.2601379, 0.0], [15.8862305, -4.2615074, 0.0], [15.8876038, -4.2615074, 0.0], [15.8876038, -4.2601379, 0.0], [15.8862305, -4.2601379, 0.0]]]}}, {"type": "Feature", "properties": {"id": 1553}, "geometry": {"type": "Polygon", "coordinates": [[[15.8683777, -4.2601379, 0.0], [15.8683777, -4.2615074, 0.0], [15.869751, -4.2615074, 0.0], [15.869751, -4.2601379, 0.0], [15.8683777, -4.2601379, 0.0]]]}}, {"type": "Feature", "properties": {"id": 1554}, "geometry": {"type": "Polygon", "coordinates": [[[15.5786133, -4.2587684, 0.0], [15.5786133, -4.2573989, 0.0], [15.5799866, -4.2573989, 0.0], [15.5799866, -4.2587684, 0.0], [15.5813599, -4.2587684, 0.0], [15.5827332, -4.2587684, 0.0], [15.5827332, -4.2601379, 0.0], [15.5841064, -4.2601379, 0.0], [15.5841064, -4.2587684, 0.0], [15.5854797, -4.2587684, 0.0], [15.5854797, -4.2573989, 0.0], [15.5841064, -4.2573989, 0.0], [15.5827332, -4.2573989, 0.0], [15.5813599, -4.2573989, 0.0], [15.5813599, -4.2560294, 0.0], [15.5813599, -4.2546598, 0.0], [15.5813599, -4.2532903, 0.0], [15.5799866, -4.2532903, 0.0], [15.5799866, -4.2546598, 0.0], [15.5799866, -4.2560294, 0.0], [15.5786133, -4.2560294, 0.0], [15.5786133, -4.2546598, 0.0], [15.5786133, -4.2532903, 0.0], [15.57724, -4.2532903, 0.0], [15.5758667, -4.2532903, 0.0], [15.5758667, -4.2546598, 0.0], [15.5758667, -4.2560294, 0.0], [15.5758667, -4.2573989, 0.0], [15.5758667, -4.2587684, 0.0], [15.5758667, -4.2601379, 0.0], [15.57724, -4.2601379, 0.0], [15.5786133, -4.2601379, 0.0], [15.5786133, -4.2587684, 0.0]]]}}, {"type": "Feature", "properties": {"id": 1555}, "geometry": {"type": "Polygon", "coordinates": [[[15.8752441, -4.2587684, 0.0], [15.8752441, -4.2601379, 0.0], [15.8766174, -4.2601379, 0.0], [15.8766174, -4.2587684, 0.0], [15.8752441, -4.2587684, 0.0]]]}}, {"type": "Feature", "properties": {"id": 1556}, "geometry": {"type": "Polygon", "coordinates": [[[15.7818604, -4.2587684, 0.0], [15.7818604, -4.2601379, 0.0], [15.7832336, -4.2601379, 0.0], [15.7846069, -4.2601379, 0.0], [15.7846069, -4.2587684, 0.0], [15.7846069, -4.2573989, 0.0], [15.7832336, -4.2573989, 0.0], [15.7832336, -4.2587684, 0.0], [15.7818604, -4.2587684, 0.0]]]}}, {"type": "Feature", "properties": {"id": 1557}, "geometry": {"type": "Polygon", "coordinates": [[[15.6239319, -4.2587684, 0.0], [15.6239319, -4.2573989, 0.0], [15.6225586, -4.2573989, 0.0], [15.6211853, -4.2573989, 0.0], [15.6211853, -4.2587684, 0.0], [15.6211853, -4.2601379, 0.0], [15.6225586, -4.2601379, 0.0], [15.6239319, -4.2601379, 0.0], [15.6239319, -4.2587684, 0.0]]]}}, {"type": "Feature", "properties": {"id": 1558}, "geometry": {"type": "Polygon", "coordinates": [[[15.8491516, -4.2587684, 0.0], [15.8491516, -4.2601379, 0.0], [15.8505249, -4.2601379, 0.0], [15.8505249, -4.2587684, 0.0], [15.8491516, -4.2587684, 0.0]]]}}, {"type": "Feature", "properties": {"id": 1559}, "geometry": {"type": "Polygon", "coordinates": [[[15.9246826, -4.2587684, 0.0], [15.9246826, -4.2601379, 0.0], [15.9260559, -4.2601379, 0.0], [15.9260559, -4.2587684, 0.0], [15.9246826, -4.2587684, 0.0]]]}}, {"type": "Feature", "properties": {"id": 1560}, "geometry": {"type": "Polygon", "coordinates": [[[15.6349182, -4.2573989, 0.0], [15.6349182, -4.2560294, 0.0], [15.6335449, -4.2560294, 0.0], [15.6335449, -4.2573989, 0.0], [15.6335449, -4.2587684, 0.0], [15.6349182, -4.2587684, 0.0], [15.6349182, -4.2573989, 0.0]]]}}, {"type": "Feature", "properties": {"id": 1561}, "geometry": {"type": "Polygon", "coordinates": [[[15.629425, -4.2573989, 0.0], [15.6280518, -4.2573989, 0.0], [15.6266785, -4.2573989, 0.0], [15.6266785, -4.2587684, 0.0], [15.6280518, -4.2587684, 0.0], [15.629425, -4.2587684, 0.0], [15.6307983, -4.2587684, 0.0], [15.6307983, -4.2573989, 0.0], [15.629425, -4.2573989, 0.0]]]}}, {"type": "Feature", "properties": {"id": 1562}, "geometry": {"type": "Polygon", "coordinates": [[[15.7585144, -4.2573989, 0.0], [15.7585144, -4.2587684, 0.0], [15.7598877, -4.2587684, 0.0], [15.761261, -4.2587684, 0.0], [15.761261, -4.2573989, 0.0], [15.761261, -4.2560294, 0.0], [15.7598877, -4.2560294, 0.0], [15.7598877, -4.2573989, 0.0], [15.7585144, -4.2573989, 0.0]]]}}, {"type": "Feature", "properties": {"id": 1563}, "geometry": {"type": "Polygon", "coordinates": [[[15.7928467, -4.2573989, 0.0], [15.7928467, -4.2587684, 0.0], [15.79422, -4.2587684, 0.0], [15.79422, -4.2573989, 0.0], [15.7928467, -4.2573989, 0.0]]]}}, {"type": "Feature", "properties": {"id": 1564}, "geometry": {"type": "Polygon", "coordinates": [[[15.7873535, -4.2573989, 0.0], [15.7873535, -4.2560294, 0.0], [15.7859802, -4.2560294, 0.0], [15.7859802, -4.2573989, 0.0], [15.7859802, -4.2587684, 0.0], [15.7873535, -4.2587684, 0.0], [15.7873535, -4.2573989, 0.0]]]}}, {"type": "Feature", "properties": {"id": 1565}, "geometry": {"type": "Polygon", "coordinates": [[[15.9233093, -4.2573989, 0.0], [15.9233093, -4.2587684, 0.0], [15.9246826, -4.2587684, 0.0], [15.9246826, -4.2573989, 0.0], [15.9233093, -4.2573989, 0.0]]]}}, {"type": "Feature", "properties": {"id": 1566}, "geometry": {"type": "Polygon", "coordinates": [[[15.8450317, -4.2573989, 0.0], [15.8450317, -4.2587684, 0.0], [15.846405, -4.2587684, 0.0], [15.846405, -4.2573989, 0.0], [15.8450317, -4.2573989, 0.0]]]}}, {"type": "Feature", "properties": {"id": 1567}, "geometry": {"type": "Polygon", "coordinates": [[[15.7804871, -4.2573989, 0.0], [15.7804871, -4.2560294, 0.0], [15.7791138, -4.2560294, 0.0], [15.7791138, -4.2573989, 0.0], [15.7791138, -4.2587684, 0.0], [15.7804871, -4.2587684, 0.0], [15.7818604, -4.2587684, 0.0], [15.7818604, -4.2573989, 0.0], [15.7804871, -4.2573989, 0.0]]]}}, {"type": "Feature", "properties": {"id": 1568}, "geometry": {"type": "Polygon", "coordinates": [[[15.8670044, -4.2573989, 0.0], [15.8670044, -4.2587684, 0.0], [15.8683777, -4.2587684, 0.0], [15.8683777, -4.2573989, 0.0], [15.8670044, -4.2573989, 0.0]]]}}, {"type": "Feature", "properties": {"id": 1569}, "geometry": {"type": "Polygon", "coordinates": [[[15.7722473, -4.2560294, 0.0], [15.770874, -4.2560294, 0.0], [15.770874, -4.2573989, 0.0], [15.7722473, -4.2573989, 0.0], [15.7736206, -4.2573989, 0.0], [15.7736206, -4.2560294, 0.0], [15.7722473, -4.2560294, 0.0]]]}}, {"type": "Feature", "properties": {"id": 1570}, "geometry": {"type": "Polygon", "coordinates": [[[15.8175659, -4.2560294, 0.0], [15.8175659, -4.2546598, 0.0], [15.8161926, -4.2546598, 0.0], [15.8161926, -4.2560294, 0.0], [15.8161926, -4.2573989, 0.0], [15.8175659, -4.2573989, 0.0], [15.8189392, -4.2573989, 0.0], [15.8189392, -4.2560294, 0.0], [15.8175659, -4.2560294, 0.0]]]}}, {"type": "Feature", "properties": {"id": 1571}, "geometry": {"type": "Polygon", "coordinates": [[[15.7997131, -4.2560294, 0.0], [15.7997131, -4.2573989, 0.0], [15.8010864, -4.2573989, 0.0], [15.8010864, -4.2560294, 0.0], [15.7997131, -4.2560294, 0.0]]]}}, {"type": "Feature", "properties": {"id": 1572}, "geometry": {"type": "Polygon", "coordinates": [[[15.6060791, -4.2560294, 0.0], [15.6047058, -4.2560294, 0.0], [15.6047058, -4.2573989, 0.0], [15.6060791, -4.2573989, 0.0], [15.6074524, -4.2573989, 0.0], [15.6074524, -4.2560294, 0.0], [15.6060791, -4.2560294, 0.0]]]}}, {"type": "Feature", "properties": {"id": 1573}, "geometry": {"type": "Polygon", "coordinates": [[[15.9191895, -4.2546598, 0.0], [15.9191895, -4.2560294, 0.0], [15.9205627, -4.2560294, 0.0], [15.9205627, -4.2546598, 0.0], [15.9191895, -4.2546598, 0.0]]]}}, {"type": "Feature", "properties": {"id": 1574}, "geometry": {"type": "Polygon", "coordinates": [[[15.6307983, -4.2546598, 0.0], [15.6307983, -4.2560294, 0.0], [15.6321716, -4.2560294, 0.0], [15.6335449, -4.2560294, 0.0], [15.6335449, -4.2546598, 0.0], [15.6321716, -4.2546598, 0.0], [15.6307983, -4.2546598, 0.0]]]}}, {"type": "Feature", "properties": {"id": 1575}, "geometry": {"type": "Polygon", "coordinates": [[[15.6211853, -4.2546598, 0.0], [15.6225586, -4.2546598, 0.0], [15.6239319, -4.2546598, 0.0], [15.6239319, -4.2532903, 0.0], [15.6253052, -4.2532903, 0.0], [15.6266785, -4.2532903, 0.0], [15.6280518, -4.2532903, 0.0], [15.6280518, -4.2519208, 0.0], [15.6266785, -4.2519208, 0.0], [15.6266785, -4.2505513, 0.0], [15.6266785, -4.2491818, 0.0], [15.6266785, -4.2478123, 0.0], [15.6253052, -4.2478123, 0.0], [15.6253052, -4.2464428, 0.0], [15.6239319, -4.2464428, 0.0], [15.6239319, -4.2478123, 0.0], [15.6225586, -4.2478123, 0.0], [15.6211853, -4.2478123, 0.0], [15.6211853, -4.2491818, 0.0], [15.6211853, -4.2505513, 0.0], [15.619812, -4.2505513, 0.0], [15.619812, -4.2519208, 0.0], [15.6211853, -4.2519208, 0.0], [15.6211853, -4.2532903, 0.0], [15.619812, -4.2532903, 0.0], [15.619812, -4.2546598, 0.0], [15.6184387, -4.2546598, 0.0], [15.6184387, -4.2560294, 0.0], [15.619812, -4.2560294, 0.0], [15.6211853, -4.2560294, 0.0], [15.6211853, -4.2546598, 0.0]]]}}, {"type": "Feature", "properties": {"id": 1576}, "geometry": {"type": "Polygon", "coordinates": [[[15.8093262, -4.2546598, 0.0], [15.8093262, -4.2560294, 0.0], [15.8106995, -4.2560294, 0.0], [15.8106995, -4.2546598, 0.0], [15.8093262, -4.2546598, 0.0]]]}}, {"type": "Feature", "properties": {"id": 1577}, "geometry": {"type": "Polygon", "coordinates": [[[15.7626343, -4.2546598, 0.0], [15.7626343, -4.2560294, 0.0], [15.7640076, -4.2560294, 0.0], [15.7640076, -4.2546598, 0.0], [15.7626343, -4.2546598, 0.0]]]}}, {"type": "Feature", "properties": {"id": 1578}, "geometry": {"type": "Polygon", "coordinates": [[[15.8299255, -4.2546598, 0.0], [15.8299255, -4.2560294, 0.0], [15.8312988, -4.2560294, 0.0], [15.8312988, -4.2546598, 0.0], [15.8299255, -4.2546598, 0.0]]]}}, {"type": "Feature", "properties": {"id": 1579}, "geometry": {"type": "Polygon", "coordinates": [[[15.5580139, -4.2546598, 0.0], [15.5580139, -4.2532903, 0.0], [15.5566406, -4.2532903, 0.0], [15.5566406, -4.2546598, 0.0], [15.5566406, -4.2560294, 0.0], [15.5580139, -4.2560294, 0.0], [15.5580139, -4.2546598, 0.0]]]}}, {"type": "Feature", "properties": {"id": 1580}, "geometry": {"type": "Polygon", "coordinates": [[[15.5978394, -4.2546598, 0.0], [15.5978394, -4.2560294, 0.0], [15.5992126, -4.2560294, 0.0], [15.5992126, -4.2546598, 0.0], [15.5978394, -4.2546598, 0.0]]]}}, {"type": "Feature", "properties": {"id": 1581}, "geometry": {"type": "Polygon", "coordinates": [[[15.803833, -4.2546598, 0.0], [15.803833, -4.2560294, 0.0], [15.8052063, -4.2560294, 0.0], [15.8052063, -4.2546598, 0.0], [15.803833, -4.2546598, 0.0]]]}}, {"type": "Feature", "properties": {"id": 1582}, "geometry": {"type": "Polygon", "coordinates": [[[15.6019592, -4.2532903, 0.0], [15.6019592, -4.2519208, 0.0], [15.6005859, -4.2519208, 0.0], [15.5992126, -4.2519208, 0.0], [15.5992126, -4.2532903, 0.0], [15.5992126, -4.2546598, 0.0], [15.6005859, -4.2546598, 0.0], [15.6019592, -4.2546598, 0.0], [15.6033325, -4.2546598, 0.0], [15.6033325, -4.2532903, 0.0], [15.6019592, -4.2532903, 0.0]]]}}, {"type": "Feature", "properties": {"id": 1583}, "geometry": {"type": "Polygon", "coordinates": [[[15.5923462, -4.2532903, 0.0], [15.5923462, -4.2546598, 0.0], [15.5937195, -4.2546598, 0.0], [15.5937195, -4.2532903, 0.0], [15.5923462, -4.2532903, 0.0]]]}}, {"type": "Feature", "properties": {"id": 1584}, "geometry": {"type": "Polygon", "coordinates": [[[15.6156921, -4.2532903, 0.0], [15.6170654, -4.2532903, 0.0], [15.6170654, -4.2519208, 0.0], [15.6156921, -4.2519208, 0.0], [15.6143188, -4.2519208, 0.0], [15.6143188, -4.2532903, 0.0], [15.6129456, -4.2532903, 0.0], [15.6129456, -4.2546598, 0.0], [15.6143188, -4.2546598, 0.0], [15.6156921, -4.2546598, 0.0], [15.6156921, -4.2532903, 0.0]]]}}, {"type": "Feature", "properties": {"id": 1585}, "geometry": {"type": "Polygon", "coordinates": [[[15.8065796, -4.2519208, 0.0], [15.8065796, -4.2532903, 0.0], [15.8079529, -4.2532903, 0.0], [15.8079529, -4.2519208, 0.0], [15.8065796, -4.2519208, 0.0]]]}}, {"type": "Feature", "properties": {"id": 1586}, "geometry": {"type": "Polygon", "coordinates": [[[15.6060791, -4.2519208, 0.0], [15.6060791, -4.2532903, 0.0], [15.6074524, -4.2532903, 0.0], [15.6074524, -4.2519208, 0.0], [15.6060791, -4.2519208, 0.0]]]}}, {"type": "Feature", "properties": {"id": 1587}, "geometry": {"type": "Polygon", "coordinates": [[[15.7502747, -4.2519208, 0.0], [15.7502747, -4.2505513, 0.0], [15.7489014, -4.2505513, 0.0], [15.7489014, -4.2519208, 0.0], [15.7489014, -4.2532903, 0.0], [15.7502747, -4.2532903, 0.0], [15.7516479, -4.2532903, 0.0], [15.7530212, -4.2532903, 0.0], [15.7530212, -4.2519208, 0.0], [15.7516479, -4.2519208, 0.0], [15.7502747, -4.2519208, 0.0]]]}}, {"type": "Feature", "properties": {"id": 1588}, "geometry": {"type": "Polygon", "coordinates": [[[15.6184387, -4.2519208, 0.0], [15.6184387, -4.2532903, 0.0], [15.619812, -4.2532903, 0.0], [15.619812, -4.2519208, 0.0], [15.6184387, -4.2519208, 0.0]]]}}, {"type": "Feature", "properties": {"id": 1589}, "geometry": {"type": "Polygon", "coordinates": [[[15.7255554, -4.2519208, 0.0], [15.7255554, -4.2505513, 0.0], [15.7255554, -4.2491818, 0.0], [15.7241821, -4.2491818, 0.0], [15.7228088, -4.2491818, 0.0], [15.7228088, -4.2505513, 0.0], [15.7228088, -4.2519208, 0.0], [15.7228088, -4.2532903, 0.0], [15.7241821, -4.2532903, 0.0], [15.7255554, -4.2532903, 0.0], [15.7255554, -4.2519208, 0.0]]]}}, {"type": "Feature", "properties": {"id": 1590}, "geometry": {"type": "Polygon", "coordinates": [[[15.8862305, -4.2505513, 0.0], [15.8848572, -4.2505513, 0.0], [15.8848572, -4.2519208, 0.0], [15.8862305, -4.2519208, 0.0], [15.8876038, -4.2519208, 0.0], [15.8876038, -4.2505513, 0.0], [15.8862305, -4.2505513, 0.0]]]}}, {"type": "Feature", "properties": {"id": 1591}, "geometry": {"type": "Polygon", "coordinates": [[[15.9205627, -4.2505513, 0.0], [15.9205627, -4.2519208, 0.0], [15.921936, -4.2519208, 0.0], [15.921936, -4.2505513, 0.0], [15.9205627, -4.2505513, 0.0]]]}}, {"type": "Feature", "properties": {"id": 1592}, "geometry": {"type": "Polygon", "coordinates": [[[15.9178162, -4.2505513, 0.0], [15.9178162, -4.2519208, 0.0], [15.9191895, -4.2519208, 0.0], [15.9191895, -4.2505513, 0.0], [15.9178162, -4.2505513, 0.0]]]}}, {"type": "Feature", "properties": {"id": 1593}, "geometry": {"type": "Polygon", "coordinates": [[[15.836792, -4.2505513, 0.0], [15.8381653, -4.2505513, 0.0], [15.8395386, -4.2505513, 0.0], [15.8395386, -4.2519208, 0.0], [15.8409119, -4.2519208, 0.0], [15.8409119, -4.2505513, 0.0], [15.8422852, -4.2505513, 0.0], [15.8436584, -4.2505513, 0.0], [15.8450317, -4.2505513, 0.0], [15.846405, -4.2505513, 0.0], [15.846405, -4.2491818, 0.0], [15.8477783, -4.2491818, 0.0], [15.8491516, -4.2491818, 0.0], [15.8505249, -4.2491818, 0.0], [15.8518982, -4.2491818, 0.0], [15.8518982, -4.2505513, 0.0], [15.8532715, -4.2505513, 0.0], [15.8546448, -4.2505513, 0.0], [15.8560181, -4.2505513, 0.0], [15.8573914, -4.2505513, 0.0], [15.8573914, -4.2519208, 0.0], [15.8587646, -4.2519208, 0.0], [15.8601379, -4.2519208, 0.0], [15.8601379, -4.2505513, 0.0], [15.8601379, -4.2491818, 0.0], [15.8587646, -4.2491818, 0.0], [15.8573914, -4.2491818, 0.0], [15.8560181, -4.2491818, 0.0], [15.8546448, -4.2491818, 0.0], [15.8532715, -4.2491818, 0.0], [15.8532715, -4.2478123, 0.0], [15.8518982, -4.2478123, 0.0], [15.8505249, -4.2478123, 0.0], [15.8505249, -4.2464428, 0.0], [15.8505249, -4.2450732, 0.0], [15.8491516, -4.2450732, 0.0], [15.8491516, -4.2464428, 0.0], [15.8491516, -4.2478123, 0.0], [15.8477783, -4.2478123, 0.0], [15.846405, -4.2478123, 0.0], [15.846405, -4.2464428, 0.0], [15.8450317, -4.2464428, 0.0], [15.8436584, -4.2464428, 0.0], [15.8422852, -4.2464428, 0.0], [15.8409119, -4.2464428, 0.0], [15.8395386, -4.2464428, 0.0], [15.8381653, -4.2464428, 0.0], [15.8381653, -4.2478123, 0.0], [15.836792, -4.2478123, 0.0], [15.8354187, -4.2478123, 0.0], [15.8340454, -4.2478123, 0.0], [15.8340454, -4.2491818, 0.0], [15.8354187, -4.2491818, 0.0], [15.8354187, -4.2505513, 0.0], [15.8340454, -4.2505513, 0.0], [15.8340454, -4.2519208, 0.0], [15.8354187, -4.2519208, 0.0], [15.836792, -4.2519208, 0.0], [15.836792, -4.2505513, 0.0]]]}}, {"type": "Feature", "properties": {"id": 1594}, "geometry": {"type": "Polygon", "coordinates": [[[15.6486511, -4.2505513, 0.0], [15.6486511, -4.2519208, 0.0], [15.6500244, -4.2519208, 0.0], [15.6500244, -4.2505513, 0.0], [15.6486511, -4.2505513, 0.0]]]}}, {"type": "Feature", "properties": {"id": 1595}, "geometry": {"type": "Polygon", "coordinates": [[[15.6115723, -4.2505513, 0.0], [15.6115723, -4.2519208, 0.0], [15.6129456, -4.2519208, 0.0], [15.6129456, -4.2505513, 0.0], [15.6115723, -4.2505513, 0.0]]]}}, {"type": "Feature", "properties": {"id": 1596}, "geometry": {"type": "Polygon", "coordinates": [[[15.6088257, -4.2505513, 0.0], [15.6088257, -4.2519208, 0.0], [15.610199, -4.2519208, 0.0], [15.610199, -4.2505513, 0.0], [15.6088257, -4.2505513, 0.0]]]}}, {"type": "Feature", "properties": {"id": 1597}, "geometry": {"type": "Polygon", "coordinates": [[[15.803833, -4.2505513, 0.0], [15.803833, -4.2519208, 0.0], [15.8052063, -4.2519208, 0.0], [15.8065796, -4.2519208, 0.0], [15.8065796, -4.2505513, 0.0], [15.8052063, -4.2505513, 0.0], [15.803833, -4.2505513, 0.0]]]}}, {"type": "Feature", "properties": {"id": 1598}, "geometry": {"type": "Polygon", "coordinates": [[[15.7434082, -4.2505513, 0.0], [15.7434082, -4.2519208, 0.0], [15.7447815, -4.2519208, 0.0], [15.7447815, -4.2505513, 0.0], [15.7434082, -4.2505513, 0.0]]]}}, {"type": "Feature", "properties": {"id": 1599}, "geometry": {"type": "Polygon", "coordinates": [[[15.7969666, -4.2505513, 0.0], [15.7969666, -4.2491818, 0.0], [15.7955933, -4.2491818, 0.0], [15.7955933, -4.2505513, 0.0], [15.7955933, -4.2519208, 0.0], [15.7969666, -4.2519208, 0.0], [15.7969666, -4.2505513, 0.0]]]}}, {"type": "Feature", "properties": {"id": 1600}, "geometry": {"type": "Polygon", "coordinates": [[[15.7530212, -4.2505513, 0.0], [15.7530212, -4.2519208, 0.0], [15.7543945, -4.2519208, 0.0], [15.7543945, -4.2505513, 0.0], [15.7530212, -4.2505513, 0.0]]]}}, {"type": "Feature", "properties": {"id": 1601}, "geometry": {"type": "Polygon", "coordinates": [[[15.6060791, -4.2491818, 0.0], [15.6060791, -4.2505513, 0.0], [15.6074524, -4.2505513, 0.0], [15.6088257, -4.2505513, 0.0], [15.6088257, -4.2491818, 0.0], [15.6074524, -4.2491818, 0.0], [15.6060791, -4.2491818, 0.0]]]}}, {"type": "Feature", "properties": {"id": 1602}, "geometry": {"type": "Polygon", "coordinates": [[[15.9288025, -4.2491818, 0.0], [15.9288025, -4.2505513, 0.0], [15.9301758, -4.2505513, 0.0], [15.9301758, -4.2491818, 0.0], [15.9288025, -4.2491818, 0.0]]]}}, {"type": "Feature", "properties": {"id": 1603}, "geometry": {"type": "Polygon", "coordinates": [[[15.9329224, -4.2491818, 0.0], [15.9329224, -4.2505513, 0.0], [15.9342957, -4.2505513, 0.0], [15.9356689, -4.2505513, 0.0], [15.9370422, -4.2505513, 0.0], [15.9370422, -4.2491818, 0.0], [15.9356689, -4.2491818, 0.0], [15.9342957, -4.2491818, 0.0], [15.9329224, -4.2491818, 0.0]]]}}, {"type": "Feature", "properties": {"id": 1604}, "geometry": {"type": "Polygon", "coordinates": [[[15.8285522, -4.2491818, 0.0], [15.8285522, -4.2505513, 0.0], [15.8299255, -4.2505513, 0.0], [15.8312988, -4.2505513, 0.0], [15.8326721, -4.2505513, 0.0], [15.8326721, -4.2491818, 0.0], [15.8312988, -4.2491818, 0.0], [15.8312988, -4.2478123, 0.0], [15.8312988, -4.2464428, 0.0], [15.8299255, -4.2464428, 0.0], [15.8299255, -4.2478123, 0.0], [15.8299255, -4.2491818, 0.0], [15.8285522, -4.2491818, 0.0]]]}}, {"type": "Feature", "properties": {"id": 1605}, "geometry": {"type": "Polygon", "coordinates": [[[15.8024597, -4.2491818, 0.0], [15.8024597, -4.2505513, 0.0], [15.803833, -4.2505513, 0.0], [15.803833, -4.2491818, 0.0], [15.8024597, -4.2491818, 0.0]]]}}, {"type": "Feature", "properties": {"id": 1606}, "geometry": {"type": "Polygon", "coordinates": [[[15.6170654, -4.2491818, 0.0], [15.6170654, -4.2505513, 0.0], [15.6184387, -4.2505513, 0.0], [15.619812, -4.2505513, 0.0], [15.619812, -4.2491818, 0.0], [15.619812, -4.2478123, 0.0], [15.6184387, -4.2478123, 0.0], [15.6184387, -4.2491818, 0.0], [15.6170654, -4.2491818, 0.0]]]}}, {"type": "Feature", "properties": {"id": 1607}, "geometry": {"type": "Polygon", "coordinates": [[[15.7928467, -4.2491818, 0.0], [15.7928467, -4.2505513, 0.0], [15.79422, -4.2505513, 0.0], [15.79422, -4.2491818, 0.0], [15.7928467, -4.2491818, 0.0]]]}}, {"type": "Feature", "properties": {"id": 1608}, "geometry": {"type": "Polygon", "coordinates": [[[15.6898499, -4.2491818, 0.0], [15.6898499, -4.2505513, 0.0], [15.6912231, -4.2505513, 0.0], [15.6925964, -4.2505513, 0.0], [15.6925964, -4.2491818, 0.0], [15.6912231, -4.2491818, 0.0], [15.6898499, -4.2491818, 0.0]]]}}, {"type": "Feature", "properties": {"id": 1609}, "geometry": {"type": "Polygon", "coordinates": [[[15.8628845, -4.2491818, 0.0], [15.8628845, -4.2505513, 0.0], [15.8642578, -4.2505513, 0.0], [15.8642578, -4.2491818, 0.0], [15.8628845, -4.2491818, 0.0]]]}}, {"type": "Feature", "properties": {"id": 1610}, "geometry": {"type": "Polygon", "coordinates": [[[15.7200623, -4.2491818, 0.0], [15.7214355, -4.2491818, 0.0], [15.7214355, -4.2478123, 0.0], [15.7214355, -4.2464428, 0.0], [15.7200623, -4.2464428, 0.0], [15.7200623, -4.2478123, 0.0], [15.718689, -4.2478123, 0.0], [15.718689, -4.2491818, 0.0], [15.718689, -4.2505513, 0.0], [15.7200623, -4.2505513, 0.0], [15.7200623, -4.2491818, 0.0]]]}}, {"type": "Feature", "properties": {"id": 1611}, "geometry": {"type": "Polygon", "coordinates": [[[15.7626343, -4.2478123, 0.0], [15.7626343, -4.2491818, 0.0], [15.7640076, -4.2491818, 0.0], [15.7653809, -4.2491818, 0.0], [15.7653809, -4.2478123, 0.0], [15.7653809, -4.2464428, 0.0], [15.7640076, -4.2464428, 0.0], [15.7640076, -4.2478123, 0.0], [15.7626343, -4.2478123, 0.0]]]}}, {"type": "Feature", "properties": {"id": 1612}, "geometry": {"type": "Polygon", "coordinates": [[[15.7749939, -4.2478123, 0.0], [15.7749939, -4.2491818, 0.0], [15.7763672, -4.2491818, 0.0], [15.7763672, -4.2478123, 0.0], [15.7749939, -4.2478123, 0.0]]]}}, {"type": "Feature", "properties": {"id": 1613}, "geometry": {"type": "Polygon", "coordinates": [[[15.8230591, -4.2478123, 0.0], [15.8230591, -4.2464428, 0.0], [15.8216858, -4.2464428, 0.0], [15.8216858, -4.2478123, 0.0], [15.8216858, -4.2491818, 0.0], [15.8230591, -4.2491818, 0.0], [15.8244324, -4.2491818, 0.0], [15.8244324, -4.2478123, 0.0], [15.8230591, -4.2478123, 0.0]]]}}, {"type": "Feature", "properties": {"id": 1614}, "geometry": {"type": "Polygon", "coordinates": [[[15.8944702, -4.2478123, 0.0], [15.8930969, -4.2478123, 0.0], [15.8930969, -4.2491818, 0.0], [15.8944702, -4.2491818, 0.0], [15.8958435, -4.2491818, 0.0], [15.8958435, -4.2478123, 0.0], [15.8944702, -4.2478123, 0.0]]]}}, {"type": "Feature", "properties": {"id": 1615}, "geometry": {"type": "Polygon", "coordinates": [[[15.8876038, -4.2478123, 0.0], [15.8876038, -4.2464428, 0.0], [15.8862305, -4.2464428, 0.0], [15.8862305, -4.2478123, 0.0], [15.8848572, -4.2478123, 0.0], [15.8848572, -4.2491818, 0.0], [15.8862305, -4.2491818, 0.0], [15.8876038, -4.2491818, 0.0], [15.8876038, -4.2478123, 0.0]]]}}, {"type": "Feature", "properties": {"id": 1616}, "geometry": {"type": "Polygon", "coordinates": [[[15.6884766, -4.2478123, 0.0], [15.6884766, -4.2491818, 0.0], [15.6898499, -4.2491818, 0.0], [15.6898499, -4.2478123, 0.0], [15.6884766, -4.2478123, 0.0]]]}}, {"type": "Feature", "properties": {"id": 1617}, "geometry": {"type": "Polygon", "coordinates": [[[15.6088257, -4.2478123, 0.0], [15.6088257, -4.2491818, 0.0], [15.610199, -4.2491818, 0.0], [15.610199, -4.2478123, 0.0], [15.6088257, -4.2478123, 0.0]]]}}, {"type": "Feature", "properties": {"id": 1618}, "geometry": {"type": "Polygon", "coordinates": [[[15.5758667, -4.2478123, 0.0], [15.5758667, -4.2491818, 0.0], [15.57724, -4.2491818, 0.0], [15.57724, -4.2478123, 0.0], [15.5758667, -4.2478123, 0.0]]]}}, {"type": "Feature", "properties": {"id": 1619}, "geometry": {"type": "Polygon", "coordinates": [[[15.6129456, -4.2478123, 0.0], [15.6129456, -4.2491818, 0.0], [15.6143188, -4.2491818, 0.0], [15.6143188, -4.2478123, 0.0], [15.6129456, -4.2478123, 0.0]]]}}, {"type": "Feature", "properties": {"id": 1620}, "geometry": {"type": "Polygon", "coordinates": [[[15.9164429, -4.2464428, 0.0], [15.9164429, -4.2478123, 0.0], [15.9178162, -4.2478123, 0.0], [15.9178162, -4.2464428, 0.0], [15.9164429, -4.2464428, 0.0]]]}}, {"type": "Feature", "properties": {"id": 1621}, "geometry": {"type": "Polygon", "coordinates": [[[15.8120728, -4.2464428, 0.0], [15.8120728, -4.2450732, 0.0], [15.813446, -4.2450732, 0.0], [15.813446, -4.2437037, 0.0], [15.8148193, -4.2437037, 0.0], [15.8148193, -4.2450732, 0.0], [15.8161926, -4.2450732, 0.0], [15.8175659, -4.2450732, 0.0], [15.8175659, -4.2437037, 0.0], [15.8175659, -4.2423342, 0.0], [15.8189392, -4.2423342, 0.0], [15.8189392, -4.2409647, 0.0], [15.8203125, -4.2409647, 0.0], [15.8203125, -4.2395951, 0.0], [15.8189392, -4.2395951, 0.0], [15.8189392, -4.2382256, 0.0], [15.8189392, -4.2368561, 0.0], [15.8175659, -4.2368561, 0.0], [15.8161926, -4.2368561, 0.0], [15.8161926, -4.2354865, 0.0], [15.8148193, -4.2354865, 0.0], [15.8148193, -4.234117, 0.0], [15.813446, -4.234117, 0.0], [15.813446, -4.2354865, 0.0], [15.8120728, -4.2354865, 0.0], [15.8120728, -4.234117, 0.0], [15.8120728, -4.2327474, 0.0], [15.8106995, -4.2327474, 0.0], [15.8093262, -4.2327474, 0.0], [15.8093262, -4.234117, 0.0], [15.8079529, -4.234117, 0.0], [15.8079529, -4.2354865, 0.0], [15.8065796, -4.2354865, 0.0], [15.8052063, -4.2354865, 0.0], [15.803833, -4.2354865, 0.0], [15.803833, -4.2368561, 0.0], [15.8052063, -4.2368561, 0.0], [15.8052063, -4.2382256, 0.0], [15.8065796, -4.2382256, 0.0], [15.8079529, -4.2382256, 0.0], [15.8093262, -4.2382256, 0.0], [15.8093262, -4.2395951, 0.0], [15.8079529, -4.2395951, 0.0], [15.8079529, -4.2409647, 0.0], [15.8079529, -4.2423342, 0.0], [15.8093262, -4.2423342, 0.0], [15.8093262, -4.2437037, 0.0], [15.8093262, -4.2450732, 0.0], [15.8093262, -4.2464428, 0.0], [15.8106995, -4.2464428, 0.0], [15.8106995, -4.2478123, 0.0], [15.8120728, -4.2478123, 0.0], [15.8120728, -4.2464428, 0.0]]]}}, {"type": "Feature", "properties": {"id": 1622}, "geometry": {"type": "Polygon", "coordinates": [[[15.7337952, -4.2464428, 0.0], [15.7337952, -4.2478123, 0.0], [15.7351685, -4.2478123, 0.0], [15.7351685, -4.2464428, 0.0], [15.7337952, -4.2464428, 0.0]]]}}, {"type": "Feature", "properties": {"id": 1623}, "geometry": {"type": "Polygon", "coordinates": [[[15.7063293, -4.2464428, 0.0], [15.7063293, -4.2478123, 0.0], [15.7077026, -4.2478123, 0.0], [15.7077026, -4.2464428, 0.0], [15.7063293, -4.2464428, 0.0]]]}}, {"type": "Feature", "properties": {"id": 1624}, "geometry": {"type": "Polygon", "coordinates": [[[15.6912231, -4.2464428, 0.0], [15.6912231, -4.2478123, 0.0], [15.6925964, -4.2478123, 0.0], [15.6925964, -4.2464428, 0.0], [15.6912231, -4.2464428, 0.0]]]}}, {"type": "Feature", "properties": {"id": 1625}, "geometry": {"type": "Polygon", "coordinates": [[[15.6005859, -4.2450732, 0.0], [15.6005859, -4.2464428, 0.0], [15.6019592, -4.2464428, 0.0], [15.6019592, -4.2450732, 0.0], [15.6005859, -4.2450732, 0.0]]]}}, {"type": "Feature", "properties": {"id": 1626}, "geometry": {"type": "Polygon", "coordinates": [[[15.5978394, -4.2450732, 0.0], [15.5978394, -4.2464428, 0.0], [15.5992126, -4.2464428, 0.0], [15.5992126, -4.2450732, 0.0], [15.5978394, -4.2450732, 0.0]]]}}, {"type": "Feature", "properties": {"id": 1627}, "geometry": {"type": "Polygon", "coordinates": [[[15.8340454, -4.2450732, 0.0], [15.8340454, -4.2464428, 0.0], [15.8354187, -4.2464428, 0.0], [15.8354187, -4.2450732, 0.0], [15.8340454, -4.2450732, 0.0]]]}}, {"type": "Feature", "properties": {"id": 1628}, "geometry": {"type": "Polygon", "coordinates": [[[15.6472778, -4.2450732, 0.0], [15.6472778, -4.2464428, 0.0], [15.6486511, -4.2464428, 0.0], [15.6486511, -4.2450732, 0.0], [15.6472778, -4.2450732, 0.0]]]}}, {"type": "Feature", "properties": {"id": 1629}, "geometry": {"type": "Polygon", "coordinates": [[[15.7901001, -4.2450732, 0.0], [15.7901001, -4.2464428, 0.0], [15.7914734, -4.2464428, 0.0], [15.7914734, -4.2450732, 0.0], [15.7901001, -4.2450732, 0.0]]]}}, {"type": "Feature", "properties": {"id": 1630}, "geometry": {"type": "Polygon", "coordinates": [[[15.7022095, -4.2450732, 0.0], [15.7022095, -4.2464428, 0.0], [15.7035828, -4.2464428, 0.0], [15.7035828, -4.2450732, 0.0], [15.7022095, -4.2450732, 0.0]]]}}, {"type": "Feature", "properties": {"id": 1631}, "geometry": {"type": "Polygon", "coordinates": [[[15.9054565, -4.2450732, 0.0], [15.9054565, -4.2464428, 0.0], [15.9068298, -4.2464428, 0.0], [15.9068298, -4.2450732, 0.0], [15.9054565, -4.2450732, 0.0]]]}}, {"type": "Feature", "properties": {"id": 1632}, "geometry": {"type": "Polygon", "coordinates": [[[15.8876038, -4.2450732, 0.0], [15.8876038, -4.2464428, 0.0], [15.8889771, -4.2464428, 0.0], [15.8889771, -4.2450732, 0.0], [15.8876038, -4.2450732, 0.0]]]}}, {"type": "Feature", "properties": {"id": 1633}, "geometry": {"type": "Polygon", "coordinates": [[[15.846405, -4.2437037, 0.0], [15.846405, -4.2450732, 0.0], [15.8477783, -4.2450732, 0.0], [15.8477783, -4.2437037, 0.0], [15.846405, -4.2437037, 0.0]]]}}, {"type": "Feature", "properties": {"id": 1634}, "geometry": {"type": "Polygon", "coordinates": [[[15.8354187, -4.2437037, 0.0], [15.8354187, -4.2450732, 0.0], [15.836792, -4.2450732, 0.0], [15.836792, -4.2437037, 0.0], [15.8354187, -4.2437037, 0.0]]]}}, {"type": "Feature", "properties": {"id": 1635}, "geometry": {"type": "Polygon", "coordinates": [[[15.8409119, -4.2752022, 0.0], [15.8422852, -4.2752022, 0.0], [15.8422852, -4.2738327, 0.0], [15.8409119, -4.2738327, 0.0], [15.8395386, -4.2738327, 0.0], [15.8395386, -4.2752022, 0.0], [15.8395386, -4.2765716, 0.0], [15.8409119, -4.2765716, 0.0], [15.8409119, -4.2752022, 0.0]]]}}, {"type": "Feature", "properties": {"id": 1636}, "geometry": {"type": "Polygon", "coordinates": [[[15.8876038, -4.2752022, 0.0], [15.8876038, -4.2738327, 0.0], [15.8862305, -4.2738327, 0.0], [15.8862305, -4.2752022, 0.0], [15.8862305, -4.2765716, 0.0], [15.8876038, -4.2765716, 0.0], [15.8876038, -4.2752022, 0.0]]]}}, {"type": "Feature", "properties": {"id": 1637}, "geometry": {"type": "Polygon", "coordinates": [[[15.9288025, -4.2738327, 0.0], [15.9288025, -4.2752022, 0.0], [15.9301758, -4.2752022, 0.0], [15.9301758, -4.2738327, 0.0], [15.9288025, -4.2738327, 0.0]]]}}, {"type": "Feature", "properties": {"id": 1638}, "geometry": {"type": "Polygon", "coordinates": [[[15.9191895, -4.2738327, 0.0], [15.9191895, -4.2752022, 0.0], [15.9205627, -4.2752022, 0.0], [15.9205627, -4.2738327, 0.0], [15.9191895, -4.2738327, 0.0]]]}}, {"type": "Feature", "properties": {"id": 1639}, "geometry": {"type": "Polygon", "coordinates": [[[15.8642578, -4.2738327, 0.0], [15.8642578, -4.2752022, 0.0], [15.8656311, -4.2752022, 0.0], [15.8656311, -4.2738327, 0.0], [15.8642578, -4.2738327, 0.0]]]}}, {"type": "Feature", "properties": {"id": 1640}, "geometry": {"type": "Polygon", "coordinates": [[[15.8670044, -4.2738327, 0.0], [15.8670044, -4.2752022, 0.0], [15.8683777, -4.2752022, 0.0], [15.8683777, -4.2738327, 0.0], [15.8670044, -4.2738327, 0.0]]]}}, {"type": "Feature", "properties": {"id": 1641}, "geometry": {"type": "Polygon", "coordinates": [[[15.8518982, -4.2724632, 0.0], [15.8518982, -4.2738327, 0.0], [15.8532715, -4.2738327, 0.0], [15.8532715, -4.2724632, 0.0], [15.8518982, -4.2724632, 0.0]]]}}, {"type": "Feature", "properties": {"id": 1642}, "geometry": {"type": "Polygon", "coordinates": [[[15.8422852, -4.2724632, 0.0], [15.8422852, -4.2738327, 0.0], [15.8436584, -4.2738327, 0.0], [15.8436584, -4.2724632, 0.0], [15.8422852, -4.2724632, 0.0]]]}}, {"type": "Feature", "properties": {"id": 1643}, "geometry": {"type": "Polygon", "coordinates": [[[15.7228088, -4.2437037, 0.0], [15.7228088, -4.2450732, 0.0], [15.7241821, -4.2450732, 0.0], [15.7241821, -4.2437037, 0.0], [15.7228088, -4.2437037, 0.0]]]}}, {"type": "Feature", "properties": {"id": 1644}, "geometry": {"type": "Polygon", "coordinates": [[[15.6912231, -4.2437037, 0.0], [15.6912231, -4.2450732, 0.0], [15.6925964, -4.2450732, 0.0], [15.6925964, -4.2437037, 0.0], [15.6912231, -4.2437037, 0.0]]]}}, {"type": "Feature", "properties": {"id": 1645}, "geometry": {"type": "Polygon", "coordinates": [[[15.7008362, -4.2437037, 0.0], [15.7008362, -4.2450732, 0.0], [15.7022095, -4.2450732, 0.0], [15.7022095, -4.2437037, 0.0], [15.7008362, -4.2437037, 0.0]]]}}, {"type": "Feature", "properties": {"id": 1646}, "geometry": {"type": "Polygon", "coordinates": [[[15.7997131, -4.2437037, 0.0], [15.7983398, -4.2437037, 0.0], [15.7969666, -4.2437037, 0.0], [15.7969666, -4.2450732, 0.0], [15.7983398, -4.2450732, 0.0], [15.7997131, -4.2450732, 0.0], [15.8010864, -4.2450732, 0.0], [15.8010864, -4.2437037, 0.0], [15.7997131, -4.2437037, 0.0]]]}}, {"type": "Feature", "properties": {"id": 1647}, "geometry": {"type": "Polygon", "coordinates": [[[15.8807373, -4.2437037, 0.0], [15.8807373, -4.2450732, 0.0], [15.8821106, -4.2450732, 0.0], [15.8821106, -4.2437037, 0.0], [15.8807373, -4.2437037, 0.0]]]}}, {"type": "Feature", "properties": {"id": 1648}, "geometry": {"type": "Polygon", "coordinates": [[[15.9384155, -4.2437037, 0.0], [15.9384155, -4.2450732, 0.0], [15.9397888, -4.2450732, 0.0], [15.9397888, -4.2437037, 0.0], [15.9384155, -4.2437037, 0.0]]]}}, {"type": "Feature", "properties": {"id": 1649}, "geometry": {"type": "Polygon", "coordinates": [[[15.6925964, -4.2423342, 0.0], [15.6925964, -4.2437037, 0.0], [15.6939697, -4.2437037, 0.0], [15.695343, -4.2437037, 0.0], [15.695343, -4.2423342, 0.0], [15.695343, -4.2409647, 0.0], [15.695343, -4.2395951, 0.0], [15.6939697, -4.2395951, 0.0], [15.6939697, -4.2409647, 0.0], [15.6939697, -4.2423342, 0.0], [15.6925964, -4.2423342, 0.0]]]}}, {"type": "Feature", "properties": {"id": 1650}, "geometry": {"type": "Polygon", "coordinates": [[[15.9315491, -4.2423342, 0.0], [15.9315491, -4.2437037, 0.0], [15.9329224, -4.2437037, 0.0], [15.9329224, -4.2423342, 0.0], [15.9315491, -4.2423342, 0.0]]]}}, {"type": "Feature", "properties": {"id": 1651}, "geometry": {"type": "Polygon", "coordinates": [[[15.8587646, -4.2423342, 0.0], [15.8587646, -4.2437037, 0.0], [15.8601379, -4.2437037, 0.0], [15.8601379, -4.2423342, 0.0], [15.8587646, -4.2423342, 0.0]]]}}, {"type": "Feature", "properties": {"id": 1652}, "geometry": {"type": "Polygon", "coordinates": [[[15.7791138, -4.2423342, 0.0], [15.7791138, -4.2437037, 0.0], [15.7804871, -4.2437037, 0.0], [15.7804871, -4.2423342, 0.0], [15.7791138, -4.2423342, 0.0]]]}}, {"type": "Feature", "properties": {"id": 1653}, "geometry": {"type": "Polygon", "coordinates": [[[15.7475281, -4.2423342, 0.0], [15.7475281, -4.2409647, 0.0], [15.7461548, -4.2409647, 0.0], [15.7461548, -4.2423342, 0.0], [15.7461548, -4.2437037, 0.0], [15.7475281, -4.2437037, 0.0], [15.7475281, -4.2423342, 0.0]]]}}, {"type": "Feature", "properties": {"id": 1654}, "geometry": {"type": "Polygon", "coordinates": [[[15.8903503, -4.2423342, 0.0], [15.8903503, -4.2437037, 0.0], [15.8917236, -4.2437037, 0.0], [15.8917236, -4.2423342, 0.0], [15.8903503, -4.2423342, 0.0]]]}}, {"type": "Feature", "properties": {"id": 1655}, "geometry": {"type": "Polygon", "coordinates": [[[15.7901001, -4.2409647, 0.0], [15.7901001, -4.2423342, 0.0], [15.7914734, -4.2423342, 0.0], [15.7914734, -4.2409647, 0.0], [15.7901001, -4.2409647, 0.0]]]}}, {"type": "Feature", "properties": {"id": 1656}, "geometry": {"type": "Polygon", "coordinates": [[[15.7681274, -4.2409647, 0.0], [15.7695007, -4.2409647, 0.0], [15.7695007, -4.2395951, 0.0], [15.7695007, -4.2382256, 0.0], [15.7695007, -4.2368561, 0.0], [15.7681274, -4.2368561, 0.0], [15.7681274, -4.2382256, 0.0], [15.7667542, -4.2382256, 0.0], [15.7667542, -4.2395951, 0.0], [15.7653809, -4.2395951, 0.0], [15.7653809, -4.2409647, 0.0], [15.7653809, -4.2423342, 0.0], [15.7667542, -4.2423342, 0.0], [15.7681274, -4.2423342, 0.0], [15.7681274, -4.2409647, 0.0]]]}}, {"type": "Feature", "properties": {"id": 1657}, "geometry": {"type": "Polygon", "coordinates": [[[15.6898499, -4.2409647, 0.0], [15.6898499, -4.2395951, 0.0], [15.6884766, -4.2395951, 0.0], [15.6884766, -4.2409647, 0.0], [15.6884766, -4.2423342, 0.0], [15.6898499, -4.2423342, 0.0], [15.6898499, -4.2409647, 0.0]]]}}, {"type": "Feature", "properties": {"id": 1658}, "geometry": {"type": "Polygon", "coordinates": [[[15.6033325, -4.2409647, 0.0], [15.6047058, -4.2409647, 0.0], [15.6047058, -4.2395951, 0.0], [15.6047058, -4.2382256, 0.0], [15.6033325, -4.2382256, 0.0], [15.6033325, -4.2368561, 0.0], [15.6033325, -4.2354865, 0.0], [15.6019592, -4.2354865, 0.0], [15.6005859, -4.2354865, 0.0], [15.6005859, -4.234117, 0.0], [15.6019592, -4.234117, 0.0], [15.6033325, -4.234117, 0.0], [15.6033325, -4.2327474, 0.0], [15.6047058, -4.2327474, 0.0], [15.6047058, -4.2313779, 0.0], [15.6047058, -4.2300083, 0.0], [15.6033325, -4.2300083, 0.0], [15.6019592, -4.2300083, 0.0], [15.6005859, -4.2300083, 0.0], [15.5992126, -4.2300083, 0.0], [15.5992126, -4.2313779, 0.0], [15.5992126, -4.2327474, 0.0], [15.5978394, -4.2327474, 0.0], [15.5978394, -4.234117, 0.0], [15.5978394, -4.2354865, 0.0], [15.5964661, -4.2354865, 0.0], [15.5950928, -4.2354865, 0.0], [15.5950928, -4.2368561, 0.0], [15.5964661, -4.2368561, 0.0], [15.5964661, -4.2382256, 0.0], [15.5964661, -4.2395951, 0.0], [15.5978394, -4.2395951, 0.0], [15.5992126, -4.2395951, 0.0], [15.5992126, -4.2382256, 0.0], [15.5992126, -4.2368561, 0.0], [15.6005859, -4.2368561, 0.0], [15.6005859, -4.2382256, 0.0], [15.6019592, -4.2382256, 0.0], [15.6019592, -4.2395951, 0.0], [15.6019592, -4.2409647, 0.0], [15.6019592, -4.2423342, 0.0], [15.6033325, -4.2423342, 0.0], [15.6033325, -4.2409647, 0.0]]]}}, {"type": "Feature", "properties": {"id": 1659}, "geometry": {"type": "Polygon", "coordinates": [[[15.8930969, -4.2409647, 0.0], [15.8930969, -4.2423342, 0.0], [15.8944702, -4.2423342, 0.0], [15.8944702, -4.2409647, 0.0], [15.8930969, -4.2409647, 0.0]]]}}, {"type": "Feature", "properties": {"id": 1660}, "geometry": {"type": "Polygon", "coordinates": [[[15.7104492, -4.2409647, 0.0], [15.7104492, -4.2423342, 0.0], [15.7118225, -4.2423342, 0.0], [15.7118225, -4.2409647, 0.0], [15.7104492, -4.2409647, 0.0]]]}}, {"type": "Feature", "properties": {"id": 1661}, "geometry": {"type": "Polygon", "coordinates": [[[15.8903503, -4.2382256, 0.0], [15.8903503, -4.2368561, 0.0], [15.8917236, -4.2368561, 0.0], [15.8917236, -4.2354865, 0.0], [15.8917236, -4.234117, 0.0], [15.8917236, -4.2327474, 0.0], [15.8903503, -4.2327474, 0.0], [15.8903503, -4.2313779, 0.0], [15.8889771, -4.2313779, 0.0], [15.8876038, -4.2313779, 0.0], [15.8876038, -4.2327474, 0.0], [15.8876038, -4.234117, 0.0], [15.8889771, -4.234117, 0.0], [15.8889771, -4.2354865, 0.0], [15.8876038, -4.2354865, 0.0], [15.8876038, -4.2368561, 0.0], [15.8876038, -4.2382256, 0.0], [15.8876038, -4.2395951, 0.0], [15.8862305, -4.2395951, 0.0], [15.8862305, -4.2409647, 0.0], [15.8876038, -4.2409647, 0.0], [15.8889771, -4.2409647, 0.0], [15.8903503, -4.2409647, 0.0], [15.8903503, -4.2395951, 0.0], [15.8903503, -4.2382256, 0.0]]]}}, {"type": "Feature", "properties": {"id": 1662}, "geometry": {"type": "Polygon", "coordinates": [[[15.7969666, -4.2395951, 0.0], [15.7969666, -4.2409647, 0.0], [15.7983398, -4.2409647, 0.0], [15.7983398, -4.2395951, 0.0], [15.7969666, -4.2395951, 0.0]]]}}, {"type": "Feature", "properties": {"id": 1663}, "geometry": {"type": "Polygon", "coordinates": [[[15.8821106, -4.2395951, 0.0], [15.8821106, -4.2409647, 0.0], [15.8834839, -4.2409647, 0.0], [15.8834839, -4.2395951, 0.0], [15.8821106, -4.2395951, 0.0]]]}}, {"type": "Feature", "properties": {"id": 1664}, "geometry": {"type": "Polygon", "coordinates": [[[15.8985901, -4.2382256, 0.0], [15.8985901, -4.2395951, 0.0], [15.8999634, -4.2395951, 0.0], [15.8999634, -4.2382256, 0.0], [15.8985901, -4.2382256, 0.0]]]}}, {"type": "Feature", "properties": {"id": 1665}, "geometry": {"type": "Polygon", "coordinates": [[[15.8972168, -4.2382256, 0.0], [15.8972168, -4.2368561, 0.0], [15.8958435, -4.2368561, 0.0], [15.8958435, -4.2382256, 0.0], [15.8958435, -4.2395951, 0.0], [15.8972168, -4.2395951, 0.0], [15.8972168, -4.2382256, 0.0]]]}}, {"type": "Feature", "properties": {"id": 1666}, "geometry": {"type": "Polygon", "coordinates": [[[15.7489014, -4.2395951, 0.0], [15.7489014, -4.2382256, 0.0], [15.7475281, -4.2382256, 0.0], [15.7475281, -4.2395951, 0.0], [15.7475281, -4.2409647, 0.0], [15.7489014, -4.2409647, 0.0], [15.7489014, -4.2395951, 0.0]]]}}, {"type": "Feature", "properties": {"id": 1667}, "geometry": {"type": "Polygon", "coordinates": [[[15.7928467, -4.2382256, 0.0], [15.7928467, -4.2395951, 0.0], [15.79422, -4.2395951, 0.0], [15.79422, -4.2382256, 0.0], [15.7928467, -4.2382256, 0.0]]]}}, {"type": "Feature", "properties": {"id": 1668}, "geometry": {"type": "Polygon", "coordinates": [[[15.8848572, -4.2382256, 0.0], [15.8848572, -4.2368561, 0.0], [15.8848572, -4.2354865, 0.0], [15.8848572, -4.234117, 0.0], [15.8848572, -4.2327474, 0.0], [15.8834839, -4.2327474, 0.0], [15.8834839, -4.234117, 0.0], [15.8821106, -4.234117, 0.0], [15.8807373, -4.234117, 0.0], [15.8807373, -4.2354865, 0.0], [15.8821106, -4.2354865, 0.0], [15.8834839, -4.2354865, 0.0], [15.8834839, -4.2368561, 0.0], [15.8834839, -4.2382256, 0.0], [15.8834839, -4.2395951, 0.0], [15.8848572, -4.2395951, 0.0], [15.8848572, -4.2382256, 0.0]]]}}, {"type": "Feature", "properties": {"id": 1669}, "geometry": {"type": "Polygon", "coordinates": [[[15.8299255, -4.2382256, 0.0], [15.8285522, -4.2382256, 0.0], [15.8285522, -4.2395951, 0.0], [15.8299255, -4.2395951, 0.0], [15.8312988, -4.2395951, 0.0], [15.8312988, -4.2382256, 0.0], [15.8299255, -4.2382256, 0.0]]]}}, {"type": "Feature", "properties": {"id": 1670}, "geometry": {"type": "Polygon", "coordinates": [[[15.8724976, -4.2382256, 0.0], [15.8711243, -4.2382256, 0.0], [15.8711243, -4.2395951, 0.0], [15.8724976, -4.2395951, 0.0], [15.8738708, -4.2395951, 0.0], [15.8738708, -4.2382256, 0.0], [15.8724976, -4.2382256, 0.0]]]}}, {"type": "Feature", "properties": {"id": 1671}, "geometry": {"type": "Polygon", "coordinates": [[[15.6980896, -4.2382256, 0.0], [15.6980896, -4.2395951, 0.0], [15.6994629, -4.2395951, 0.0], [15.6994629, -4.2382256, 0.0], [15.6980896, -4.2382256, 0.0]]]}}, {"type": "Feature", "properties": {"id": 1672}, "geometry": {"type": "Polygon", "coordinates": [[[15.6925964, -4.2382256, 0.0], [15.6925964, -4.2395951, 0.0], [15.6939697, -4.2395951, 0.0], [15.6939697, -4.2382256, 0.0], [15.6925964, -4.2382256, 0.0]]]}}, {"type": "Feature", "properties": {"id": 1673}, "geometry": {"type": "Polygon", "coordinates": [[[15.6074524, -4.2382256, 0.0], [15.6060791, -4.2382256, 0.0], [15.6060791, -4.2395951, 0.0], [15.6074524, -4.2395951, 0.0], [15.6088257, -4.2395951, 0.0], [15.6088257, -4.2382256, 0.0], [15.6074524, -4.2382256, 0.0]]]}}, {"type": "Feature", "properties": {"id": 1674}, "geometry": {"type": "Polygon", "coordinates": [[[15.9274292, -4.2368561, 0.0], [15.9274292, -4.2382256, 0.0], [15.9288025, -4.2382256, 0.0], [15.9288025, -4.2368561, 0.0], [15.9274292, -4.2368561, 0.0]]]}}, {"type": "Feature", "properties": {"id": 1675}, "geometry": {"type": "Polygon", "coordinates": [[[15.8752441, -4.2354865, 0.0], [15.8752441, -4.2368561, 0.0], [15.8766174, -4.2368561, 0.0], [15.8766174, -4.2354865, 0.0], [15.8752441, -4.2354865, 0.0]]]}}, {"type": "Feature", "properties": {"id": 1676}, "geometry": {"type": "Polygon", "coordinates": [[[15.8340454, -4.2354865, 0.0], [15.8340454, -4.2368561, 0.0], [15.8354187, -4.2368561, 0.0], [15.8354187, -4.2354865, 0.0], [15.8340454, -4.2354865, 0.0]]]}}, {"type": "Feature", "properties": {"id": 1677}, "geometry": {"type": "Polygon", "coordinates": [[[15.7543945, -4.2354865, 0.0], [15.7543945, -4.234117, 0.0], [15.7530212, -4.234117, 0.0], [15.7530212, -4.2354865, 0.0], [15.7530212, -4.2368561, 0.0], [15.7543945, -4.2368561, 0.0], [15.7543945, -4.2354865, 0.0]]]}}, {"type": "Feature", "properties": {"id": 1678}, "geometry": {"type": "Polygon", "coordinates": [[[15.7049561, -4.2368561, 0.0], [15.7049561, -4.2382256, 0.0], [15.7063293, -4.2382256, 0.0], [15.7063293, -4.2368561, 0.0], [15.7049561, -4.2368561, 0.0]]]}}, {"type": "Feature", "properties": {"id": 1679}, "geometry": {"type": "Polygon", "coordinates": [[[15.6994629, -4.2368561, 0.0], [15.6994629, -4.2382256, 0.0], [15.7008362, -4.2382256, 0.0], [15.7008362, -4.2368561, 0.0], [15.6994629, -4.2368561, 0.0]]]}}, {"type": "Feature", "properties": {"id": 1680}, "geometry": {"type": "Polygon", "coordinates": [[[15.695343, -4.2354865, 0.0], [15.695343, -4.2368561, 0.0], [15.6967163, -4.2368561, 0.0], [15.6967163, -4.2354865, 0.0], [15.695343, -4.2354865, 0.0]]]}}, {"type": "Feature", "properties": {"id": 1681}, "geometry": {"type": "Polygon", "coordinates": [[[15.9411621, -4.2354865, 0.0], [15.9411621, -4.2368561, 0.0], [15.9425354, -4.2368561, 0.0], [15.9425354, -4.2354865, 0.0], [15.9411621, -4.2354865, 0.0]]]}}, {"type": "Feature", "properties": {"id": 1682}, "geometry": {"type": "Polygon", "coordinates": [[[15.7873535, -4.2354865, 0.0], [15.7873535, -4.2368561, 0.0], [15.7887268, -4.2368561, 0.0], [15.7887268, -4.2354865, 0.0], [15.7873535, -4.2354865, 0.0]]]}}, {"type": "Feature", "properties": {"id": 1683}, "geometry": {"type": "Polygon", "coordinates": [[[15.6225586, -4.2354865, 0.0], [15.6211853, -4.2354865, 0.0], [15.6211853, -4.2368561, 0.0], [15.6225586, -4.2368561, 0.0], [15.6239319, -4.2368561, 0.0], [15.6239319, -4.2354865, 0.0], [15.6225586, -4.2354865, 0.0]]]}}, {"type": "Feature", "properties": {"id": 1684}, "geometry": {"type": "Polygon", "coordinates": [[[15.7997131, -4.2354865, 0.0], [15.7997131, -4.2368561, 0.0], [15.8010864, -4.2368561, 0.0], [15.8024597, -4.2368561, 0.0], [15.8024597, -4.2354865, 0.0], [15.8010864, -4.2354865, 0.0], [15.7997131, -4.2354865, 0.0]]]}}, {"type": "Feature", "properties": {"id": 1685}, "geometry": {"type": "Polygon", "coordinates": [[[15.827179, -4.2354865, 0.0], [15.827179, -4.2368561, 0.0], [15.8285522, -4.2368561, 0.0], [15.8285522, -4.2354865, 0.0], [15.827179, -4.2354865, 0.0]]]}}, {"type": "Feature", "properties": {"id": 1686}, "geometry": {"type": "Polygon", "coordinates": [[[15.7928467, -4.234117, 0.0], [15.7928467, -4.2327474, 0.0], [15.7914734, -4.2327474, 0.0], [15.7914734, -4.234117, 0.0], [15.7914734, -4.2354865, 0.0], [15.7928467, -4.2354865, 0.0], [15.7928467, -4.234117, 0.0]]]}}, {"type": "Feature", "properties": {"id": 1687}, "geometry": {"type": "Polygon", "coordinates": [[[15.7846069, -4.234117, 0.0], [15.7846069, -4.2354865, 0.0], [15.7859802, -4.2354865, 0.0], [15.7859802, -4.234117, 0.0], [15.7846069, -4.234117, 0.0]]]}}, {"type": "Feature", "properties": {"id": 1688}, "geometry": {"type": "Polygon", "coordinates": [[[15.803833, -4.234117, 0.0], [15.803833, -4.2327474, 0.0], [15.8024597, -4.2327474, 0.0], [15.8010864, -4.2327474, 0.0], [15.8010864, -4.234117, 0.0], [15.8024597, -4.234117, 0.0], [15.8024597, -4.2354865, 0.0], [15.803833, -4.2354865, 0.0], [15.803833, -4.234117, 0.0]]]}}, {"type": "Feature", "properties": {"id": 1689}, "geometry": {"type": "Polygon", "coordinates": [[[15.718689, -4.234117, 0.0], [15.718689, -4.2327474, 0.0], [15.7173157, -4.2327474, 0.0], [15.7173157, -4.234117, 0.0], [15.7173157, -4.2354865, 0.0], [15.718689, -4.2354865, 0.0], [15.718689, -4.234117, 0.0]]]}}, {"type": "Feature", "properties": {"id": 1690}, "geometry": {"type": "Polygon", "coordinates": [[[15.7118225, -4.234117, 0.0], [15.7118225, -4.2354865, 0.0], [15.7131958, -4.2354865, 0.0], [15.7145691, -4.2354865, 0.0], [15.7145691, -4.234117, 0.0], [15.7131958, -4.234117, 0.0], [15.7118225, -4.234117, 0.0]]]}}, {"type": "Feature", "properties": {"id": 1691}, "geometry": {"type": "Polygon", "coordinates": [[[15.8573914, -4.2327474, 0.0], [15.8573914, -4.2313779, 0.0], [15.8560181, -4.2313779, 0.0], [15.8560181, -4.2327474, 0.0], [15.8560181, -4.234117, 0.0], [15.8573914, -4.234117, 0.0], [15.8573914, -4.2327474, 0.0]]]}}, {"type": "Feature", "properties": {"id": 1692}, "geometry": {"type": "Polygon", "coordinates": [[[15.8436584, -4.2327474, 0.0], [15.8422852, -4.2327474, 0.0], [15.8422852, -4.234117, 0.0], [15.8436584, -4.234117, 0.0], [15.8450317, -4.234117, 0.0], [15.8450317, -4.2327474, 0.0], [15.8436584, -4.2327474, 0.0]]]}}, {"type": "Feature", "properties": {"id": 1693}, "geometry": {"type": "Polygon", "coordinates": [[[15.8999634, -4.2327474, 0.0], [15.8999634, -4.2313779, 0.0], [15.8999634, -4.2300083, 0.0], [15.8985901, -4.2300083, 0.0], [15.8985901, -4.2313779, 0.0], [15.8985901, -4.2327474, 0.0], [15.8985901, -4.234117, 0.0], [15.8999634, -4.234117, 0.0], [15.8999634, -4.2327474, 0.0]]]}}, {"type": "Feature", "properties": {"id": 1694}, "geometry": {"type": "Polygon", "coordinates": [[[15.8340454, -4.2327474, 0.0], [15.8354187, -4.2327474, 0.0], [15.8354187, -4.2313779, 0.0], [15.8340454, -4.2313779, 0.0], [15.8326721, -4.2313779, 0.0], [15.8312988, -4.2313779, 0.0], [15.8312988, -4.2327474, 0.0], [15.8326721, -4.2327474, 0.0], [15.8326721, -4.234117, 0.0], [15.8340454, -4.234117, 0.0], [15.8340454, -4.2327474, 0.0]]]}}, {"type": "Feature", "properties": {"id": 1695}, "geometry": {"type": "Polygon", "coordinates": [[[15.7557678, -4.2327474, 0.0], [15.7557678, -4.2313779, 0.0], [15.7557678, -4.2300083, 0.0], [15.7543945, -4.2300083, 0.0], [15.7543945, -4.2313779, 0.0], [15.7543945, -4.2327474, 0.0], [15.7543945, -4.234117, 0.0], [15.7557678, -4.234117, 0.0], [15.7557678, -4.2327474, 0.0]]]}}, {"type": "Feature", "properties": {"id": 1696}, "geometry": {"type": "Polygon", "coordinates": [[[15.6225586, -4.2327474, 0.0], [15.6225586, -4.234117, 0.0], [15.6239319, -4.234117, 0.0], [15.6253052, -4.234117, 0.0], [15.6253052, -4.2327474, 0.0], [15.6239319, -4.2327474, 0.0], [15.6225586, -4.2327474, 0.0]]]}}, {"type": "Feature", "properties": {"id": 1697}, "geometry": {"type": "Polygon", "coordinates": [[[15.5580139, -4.2327474, 0.0], [15.5593872, -4.2327474, 0.0], [15.5593872, -4.2313779, 0.0], [15.5580139, -4.2313779, 0.0], [15.5566406, -4.2313779, 0.0], [15.5552673, -4.2313779, 0.0], [15.5552673, -4.2327474, 0.0], [15.5552673, -4.234117, 0.0], [15.5566406, -4.234117, 0.0], [15.5580139, -4.234117, 0.0], [15.5580139, -4.2327474, 0.0]]]}}, {"type": "Feature", "properties": {"id": 1698}, "geometry": {"type": "Polygon", "coordinates": [[[15.5882263, -4.2327474, 0.0], [15.5882263, -4.234117, 0.0], [15.5895996, -4.234117, 0.0], [15.5895996, -4.2327474, 0.0], [15.5882263, -4.2327474, 0.0]]]}}, {"type": "Feature", "properties": {"id": 1699}, "geometry": {"type": "Polygon", "coordinates": [[[15.8148193, -4.2313779, 0.0], [15.8148193, -4.2327474, 0.0], [15.8161926, -4.2327474, 0.0], [15.8161926, -4.2313779, 0.0], [15.8148193, -4.2313779, 0.0]]]}}, {"type": "Feature", "properties": {"id": 1700}, "geometry": {"type": "Polygon", "coordinates": [[[15.7955933, -4.2313779, 0.0], [15.7955933, -4.2300083, 0.0], [15.7955933, -4.2286388, 0.0], [15.79422, -4.2286388, 0.0], [15.79422, -4.2300083, 0.0], [15.7928467, -4.2300083, 0.0], [15.7928467, -4.2313779, 0.0], [15.79422, -4.2313779, 0.0], [15.79422, -4.2327474, 0.0], [15.7955933, -4.2327474, 0.0], [15.7955933, -4.2313779, 0.0]]]}}, {"type": "Feature", "properties": {"id": 1701}, "geometry": {"type": "Polygon", "coordinates": [[[15.7667542, -4.2313779, 0.0], [15.7667542, -4.2327474, 0.0], [15.7681274, -4.2327474, 0.0], [15.7681274, -4.2313779, 0.0], [15.7667542, -4.2313779, 0.0]]]}}, {"type": "Feature", "properties": {"id": 1702}, "geometry": {"type": "Polygon", "coordinates": [[[15.7090759, -4.2327474, 0.0], [15.7090759, -4.2313779, 0.0], [15.7090759, -4.2300083, 0.0], [15.7090759, -4.2286388, 0.0], [15.7090759, -4.2272692, 0.0], [15.7077026, -4.2272692, 0.0], [15.7077026, -4.2286388, 0.0], [15.7063293, -4.2286388, 0.0], [15.7063293, -4.2300083, 0.0], [15.7077026, -4.2300083, 0.0], [15.7077026, -4.2313779, 0.0], [15.7063293, -4.2313779, 0.0], [15.7063293, -4.2327474, 0.0], [15.7063293, -4.234117, 0.0], [15.7077026, -4.234117, 0.0], [15.7090759, -4.234117, 0.0], [15.7090759, -4.2327474, 0.0]]]}}, {"type": "Feature", "properties": {"id": 1703}, "geometry": {"type": "Polygon", "coordinates": [[[15.7008362, -4.2327474, 0.0], [15.7008362, -4.234117, 0.0], [15.7022095, -4.234117, 0.0], [15.7022095, -4.2327474, 0.0], [15.7008362, -4.2327474, 0.0]]]}}, {"type": "Feature", "properties": {"id": 1704}, "geometry": {"type": "Polygon", "coordinates": [[[15.6980896, -4.2327474, 0.0], [15.6980896, -4.2313779, 0.0], [15.6967163, -4.2313779, 0.0], [15.6967163, -4.2327474, 0.0], [15.695343, -4.2327474, 0.0], [15.695343, -4.234117, 0.0], [15.6967163, -4.234117, 0.0], [15.6980896, -4.234117, 0.0], [15.6980896, -4.2327474, 0.0]]]}}, {"type": "Feature", "properties": {"id": 1705}, "geometry": {"type": "Polygon", "coordinates": [[[15.6994629, -4.2313779, 0.0], [15.6994629, -4.2327474, 0.0], [15.7008362, -4.2327474, 0.0], [15.7008362, -4.2313779, 0.0], [15.6994629, -4.2313779, 0.0]]]}}, {"type": "Feature", "properties": {"id": 1706}, "geometry": {"type": "Polygon", "coordinates": [[[15.5827332, -4.2313779, 0.0], [15.5827332, -4.2327474, 0.0], [15.5841064, -4.2327474, 0.0], [15.5854797, -4.2327474, 0.0], [15.586853, -4.2327474, 0.0], [15.586853, -4.2313779, 0.0], [15.5854797, -4.2313779, 0.0], [15.5841064, -4.2313779, 0.0], [15.5827332, -4.2313779, 0.0]]]}}, {"type": "Feature", "properties": {"id": 1707}, "geometry": {"type": "Polygon", "coordinates": [[[15.9301758, -4.2300083, 0.0], [15.9301758, -4.2313779, 0.0], [15.9315491, -4.2313779, 0.0], [15.9315491, -4.2300083, 0.0], [15.9301758, -4.2300083, 0.0]]]}}, {"type": "Feature", "properties": {"id": 1708}, "geometry": {"type": "Polygon", "coordinates": [[[15.5882263, -4.2300083, 0.0], [15.5882263, -4.2313779, 0.0], [15.5895996, -4.2313779, 0.0], [15.5909729, -4.2313779, 0.0], [15.5909729, -4.2300083, 0.0], [15.5895996, -4.2300083, 0.0], [15.5882263, -4.2300083, 0.0]]]}}, {"type": "Feature", "properties": {"id": 1709}, "geometry": {"type": "Polygon", "coordinates": [[[15.8917236, -4.2300083, 0.0], [15.8917236, -4.2313779, 0.0], [15.8930969, -4.2313779, 0.0], [15.8930969, -4.2300083, 0.0], [15.8917236, -4.2300083, 0.0]]]}}, {"type": "Feature", "properties": {"id": 1710}, "geometry": {"type": "Polygon", "coordinates": [[[15.6170654, -4.2313779, 0.0], [15.6170654, -4.2300083, 0.0], [15.6156921, -4.2300083, 0.0], [15.6156921, -4.2313779, 0.0], [15.6156921, -4.2327474, 0.0], [15.6170654, -4.2327474, 0.0], [15.6170654, -4.2313779, 0.0]]]}}, {"type": "Feature", "properties": {"id": 1711}, "geometry": {"type": "Polygon", "coordinates": [[[15.8491516, -4.2300083, 0.0], [15.8491516, -4.2313779, 0.0], [15.8505249, -4.2313779, 0.0], [15.8505249, -4.2300083, 0.0], [15.8491516, -4.2300083, 0.0]]]}}, {"type": "Feature", "properties": {"id": 1712}, "geometry": {"type": "Polygon", "coordinates": [[[15.7022095, -4.2300083, 0.0], [15.7022095, -4.2286388, 0.0], [15.7008362, -4.2286388, 0.0], [15.7008362, -4.2300083, 0.0], [15.7008362, -4.2313779, 0.0], [15.7022095, -4.2313779, 0.0], [15.7022095, -4.2300083, 0.0]]]}}, {"type": "Feature", "properties": {"id": 1713}, "geometry": {"type": "Polygon", "coordinates": [[[15.5854797, -4.2286388, 0.0], [15.5854797, -4.2300083, 0.0], [15.586853, -4.2300083, 0.0], [15.586853, -4.2286388, 0.0], [15.5854797, -4.2286388, 0.0]]]}}, {"type": "Feature", "properties": {"id": 1714}, "geometry": {"type": "Polygon", "coordinates": [[[15.7447815, -4.2300083, 0.0], [15.7447815, -4.2313779, 0.0], [15.7461548, -4.2313779, 0.0], [15.7461548, -4.2300083, 0.0], [15.7447815, -4.2300083, 0.0]]]}}, {"type": "Feature", "properties": {"id": 1715}, "geometry": {"type": "Polygon", "coordinates": [[[15.7859802, -4.2286388, 0.0], [15.7859802, -4.2272692, 0.0], [15.7873535, -4.2272692, 0.0], [15.7873535, -4.2258997, 0.0], [15.7859802, -4.2258997, 0.0], [15.7846069, -4.2258997, 0.0], [15.7832336, -4.2258997, 0.0], [15.7832336, -4.2245301, 0.0], [15.7832336, -4.2231606, 0.0], [15.7846069, -4.2231606, 0.0], [15.7846069, -4.221791, 0.0], [15.7832336, -4.221791, 0.0], [15.7818604, -4.221791, 0.0], [15.7818604, -4.2204214, 0.0], [15.7818604, -4.2190519, 0.0], [15.7804871, -4.2190519, 0.0], [15.7791138, -4.2190519, 0.0], [15.7777405, -4.2190519, 0.0], [15.7763672, -4.2190519, 0.0], [15.7763672, -4.2176823, 0.0], [15.7749939, -4.2176823, 0.0], [15.7749939, -4.2190519, 0.0], [15.7736206, -4.2190519, 0.0], [15.7736206, -4.2204214, 0.0], [15.7749939, -4.2204214, 0.0], [15.7749939, -4.221791, 0.0], [15.7763672, -4.221791, 0.0], [15.7763672, -4.2231606, 0.0], [15.7763672, -4.2245301, 0.0], [15.7763672, -4.2258997, 0.0], [15.7763672, -4.2272692, 0.0], [15.7777405, -4.2272692, 0.0], [15.7791138, -4.2272692, 0.0], [15.7791138, -4.2286388, 0.0], [15.7804871, -4.2286388, 0.0], [15.7818604, -4.2286388, 0.0], [15.7832336, -4.2286388, 0.0], [15.7832336, -4.2300083, 0.0], [15.7846069, -4.2300083, 0.0], [15.7859802, -4.2300083, 0.0], [15.7859802, -4.2286388, 0.0]]]}}, {"type": "Feature", "properties": {"id": 1716}, "geometry": {"type": "Polygon", "coordinates": [[[15.6417847, -4.2300083, 0.0], [15.6417847, -4.2313779, 0.0], [15.643158, -4.2313779, 0.0], [15.643158, -4.2300083, 0.0], [15.6417847, -4.2300083, 0.0]]]}}, {"type": "Feature", "properties": {"id": 1717}, "geometry": {"type": "Polygon", "coordinates": [[[15.8189392, -4.2286388, 0.0], [15.8175659, -4.2286388, 0.0], [15.8175659, -4.2300083, 0.0], [15.8189392, -4.2300083, 0.0], [15.8203125, -4.2300083, 0.0], [15.8203125, -4.2286388, 0.0], [15.8189392, -4.2286388, 0.0]]]}}, {"type": "Feature", "properties": {"id": 1718}, "geometry": {"type": "Polygon", "coordinates": [[[15.7997131, -4.2286388, 0.0], [15.7997131, -4.2272692, 0.0], [15.7983398, -4.2272692, 0.0], [15.7983398, -4.2286388, 0.0], [15.7969666, -4.2286388, 0.0], [15.7969666, -4.2300083, 0.0], [15.7983398, -4.2300083, 0.0], [15.7997131, -4.2300083, 0.0], [15.7997131, -4.2286388, 0.0]]]}}, {"type": "Feature", "properties": {"id": 1719}, "geometry": {"type": "Polygon", "coordinates": [[[15.6184387, -4.2286388, 0.0], [15.6184387, -4.2272692, 0.0], [15.6170654, -4.2272692, 0.0], [15.6170654, -4.2286388, 0.0], [15.6170654, -4.2300083, 0.0], [15.6184387, -4.2300083, 0.0], [15.6184387, -4.2286388, 0.0]]]}}, {"type": "Feature", "properties": {"id": 1720}, "geometry": {"type": "Polygon", "coordinates": [[[15.6967163, -4.2286388, 0.0], [15.6967163, -4.2300083, 0.0], [15.6980896, -4.2300083, 0.0], [15.6980896, -4.2286388, 0.0], [15.6967163, -4.2286388, 0.0]]]}}, {"type": "Feature", "properties": {"id": 1721}, "geometry": {"type": "Polygon", "coordinates": [[[15.7461548, -4.2286388, 0.0], [15.7461548, -4.2300083, 0.0], [15.7475281, -4.2300083, 0.0], [15.7475281, -4.2286388, 0.0], [15.7461548, -4.2286388, 0.0]]]}}, {"type": "Feature", "properties": {"id": 1722}, "geometry": {"type": "Polygon", "coordinates": [[[15.9095764, -4.2272692, 0.0], [15.9095764, -4.2258997, 0.0], [15.9082031, -4.2258997, 0.0], [15.9082031, -4.2272692, 0.0], [15.9082031, -4.2286388, 0.0], [15.9095764, -4.2286388, 0.0], [15.9095764, -4.2272692, 0.0]]]}}, {"type": "Feature", "properties": {"id": 1723}, "geometry": {"type": "Polygon", "coordinates": [[[15.8738708, -4.2272692, 0.0], [15.8738708, -4.2286388, 0.0], [15.8752441, -4.2286388, 0.0], [15.8766174, -4.2286388, 0.0], [15.8766174, -4.2272692, 0.0], [15.8752441, -4.2272692, 0.0], [15.8738708, -4.2272692, 0.0]]]}}, {"type": "Feature", "properties": {"id": 1724}, "geometry": {"type": "Polygon", "coordinates": [[[15.5854797, -4.2272692, 0.0], [15.5854797, -4.2258997, 0.0], [15.586853, -4.2258997, 0.0], [15.586853, -4.2245301, 0.0], [15.5854797, -4.2245301, 0.0], [15.5854797, -4.2231606, 0.0], [15.5841064, -4.2231606, 0.0], [15.5827332, -4.2231606, 0.0], [15.5813599, -4.2231606, 0.0], [15.5813599, -4.221791, 0.0], [15.5799866, -4.221791, 0.0], [15.5786133, -4.221791, 0.0], [15.5786133, -4.2204214, 0.0], [15.5786133, -4.2190519, 0.0], [15.5799866, -4.2190519, 0.0], [15.5813599, -4.2190519, 0.0], [15.5827332, -4.2190519, 0.0], [15.5827332, -4.2176823, 0.0], [15.5841064, -4.2176823, 0.0], [15.5854797, -4.2176823, 0.0], [15.586853, -4.2176823, 0.0], [15.586853, -4.2163127, 0.0], [15.586853, -4.2149431, 0.0], [15.5854797, -4.2149431, 0.0], [15.5854797, -4.2135736, 0.0], [15.5841064, -4.2135736, 0.0], [15.5827332, -4.2135736, 0.0], [15.5827332, -4.2149431, 0.0], [15.5827332, -4.2163127, 0.0], [15.5813599, -4.2163127, 0.0], [15.5799866, -4.2163127, 0.0], [15.5786133, -4.2163127, 0.0], [15.5786133, -4.2149431, 0.0], [15.5786133, -4.2135736, 0.0], [15.57724, -4.2135736, 0.0], [15.57724, -4.2149431, 0.0], [15.5758667, -4.2149431, 0.0], [15.5758667, -4.2135736, 0.0], [15.5758667, -4.212204, 0.0], [15.57724, -4.212204, 0.0], [15.57724, -4.2108344, 0.0], [15.5758667, -4.2108344, 0.0], [15.5758667, -4.2094648, 0.0], [15.5744934, -4.2094648, 0.0], [15.5744934, -4.2108344, 0.0], [15.5731201, -4.2108344, 0.0], [15.5731201, -4.212204, 0.0], [15.5717468, -4.212204, 0.0], [15.5717468, -4.2108344, 0.0], [15.5703735, -4.2108344, 0.0], [15.5703735, -4.212204, 0.0], [15.5703735, -4.2135736, 0.0], [15.5703735, -4.2149431, 0.0], [15.5703735, -4.2163127, 0.0], [15.5717468, -4.2163127, 0.0], [15.5731201, -4.2163127, 0.0], [15.5731201, -4.2176823, 0.0], [15.5717468, -4.2176823, 0.0], [15.5717468, -4.2190519, 0.0], [15.5717468, -4.2204214, 0.0], [15.5731201, -4.2204214, 0.0], [15.5731201, -4.221791, 0.0], [15.5717468, -4.221791, 0.0], [15.5717468, -4.2231606, 0.0], [15.5731201, -4.2231606, 0.0], [15.5744934, -4.2231606, 0.0], [15.5758667, -4.2231606, 0.0], [15.57724, -4.2231606, 0.0], [15.57724, -4.2245301, 0.0], [15.5786133, -4.2245301, 0.0], [15.5799866, -4.2245301, 0.0], [15.5813599, -4.2245301, 0.0], [15.5827332, -4.2245301, 0.0], [15.5827332, -4.2258997, 0.0], [15.5841064, -4.2258997, 0.0], [15.5841064, -4.2272692, 0.0], [15.5841064, -4.2286388, 0.0], [15.5854797, -4.2286388, 0.0], [15.5854797, -4.2272692, 0.0]]]}}, {"type": "Feature", "properties": {"id": 1725}, "geometry": {"type": "Polygon", "coordinates": [[[15.6417847, -4.2272692, 0.0], [15.6417847, -4.2286388, 0.0], [15.643158, -4.2286388, 0.0], [15.643158, -4.2272692, 0.0], [15.6417847, -4.2272692, 0.0]]]}}, {"type": "Feature", "properties": {"id": 1726}, "geometry": {"type": "Polygon", "coordinates": [[[15.8944702, -4.2272692, 0.0], [15.8944702, -4.2286388, 0.0], [15.8958435, -4.2286388, 0.0], [15.8972168, -4.2286388, 0.0], [15.8972168, -4.2272692, 0.0], [15.8958435, -4.2272692, 0.0], [15.8944702, -4.2272692, 0.0]]]}}, {"type": "Feature", "properties": {"id": 1727}, "geometry": {"type": "Polygon", "coordinates": [[[15.6980896, -4.2272692, 0.0], [15.6980896, -4.2286388, 0.0], [15.6994629, -4.2286388, 0.0], [15.6994629, -4.2272692, 0.0], [15.6980896, -4.2272692, 0.0]]]}}, {"type": "Feature", "properties": {"id": 1728}, "geometry": {"type": "Polygon", "coordinates": [[[15.7214355, -4.2258997, 0.0], [15.7200623, -4.2258997, 0.0], [15.7200623, -4.2272692, 0.0], [15.7214355, -4.2272692, 0.0], [15.7228088, -4.2272692, 0.0], [15.7228088, -4.2258997, 0.0], [15.7214355, -4.2258997, 0.0]]]}}, {"type": "Feature", "properties": {"id": 1729}, "geometry": {"type": "Polygon", "coordinates": [[[15.5758667, -4.2258997, 0.0], [15.5758667, -4.2245301, 0.0], [15.5744934, -4.2245301, 0.0], [15.5731201, -4.2245301, 0.0], [15.5717468, -4.2245301, 0.0], [15.5717468, -4.2258997, 0.0], [15.5731201, -4.2258997, 0.0], [15.5744934, -4.2258997, 0.0], [15.5744934, -4.2272692, 0.0], [15.5758667, -4.2272692, 0.0], [15.5758667, -4.2258997, 0.0]]]}}, {"type": "Feature", "properties": {"id": 1730}, "geometry": {"type": "Polygon", "coordinates": [[[15.7090759, -4.2258997, 0.0], [15.7090759, -4.2272692, 0.0], [15.7104492, -4.2272692, 0.0], [15.7104492, -4.2258997, 0.0], [15.7090759, -4.2258997, 0.0]]]}}, {"type": "Feature", "properties": {"id": 1731}, "geometry": {"type": "Polygon", "coordinates": [[[15.8120728, -4.2258997, 0.0], [15.8120728, -4.2272692, 0.0], [15.813446, -4.2272692, 0.0], [15.813446, -4.2258997, 0.0], [15.8120728, -4.2258997, 0.0]]]}}, {"type": "Feature", "properties": {"id": 1732}, "geometry": {"type": "Polygon", "coordinates": [[[15.8930969, -4.2258997, 0.0], [15.8930969, -4.2272692, 0.0], [15.8944702, -4.2272692, 0.0], [15.8944702, -4.2258997, 0.0], [15.8930969, -4.2258997, 0.0]]]}}, {"type": "Feature", "properties": {"id": 1733}, "geometry": {"type": "Polygon", "coordinates": [[[15.9068298, -4.2258997, 0.0], [15.9068298, -4.2245301, 0.0], [15.9054565, -4.2245301, 0.0], [15.9054565, -4.2258997, 0.0], [15.9054565, -4.2272692, 0.0], [15.9068298, -4.2272692, 0.0], [15.9068298, -4.2258997, 0.0]]]}}, {"type": "Feature", "properties": {"id": 1734}, "geometry": {"type": "Polygon", "coordinates": [[[15.5909729, -4.2258997, 0.0], [15.5909729, -4.2272692, 0.0], [15.5923462, -4.2272692, 0.0], [15.5937195, -4.2272692, 0.0], [15.5950928, -4.2272692, 0.0], [15.5950928, -4.2258997, 0.0], [15.5937195, -4.2258997, 0.0], [15.5923462, -4.2258997, 0.0], [15.5909729, -4.2258997, 0.0]]]}}, {"type": "Feature", "properties": {"id": 1735}, "geometry": {"type": "Polygon", "coordinates": [[[15.5607605, -4.2245301, 0.0], [15.5607605, -4.2258997, 0.0], [15.5621338, -4.2258997, 0.0], [15.5621338, -4.2245301, 0.0], [15.5607605, -4.2245301, 0.0]]]}}, {"type": "Feature", "properties": {"id": 1736}, "geometry": {"type": "Polygon", "coordinates": [[[15.5690002, -4.2245301, 0.0], [15.5690002, -4.2258997, 0.0], [15.5703735, -4.2258997, 0.0], [15.5703735, -4.2245301, 0.0], [15.5690002, -4.2245301, 0.0]]]}}, {"type": "Feature", "properties": {"id": 1737}, "geometry": {"type": "Polygon", "coordinates": [[[15.610199, -4.2258997, 0.0], [15.610199, -4.2272692, 0.0], [15.6115723, -4.2272692, 0.0], [15.6115723, -4.2258997, 0.0], [15.610199, -4.2258997, 0.0]]]}}, {"type": "Feature", "properties": {"id": 1738}, "geometry": {"type": "Polygon", "coordinates": [[[15.8683777, -4.2245301, 0.0], [15.8683777, -4.2258997, 0.0], [15.869751, -4.2258997, 0.0], [15.869751, -4.2245301, 0.0], [15.8683777, -4.2245301, 0.0]]]}}, {"type": "Feature", "properties": {"id": 1739}, "geometry": {"type": "Polygon", "coordinates": [[[15.7090759, -4.2245301, 0.0], [15.7104492, -4.2245301, 0.0], [15.7104492, -4.2231606, 0.0], [15.7118225, -4.2231606, 0.0], [15.7118225, -4.221791, 0.0], [15.7104492, -4.221791, 0.0], [15.7104492, -4.2204214, 0.0], [15.7090759, -4.2204214, 0.0], [15.7090759, -4.221791, 0.0], [15.7077026, -4.221791, 0.0], [15.7077026, -4.2231606, 0.0], [15.7063293, -4.2231606, 0.0], [15.7063293, -4.2245301, 0.0], [15.7077026, -4.2245301, 0.0], [15.7077026, -4.2258997, 0.0], [15.7090759, -4.2258997, 0.0], [15.7090759, -4.2245301, 0.0]]]}}, {"type": "Feature", "properties": {"id": 1740}, "geometry": {"type": "Polygon", "coordinates": [[[15.6980896, -4.2245301, 0.0], [15.6980896, -4.2258997, 0.0], [15.6994629, -4.2258997, 0.0], [15.6994629, -4.2245301, 0.0], [15.6980896, -4.2245301, 0.0]]]}}, {"type": "Feature", "properties": {"id": 1741}, "geometry": {"type": "Polygon", "coordinates": [[[15.7296753, -4.2245301, 0.0], [15.7296753, -4.2231606, 0.0], [15.728302, -4.2231606, 0.0], [15.728302, -4.2245301, 0.0], [15.728302, -4.2258997, 0.0], [15.7296753, -4.2258997, 0.0], [15.7310486, -4.2258997, 0.0], [15.7310486, -4.2245301, 0.0], [15.7296753, -4.2245301, 0.0]]]}}, {"type": "Feature", "properties": {"id": 1742}, "geometry": {"type": "Polygon", "coordinates": [[[15.553894, -4.2245301, 0.0], [15.553894, -4.2231606, 0.0], [15.553894, -4.221791, 0.0], [15.5552673, -4.221791, 0.0], [15.5552673, -4.2204214, 0.0], [15.5552673, -4.2190519, 0.0], [15.5552673, -4.2176823, 0.0], [15.5552673, -4.2163127, 0.0], [15.5566406, -4.2163127, 0.0], [15.5566406, -4.2149431, 0.0], [15.5580139, -4.2149431, 0.0], [15.5593872, -4.2149431, 0.0], [15.5593872, -4.2135736, 0.0], [15.5580139, -4.2135736, 0.0], [15.5566406, -4.2135736, 0.0], [15.5552673, -4.2135736, 0.0], [15.553894, -4.2135736, 0.0], [15.5525208, -4.2135736, 0.0], [15.5511475, -4.2135736, 0.0], [15.5497742, -4.2135736, 0.0], [15.5497742, -4.2149431, 0.0], [15.5497742, -4.2163127, 0.0], [15.5511475, -4.2163127, 0.0], [15.5511475, -4.2176823, 0.0], [15.5511475, -4.2190519, 0.0], [15.5525208, -4.2190519, 0.0], [15.5525208, -4.2204214, 0.0], [15.5525208, -4.221791, 0.0], [15.5525208, -4.2231606, 0.0], [15.5525208, -4.2245301, 0.0], [15.5525208, -4.2258997, 0.0], [15.553894, -4.2258997, 0.0], [15.553894, -4.2245301, 0.0]]]}}, {"type": "Feature", "properties": {"id": 1743}, "geometry": {"type": "Polygon", "coordinates": [[[15.7200623, -4.2245301, 0.0], [15.7200623, -4.2231606, 0.0], [15.718689, -4.2231606, 0.0], [15.7173157, -4.2231606, 0.0], [15.7173157, -4.2245301, 0.0], [15.718689, -4.2245301, 0.0], [15.718689, -4.2258997, 0.0], [15.7200623, -4.2258997, 0.0], [15.7200623, -4.2245301, 0.0]]]}}, {"type": "Feature", "properties": {"id": 1744}, "geometry": {"type": "Polygon", "coordinates": [[[15.6047058, -4.2231606, 0.0], [15.6047058, -4.2245301, 0.0], [15.6060791, -4.2245301, 0.0], [15.6074524, -4.2245301, 0.0], [15.6074524, -4.2231606, 0.0], [15.6060791, -4.2231606, 0.0], [15.6047058, -4.2231606, 0.0]]]}}, {"type": "Feature", "properties": {"id": 1745}, "geometry": {"type": "Polygon", "coordinates": [[[15.8889771, -4.2231606, 0.0], [15.8889771, -4.2245301, 0.0], [15.8903503, -4.2245301, 0.0], [15.8903503, -4.2231606, 0.0], [15.8889771, -4.2231606, 0.0]]]}}, {"type": "Feature", "properties": {"id": 1746}, "geometry": {"type": "Polygon", "coordinates": [[[15.7008362, -4.2231606, 0.0], [15.7008362, -4.2245301, 0.0], [15.7022095, -4.2245301, 0.0], [15.7035828, -4.2245301, 0.0], [15.7035828, -4.2231606, 0.0], [15.7022095, -4.2231606, 0.0], [15.7008362, -4.2231606, 0.0]]]}}, {"type": "Feature", "properties": {"id": 1747}, "geometry": {"type": "Polygon", "coordinates": [[[15.5552673, -4.2231606, 0.0], [15.5552673, -4.2245301, 0.0], [15.5566406, -4.2245301, 0.0], [15.5566406, -4.2231606, 0.0], [15.5552673, -4.2231606, 0.0]]]}}, {"type": "Feature", "properties": {"id": 1748}, "geometry": {"type": "Polygon", "coordinates": [[[15.5580139, -4.2231606, 0.0], [15.5580139, -4.2245301, 0.0], [15.5593872, -4.2245301, 0.0], [15.5593872, -4.2231606, 0.0], [15.5580139, -4.2231606, 0.0]]]}}, {"type": "Feature", "properties": {"id": 1749}, "geometry": {"type": "Polygon", "coordinates": [[[15.8189392, -4.2231606, 0.0], [15.8189392, -4.2245301, 0.0], [15.8203125, -4.2245301, 0.0], [15.8203125, -4.2231606, 0.0], [15.8189392, -4.2231606, 0.0]]]}}, {"type": "Feature", "properties": {"id": 1750}, "geometry": {"type": "Polygon", "coordinates": [[[15.8120728, -4.2231606, 0.0], [15.8120728, -4.2245301, 0.0], [15.813446, -4.2245301, 0.0], [15.813446, -4.2231606, 0.0], [15.8120728, -4.2231606, 0.0]]]}}, {"type": "Feature", "properties": {"id": 1751}, "geometry": {"type": "Polygon", "coordinates": [[[15.5923462, -4.221791, 0.0], [15.5923462, -4.2204214, 0.0], [15.5923462, -4.2190519, 0.0], [15.5909729, -4.2190519, 0.0], [15.5895996, -4.2190519, 0.0], [15.5882263, -4.2190519, 0.0], [15.5882263, -4.2204214, 0.0], [15.5882263, -4.221791, 0.0], [15.5895996, -4.221791, 0.0], [15.5909729, -4.221791, 0.0], [15.5909729, -4.2231606, 0.0], [15.5923462, -4.2231606, 0.0], [15.5923462, -4.221791, 0.0]]]}}, {"type": "Feature", "properties": {"id": 1752}, "geometry": {"type": "Polygon", "coordinates": [[[15.8711243, -4.221791, 0.0], [15.8711243, -4.2231606, 0.0], [15.8724976, -4.2231606, 0.0], [15.8724976, -4.221791, 0.0], [15.8711243, -4.221791, 0.0]]]}}, {"type": "Feature", "properties": {"id": 1753}, "geometry": {"type": "Polygon", "coordinates": [[[15.6184387, -4.221791, 0.0], [15.6184387, -4.2231606, 0.0], [15.619812, -4.2231606, 0.0], [15.619812, -4.221791, 0.0], [15.6184387, -4.221791, 0.0]]]}}, {"type": "Feature", "properties": {"id": 1754}, "geometry": {"type": "Polygon", "coordinates": [[[15.5635071, -4.221791, 0.0], [15.5635071, -4.2231606, 0.0], [15.5648804, -4.2231606, 0.0], [15.5648804, -4.221791, 0.0], [15.5635071, -4.221791, 0.0]]]}}, {"type": "Feature", "properties": {"id": 1755}, "geometry": {"type": "Polygon", "coordinates": [[[15.8999634, -4.221791, 0.0], [15.8999634, -4.2204214, 0.0], [15.8985901, -4.2204214, 0.0], [15.8972168, -4.2204214, 0.0], [15.8958435, -4.2204214, 0.0], [15.8958435, -4.221791, 0.0], [15.8972168, -4.221791, 0.0], [15.8985901, -4.221791, 0.0], [15.8985901, -4.2231606, 0.0], [15.8999634, -4.2231606, 0.0], [15.8999634, -4.221791, 0.0]]]}}, {"type": "Feature", "properties": {"id": 1756}, "geometry": {"type": "Polygon", "coordinates": [[[15.8889771, -4.221791, 0.0], [15.8903503, -4.221791, 0.0], [15.8903503, -4.2204214, 0.0], [15.8889771, -4.2204214, 0.0], [15.8876038, -4.2204214, 0.0], [15.8876038, -4.221791, 0.0], [15.8876038, -4.2231606, 0.0], [15.8889771, -4.2231606, 0.0], [15.8889771, -4.221791, 0.0]]]}}, {"type": "Feature", "properties": {"id": 1757}, "geometry": {"type": "Polygon", "coordinates": [[[15.8917236, -4.2204214, 0.0], [15.8917236, -4.221791, 0.0], [15.8930969, -4.221791, 0.0], [15.8930969, -4.2204214, 0.0], [15.8917236, -4.2204214, 0.0]]]}}, {"type": "Feature", "properties": {"id": 1758}, "geometry": {"type": "Polygon", "coordinates": [[[15.7722473, -4.2204214, 0.0], [15.7722473, -4.2190519, 0.0], [15.7722473, -4.2176823, 0.0], [15.770874, -4.2176823, 0.0], [15.770874, -4.2190519, 0.0], [15.770874, -4.2204214, 0.0], [15.770874, -4.221791, 0.0], [15.7722473, -4.221791, 0.0], [15.7736206, -4.221791, 0.0], [15.7736206, -4.2204214, 0.0], [15.7722473, -4.2204214, 0.0]]]}}, {"type": "Feature", "properties": {"id": 1759}, "geometry": {"type": "Polygon", "coordinates": [[[15.7667542, -4.2204214, 0.0], [15.7667542, -4.221791, 0.0], [15.7681274, -4.221791, 0.0], [15.7681274, -4.2204214, 0.0], [15.7667542, -4.2204214, 0.0]]]}}, {"type": "Feature", "properties": {"id": 1760}, "geometry": {"type": "Polygon", "coordinates": [[[15.5978394, -4.2204214, 0.0], [15.5964661, -4.2204214, 0.0], [15.5964661, -4.2190519, 0.0], [15.5950928, -4.2190519, 0.0], [15.5950928, -4.2204214, 0.0], [15.5950928, -4.221791, 0.0], [15.5964661, -4.221791, 0.0], [15.5978394, -4.221791, 0.0], [15.5992126, -4.221791, 0.0], [15.5992126, -4.2204214, 0.0], [15.5978394, -4.2204214, 0.0]]]}}, {"type": "Feature", "properties": {"id": 1761}, "geometry": {"type": "Polygon", "coordinates": [[[15.5648804, -4.2204214, 0.0], [15.5648804, -4.221791, 0.0], [15.5662537, -4.221791, 0.0], [15.5662537, -4.2204214, 0.0], [15.5648804, -4.2204214, 0.0]]]}}, {"type": "Feature", "properties": {"id": 1762}, "geometry": {"type": "Polygon", "coordinates": [[[15.8752441, -4.2204214, 0.0], [15.8752441, -4.221791, 0.0], [15.8766174, -4.221791, 0.0], [15.8766174, -4.2204214, 0.0], [15.8752441, -4.2204214, 0.0]]]}}, {"type": "Feature", "properties": {"id": 1763}, "geometry": {"type": "Polygon", "coordinates": [[[15.8628845, -4.2190519, 0.0], [15.8628845, -4.2204214, 0.0], [15.8642578, -4.2204214, 0.0], [15.8642578, -4.2190519, 0.0], [15.8628845, -4.2190519, 0.0]]]}}, {"type": "Feature", "properties": {"id": 1764}, "geometry": {"type": "Polygon", "coordinates": [[[15.5635071, -4.2190519, 0.0], [15.5635071, -4.2204214, 0.0], [15.5648804, -4.2204214, 0.0], [15.5648804, -4.2190519, 0.0], [15.5635071, -4.2190519, 0.0]]]}}, {"type": "Feature", "properties": {"id": 1765}, "geometry": {"type": "Polygon", "coordinates": [[[15.6568909, -4.2190519, 0.0], [15.6568909, -4.2204214, 0.0], [15.6582642, -4.2204214, 0.0], [15.6582642, -4.2190519, 0.0], [15.6568909, -4.2190519, 0.0]]]}}, {"type": "Feature", "properties": {"id": 1766}, "geometry": {"type": "Polygon", "coordinates": [[[15.7626343, -4.2190519, 0.0], [15.7640076, -4.2190519, 0.0], [15.7640076, -4.2176823, 0.0], [15.7640076, -4.2163127, 0.0], [15.7626343, -4.2163127, 0.0], [15.761261, -4.2163127, 0.0], [15.761261, -4.2176823, 0.0], [15.761261, -4.2190519, 0.0], [15.761261, -4.2204214, 0.0], [15.7626343, -4.2204214, 0.0], [15.7626343, -4.2190519, 0.0]]]}}, {"type": "Feature", "properties": {"id": 1767}, "geometry": {"type": "Polygon", "coordinates": [[[15.7489014, -4.2190519, 0.0], [15.7489014, -4.2176823, 0.0], [15.7475281, -4.2176823, 0.0], [15.7475281, -4.2190519, 0.0], [15.7475281, -4.2204214, 0.0], [15.7489014, -4.2204214, 0.0], [15.7489014, -4.2190519, 0.0]]]}}, {"type": "Feature", "properties": {"id": 1768}, "geometry": {"type": "Polygon", "coordinates": [[[15.7077026, -4.2190519, 0.0], [15.7077026, -4.2204214, 0.0], [15.7090759, -4.2204214, 0.0], [15.7090759, -4.2190519, 0.0], [15.7077026, -4.2190519, 0.0]]]}}, {"type": "Feature", "properties": {"id": 1769}, "geometry": {"type": "Polygon", "coordinates": [[[15.8093262, -4.2176823, 0.0], [15.8093262, -4.2163127, 0.0], [15.8079529, -4.2163127, 0.0], [15.8079529, -4.2176823, 0.0], [15.8079529, -4.2190519, 0.0], [15.8093262, -4.2190519, 0.0], [15.8093262, -4.2176823, 0.0]]]}}, {"type": "Feature", "properties": {"id": 1770}, "geometry": {"type": "Polygon", "coordinates": [[[15.836792, -4.2176823, 0.0], [15.836792, -4.2190519, 0.0], [15.8381653, -4.2190519, 0.0], [15.8381653, -4.2176823, 0.0], [15.836792, -4.2176823, 0.0]]]}}, {"type": "Feature", "properties": {"id": 1771}, "geometry": {"type": "Polygon", "coordinates": [[[15.7585144, -4.2176823, 0.0], [15.7585144, -4.2190519, 0.0], [15.7598877, -4.2190519, 0.0], [15.7598877, -4.2176823, 0.0], [15.7585144, -4.2176823, 0.0]]]}}, {"type": "Feature", "properties": {"id": 1772}, "geometry": {"type": "Polygon", "coordinates": [[[15.5621338, -4.2163127, 0.0], [15.5621338, -4.2149431, 0.0], [15.5607605, -4.2149431, 0.0], [15.5607605, -4.2163127, 0.0], [15.5607605, -4.2176823, 0.0], [15.5621338, -4.2176823, 0.0], [15.5621338, -4.2163127, 0.0]]]}}, {"type": "Feature", "properties": {"id": 1773}, "geometry": {"type": "Polygon", "coordinates": [[[15.5978394, -4.2163127, 0.0], [15.5992126, -4.2163127, 0.0], [15.5992126, -4.2149431, 0.0], [15.5978394, -4.2149431, 0.0], [15.5978394, -4.2135736, 0.0], [15.5964661, -4.2135736, 0.0], [15.5964661, -4.2149431, 0.0], [15.5950928, -4.2149431, 0.0], [15.5950928, -4.2163127, 0.0], [15.5950928, -4.2176823, 0.0], [15.5964661, -4.2176823, 0.0], [15.5978394, -4.2176823, 0.0], [15.5978394, -4.2163127, 0.0]]]}}, {"type": "Feature", "properties": {"id": 1774}, "geometry": {"type": "Polygon", "coordinates": [[[15.7255554, -4.2163127, 0.0], [15.7255554, -4.2176823, 0.0], [15.7269287, -4.2176823, 0.0], [15.7269287, -4.2163127, 0.0], [15.7255554, -4.2163127, 0.0]]]}}, {"type": "Feature", "properties": {"id": 1775}, "geometry": {"type": "Polygon", "coordinates": [[[15.6939697, -4.2163127, 0.0], [15.6939697, -4.2176823, 0.0], [15.695343, -4.2176823, 0.0], [15.695343, -4.2163127, 0.0], [15.6939697, -4.2163127, 0.0]]]}}, {"type": "Feature", "properties": {"id": 1776}, "geometry": {"type": "Polygon", "coordinates": [[[15.7859802, -4.2163127, 0.0], [15.7859802, -4.2176823, 0.0], [15.7873535, -4.2176823, 0.0], [15.7873535, -4.2163127, 0.0], [15.7859802, -4.2163127, 0.0]]]}}, {"type": "Feature", "properties": {"id": 1777}, "geometry": {"type": "Polygon", "coordinates": [[[15.7214355, -4.2163127, 0.0], [15.7214355, -4.2176823, 0.0], [15.7228088, -4.2176823, 0.0], [15.7228088, -4.2163127, 0.0], [15.7214355, -4.2163127, 0.0]]]}}, {"type": "Feature", "properties": {"id": 1778}, "geometry": {"type": "Polygon", "coordinates": [[[15.7173157, -4.2163127, 0.0], [15.7173157, -4.2176823, 0.0], [15.718689, -4.2176823, 0.0], [15.718689, -4.2163127, 0.0], [15.7173157, -4.2163127, 0.0]]]}}, {"type": "Feature", "properties": {"id": 1779}, "geometry": {"type": "Polygon", "coordinates": [[[15.7077026, -4.2163127, 0.0], [15.7077026, -4.2176823, 0.0], [15.7090759, -4.2176823, 0.0], [15.7090759, -4.2163127, 0.0], [15.7077026, -4.2163127, 0.0]]]}}, {"type": "Feature", "properties": {"id": 1780}, "geometry": {"type": "Polygon", "coordinates": [[[15.567627, -4.2149431, 0.0], [15.567627, -4.2163127, 0.0], [15.5690002, -4.2163127, 0.0], [15.5690002, -4.2149431, 0.0], [15.567627, -4.2149431, 0.0]]]}}, {"type": "Feature", "properties": {"id": 1781}, "geometry": {"type": "Polygon", "coordinates": [[[15.5648804, -4.2149431, 0.0], [15.5648804, -4.2163127, 0.0], [15.5662537, -4.2163127, 0.0], [15.5662537, -4.2149431, 0.0], [15.5648804, -4.2149431, 0.0]]]}}, {"type": "Feature", "properties": {"id": 1782}, "geometry": {"type": "Polygon", "coordinates": [[[15.8422852, -4.2149431, 0.0], [15.8422852, -4.2163127, 0.0], [15.8436584, -4.2163127, 0.0], [15.8436584, -4.2149431, 0.0], [15.8422852, -4.2149431, 0.0]]]}}, {"type": "Feature", "properties": {"id": 1783}, "geometry": {"type": "Polygon", "coordinates": [[[15.7063293, -4.2149431, 0.0], [15.7063293, -4.2163127, 0.0], [15.7077026, -4.2163127, 0.0], [15.7077026, -4.2149431, 0.0], [15.7063293, -4.2149431, 0.0]]]}}, {"type": "Feature", "properties": {"id": 1784}, "geometry": {"type": "Polygon", "coordinates": [[[15.7557678, -4.2149431, 0.0], [15.7557678, -4.2163127, 0.0], [15.7571411, -4.2163127, 0.0], [15.7571411, -4.2149431, 0.0], [15.7557678, -4.2149431, 0.0]]]}}, {"type": "Feature", "properties": {"id": 1785}, "geometry": {"type": "Polygon", "coordinates": [[[15.6925964, -4.2149431, 0.0], [15.6925964, -4.2163127, 0.0], [15.6939697, -4.2163127, 0.0], [15.6939697, -4.2149431, 0.0], [15.6925964, -4.2149431, 0.0]]]}}, {"type": "Feature", "properties": {"id": 1786}, "geometry": {"type": "Polygon", "coordinates": [[[15.7090759, -4.2135736, 0.0], [15.7090759, -4.212204, 0.0], [15.7077026, -4.212204, 0.0], [15.7077026, -4.2135736, 0.0], [15.7077026, -4.2149431, 0.0], [15.7090759, -4.2149431, 0.0], [15.7090759, -4.2135736, 0.0]]]}}, {"type": "Feature", "properties": {"id": 1787}, "geometry": {"type": "Polygon", "coordinates": [[[15.6651306, -4.2135736, 0.0], [15.6637573, -4.2135736, 0.0], [15.6637573, -4.2149431, 0.0], [15.6651306, -4.2149431, 0.0], [15.6665039, -4.2149431, 0.0], [15.6665039, -4.2135736, 0.0], [15.6651306, -4.2135736, 0.0]]]}}, {"type": "Feature", "properties": {"id": 1788}, "geometry": {"type": "Polygon", "coordinates": [[[15.9013367, -4.2135736, 0.0], [15.9013367, -4.2149431, 0.0], [15.90271, -4.2149431, 0.0], [15.90271, -4.2135736, 0.0], [15.9013367, -4.2135736, 0.0]]]}}, {"type": "Feature", "properties": {"id": 1789}, "geometry": {"type": "Polygon", "coordinates": [[[15.8656311, -4.2135736, 0.0], [15.8642578, -4.2135736, 0.0], [15.8642578, -4.2149431, 0.0], [15.8656311, -4.2149431, 0.0], [15.8670044, -4.2149431, 0.0], [15.8683777, -4.2149431, 0.0], [15.8683777, -4.2135736, 0.0], [15.8670044, -4.2135736, 0.0], [15.8656311, -4.2135736, 0.0]]]}}, {"type": "Feature", "properties": {"id": 1790}, "geometry": {"type": "Polygon", "coordinates": [[[15.8148193, -4.2135736, 0.0], [15.8148193, -4.2149431, 0.0], [15.8161926, -4.2149431, 0.0], [15.8161926, -4.2135736, 0.0], [15.8148193, -4.2135736, 0.0]]]}}, {"type": "Feature", "properties": {"id": 1791}, "geometry": {"type": "Polygon", "coordinates": [[[15.7241821, -4.2135736, 0.0], [15.7241821, -4.2149431, 0.0], [15.7255554, -4.2149431, 0.0], [15.7255554, -4.2135736, 0.0], [15.7241821, -4.2135736, 0.0]]]}}, {"type": "Feature", "properties": {"id": 1792}, "geometry": {"type": "Polygon", "coordinates": [[[15.8450317, -4.2135736, 0.0], [15.8450317, -4.2149431, 0.0], [15.846405, -4.2149431, 0.0], [15.846405, -4.2135736, 0.0], [15.8450317, -4.2135736, 0.0]]]}}, {"type": "Feature", "properties": {"id": 1793}, "geometry": {"type": "Polygon", "coordinates": [[[15.8354187, -4.2135736, 0.0], [15.8354187, -4.2149431, 0.0], [15.836792, -4.2149431, 0.0], [15.836792, -4.2135736, 0.0], [15.8354187, -4.2135736, 0.0]]]}}, {"type": "Feature", "properties": {"id": 1794}, "geometry": {"type": "Polygon", "coordinates": [[[15.7818604, -4.2135736, 0.0], [15.7818604, -4.212204, 0.0], [15.7804871, -4.212204, 0.0], [15.7804871, -4.2135736, 0.0], [15.7804871, -4.2149431, 0.0], [15.7818604, -4.2149431, 0.0], [15.7818604, -4.2135736, 0.0]]]}}, {"type": "Feature", "properties": {"id": 1795}, "geometry": {"type": "Polygon", "coordinates": [[[15.6472778, -4.212204, 0.0], [15.6459045, -4.212204, 0.0], [15.6445312, -4.212204, 0.0], [15.6445312, -4.2135736, 0.0], [15.6459045, -4.2135736, 0.0], [15.6472778, -4.2135736, 0.0], [15.6486511, -4.2135736, 0.0], [15.6486511, -4.212204, 0.0], [15.6472778, -4.212204, 0.0]]]}}, {"type": "Feature", "properties": {"id": 1796}, "geometry": {"type": "Polygon", "coordinates": [[[15.8189392, -4.212204, 0.0], [15.8189392, -4.2135736, 0.0], [15.8203125, -4.2135736, 0.0], [15.8203125, -4.212204, 0.0], [15.8189392, -4.212204, 0.0]]]}}, {"type": "Feature", "properties": {"id": 1797}, "geometry": {"type": "Polygon", "coordinates": [[[15.6376648, -4.212204, 0.0], [15.6376648, -4.2108344, 0.0], [15.6362915, -4.2108344, 0.0], [15.6362915, -4.212204, 0.0], [15.6362915, -4.2135736, 0.0], [15.6376648, -4.2135736, 0.0], [15.6376648, -4.212204, 0.0]]]}}, {"type": "Feature", "properties": {"id": 1798}, "geometry": {"type": "Polygon", "coordinates": [[[15.7969666, -4.212204, 0.0], [15.7969666, -4.2135736, 0.0], [15.7983398, -4.2135736, 0.0], [15.7983398, -4.212204, 0.0], [15.7969666, -4.212204, 0.0]]]}}, {"type": "Feature", "properties": {"id": 1799}, "geometry": {"type": "Polygon", "coordinates": [[[15.6417847, -4.212204, 0.0], [15.6417847, -4.2135736, 0.0], [15.643158, -4.2135736, 0.0], [15.643158, -4.212204, 0.0], [15.6417847, -4.212204, 0.0]]]}}, {"type": "Feature", "properties": {"id": 1800}, "geometry": {"type": "Polygon", "coordinates": [[[15.7749939, -4.212204, 0.0], [15.7749939, -4.2135736, 0.0], [15.7763672, -4.2135736, 0.0], [15.7763672, -4.212204, 0.0], [15.7749939, -4.212204, 0.0]]]}}, {"type": "Feature", "properties": {"id": 1801}, "geometry": {"type": "Polygon", "coordinates": [[[15.8340454, -4.2108344, 0.0], [15.8340454, -4.212204, 0.0], [15.8354187, -4.212204, 0.0], [15.836792, -4.212204, 0.0], [15.836792, -4.2108344, 0.0], [15.8354187, -4.2108344, 0.0], [15.8340454, -4.2108344, 0.0]]]}}, {"type": "Feature", "properties": {"id": 1802}, "geometry": {"type": "Polygon", "coordinates": [[[15.5813599, -4.212204, 0.0], [15.5813599, -4.2135736, 0.0], [15.5827332, -4.2135736, 0.0], [15.5827332, -4.212204, 0.0], [15.5813599, -4.212204, 0.0]]]}}, {"type": "Feature", "properties": {"id": 1803}, "geometry": {"type": "Polygon", "coordinates": [[[15.7200623, -4.2108344, 0.0], [15.718689, -4.2108344, 0.0], [15.718689, -4.212204, 0.0], [15.7200623, -4.212204, 0.0], [15.7214355, -4.212204, 0.0], [15.7214355, -4.2108344, 0.0], [15.7200623, -4.2108344, 0.0]]]}}, {"type": "Feature", "properties": {"id": 1804}, "geometry": {"type": "Polygon", "coordinates": [[[15.5607605, -4.2108344, 0.0], [15.5607605, -4.2094648, 0.0], [15.5593872, -4.2094648, 0.0], [15.5580139, -4.2094648, 0.0], [15.5566406, -4.2094648, 0.0], [15.5566406, -4.2108344, 0.0], [15.5580139, -4.2108344, 0.0], [15.5593872, -4.2108344, 0.0], [15.5593872, -4.212204, 0.0], [15.5607605, -4.212204, 0.0], [15.5607605, -4.2108344, 0.0]]]}}, {"type": "Feature", "properties": {"id": 1805}, "geometry": {"type": "Polygon", "coordinates": [[[15.879364, -4.2108344, 0.0], [15.879364, -4.212204, 0.0], [15.8807373, -4.212204, 0.0], [15.8807373, -4.2108344, 0.0], [15.879364, -4.2108344, 0.0]]]}}, {"type": "Feature", "properties": {"id": 1806}, "geometry": {"type": "Polygon", "coordinates": [[[15.8656311, -4.2108344, 0.0], [15.8656311, -4.212204, 0.0], [15.8670044, -4.212204, 0.0], [15.8670044, -4.2108344, 0.0], [15.8656311, -4.2108344, 0.0]]]}}, {"type": "Feature", "properties": {"id": 1807}, "geometry": {"type": "Polygon", "coordinates": [[[15.8532715, -4.2094648, 0.0], [15.8532715, -4.2108344, 0.0], [15.8546448, -4.2108344, 0.0], [15.8546448, -4.2094648, 0.0], [15.8532715, -4.2094648, 0.0]]]}}, {"type": "Feature", "properties": {"id": 1808}, "geometry": {"type": "Polygon", "coordinates": [[[15.8381653, -4.2094648, 0.0], [15.8381653, -4.2108344, 0.0], [15.8395386, -4.2108344, 0.0], [15.8395386, -4.2094648, 0.0], [15.8381653, -4.2094648, 0.0]]]}}, {"type": "Feature", "properties": {"id": 1809}, "geometry": {"type": "Polygon", "coordinates": [[[15.7173157, -4.2094648, 0.0], [15.7173157, -4.2108344, 0.0], [15.718689, -4.2108344, 0.0], [15.718689, -4.2094648, 0.0], [15.7173157, -4.2094648, 0.0]]]}}, {"type": "Feature", "properties": {"id": 1810}, "geometry": {"type": "Polygon", "coordinates": [[[15.5662537, -4.2094648, 0.0], [15.567627, -4.2094648, 0.0], [15.567627, -4.2080952, 0.0], [15.567627, -4.2067256, 0.0], [15.5662537, -4.2067256, 0.0], [15.5662537, -4.2080952, 0.0], [15.5648804, -4.2080952, 0.0], [15.5648804, -4.2094648, 0.0], [15.5648804, -4.2108344, 0.0], [15.5662537, -4.2108344, 0.0], [15.5662537, -4.2094648, 0.0]]]}}, {"type": "Feature", "properties": {"id": 1811}, "geometry": {"type": "Polygon", "coordinates": [[[15.5717468, -4.2094648, 0.0], [15.5717468, -4.2108344, 0.0], [15.5731201, -4.2108344, 0.0], [15.5731201, -4.2094648, 0.0], [15.5717468, -4.2094648, 0.0]]]}}, {"type": "Feature", "properties": {"id": 1812}, "geometry": {"type": "Polygon", "coordinates": [[[15.737915, -4.2080952, 0.0], [15.737915, -4.2094648, 0.0], [15.7392883, -4.2094648, 0.0], [15.7392883, -4.2080952, 0.0], [15.737915, -4.2080952, 0.0]]]}}, {"type": "Feature", "properties": {"id": 1813}, "geometry": {"type": "Polygon", "coordinates": [[[15.7241821, -4.2080952, 0.0], [15.7241821, -4.2094648, 0.0], [15.7255554, -4.2094648, 0.0], [15.7255554, -4.2080952, 0.0], [15.7241821, -4.2080952, 0.0]]]}}, {"type": "Feature", "properties": {"id": 1814}, "geometry": {"type": "Polygon", "coordinates": [[[15.7008362, -4.2094648, 0.0], [15.7008362, -4.2108344, 0.0], [15.7022095, -4.2108344, 0.0], [15.7022095, -4.2094648, 0.0], [15.7008362, -4.2094648, 0.0]]]}}, {"type": "Feature", "properties": {"id": 1815}, "geometry": {"type": "Polygon", "coordinates": [[[15.6994629, -4.2080952, 0.0], [15.6994629, -4.2094648, 0.0], [15.7008362, -4.2094648, 0.0], [15.7008362, -4.2080952, 0.0], [15.6994629, -4.2080952, 0.0]]]}}, {"type": "Feature", "properties": {"id": 1816}, "geometry": {"type": "Polygon", "coordinates": [[[15.8477783, -4.2080952, 0.0], [15.8477783, -4.2094648, 0.0], [15.8491516, -4.2094648, 0.0], [15.8491516, -4.2080952, 0.0], [15.8477783, -4.2080952, 0.0]]]}}, {"type": "Feature", "properties": {"id": 1817}, "geometry": {"type": "Polygon", "coordinates": [[[15.7118225, -4.2080952, 0.0], [15.7118225, -4.2094648, 0.0], [15.7131958, -4.2094648, 0.0], [15.7131958, -4.2080952, 0.0], [15.7118225, -4.2080952, 0.0]]]}}, {"type": "Feature", "properties": {"id": 1818}, "geometry": {"type": "Polygon", "coordinates": [[[15.7736206, -4.2080952, 0.0], [15.7736206, -4.2094648, 0.0], [15.7749939, -4.2094648, 0.0], [15.7749939, -4.2080952, 0.0], [15.7736206, -4.2080952, 0.0]]]}}, {"type": "Feature", "properties": {"id": 1819}, "geometry": {"type": "Polygon", "coordinates": [[[15.5813599, -4.2080952, 0.0], [15.5827332, -4.2080952, 0.0], [15.5827332, -4.2067256, 0.0], [15.5841064, -4.2067256, 0.0], [15.5841064, -4.205356, 0.0], [15.5854797, -4.205356, 0.0], [15.586853, -4.205356, 0.0], [15.586853, -4.2039865, 0.0], [15.5882263, -4.2039865, 0.0], [15.5882263, -4.2026169, 0.0], [15.5895996, -4.2026169, 0.0], [15.5895996, -4.2012473, 0.0], [15.5909729, -4.2012473, 0.0], [15.5923462, -4.2012473, 0.0], [15.5923462, -4.1998777, 0.0], [15.5937195, -4.1998777, 0.0], [15.5950928, -4.1998777, 0.0], [15.5964661, -4.1998777, 0.0], [15.5978394, -4.1998777, 0.0], [15.5978394, -4.198508, 0.0], [15.5992126, -4.198508, 0.0], [15.5992126, -4.1998777, 0.0], [15.6005859, -4.1998777, 0.0], [15.6019592, -4.1998777, 0.0], [15.6033325, -4.1998777, 0.0], [15.6033325, -4.2012473, 0.0], [15.6019592, -4.2012473, 0.0], [15.6019592, -4.2026169, 0.0], [15.6005859, -4.2026169, 0.0], [15.6005859, -4.2039865, 0.0], [15.6019592, -4.2039865, 0.0], [15.6019592, -4.205356, 0.0], [15.6033325, -4.205356, 0.0], [15.6047058, -4.205356, 0.0], [15.6060791, -4.205356, 0.0], [15.6060791, -4.2067256, 0.0], [15.6060791, -4.2080952, 0.0], [15.6074524, -4.2080952, 0.0], [15.6074524, -4.2067256, 0.0], [15.6088257, -4.2067256, 0.0], [15.6088257, -4.205356, 0.0], [15.6074524, -4.205356, 0.0], [15.6074524, -4.2039865, 0.0], [15.6060791, -4.2039865, 0.0], [15.6060791, -4.2026169, 0.0], [15.6047058, -4.2026169, 0.0], [15.6047058, -4.2012473, 0.0], [15.6060791, -4.2012473, 0.0], [15.6074524, -4.2012473, 0.0], [15.6074524, -4.1998777, 0.0], [15.6074524, -4.198508, 0.0], [15.6088257, -4.198508, 0.0], [15.6088257, -4.1971384, 0.0], [15.6088257, -4.1957688, 0.0], [15.6074524, -4.1957688, 0.0], [15.6060791, -4.1957688, 0.0], [15.6060791, -4.1943992, 0.0], [15.6047058, -4.1943992, 0.0], [15.6033325, -4.1943992, 0.0], [15.6033325, -4.1957688, 0.0], [15.6019592, -4.1957688, 0.0], [15.6005859, -4.1957688, 0.0], [15.5992126, -4.1957688, 0.0], [15.5992126, -4.1943992, 0.0], [15.5978394, -4.1943992, 0.0], [15.5978394, -4.1957688, 0.0], [15.5964661, -4.1957688, 0.0], [15.5964661, -4.1943992, 0.0], [15.5964661, -4.1930296, 0.0], [15.5950928, -4.1930296, 0.0], [15.5937195, -4.1930296, 0.0], [15.5937195, -4.1943992, 0.0], [15.5923462, -4.1943992, 0.0], [15.5909729, -4.1943992, 0.0], [15.5895996, -4.1943992, 0.0], [15.5882263, -4.1943992, 0.0], [15.5882263, -4.1957688, 0.0], [15.5882263, -4.1971384, 0.0], [15.586853, -4.1971384, 0.0], [15.5854797, -4.1971384, 0.0], [15.5841064, -4.1971384, 0.0], [15.5841064, -4.198508, 0.0], [15.5827332, -4.198508, 0.0], [15.5827332, -4.1998777, 0.0], [15.5813599, -4.1998777, 0.0], [15.5813599, -4.2012473, 0.0], [15.5799866, -4.2012473, 0.0], [15.5799866, -4.2026169, 0.0], [15.5786133, -4.2026169, 0.0], [15.5786133, -4.2039865, 0.0], [15.57724, -4.2039865, 0.0], [15.57724, -4.205356, 0.0], [15.5758667, -4.205356, 0.0], [15.5758667, -4.2067256, 0.0], [15.5758667, -4.2080952, 0.0], [15.57724, -4.2080952, 0.0], [15.57724, -4.2094648, 0.0], [15.5786133, -4.2094648, 0.0], [15.5799866, -4.2094648, 0.0], [15.5813599, -4.2094648, 0.0], [15.5813599, -4.2080952, 0.0]], [[15.5827332, -4.2012473, 0.0], [15.5841064, -4.2012473, 0.0], [15.5841064, -4.2026169, 0.0], [15.5827332, -4.2026169, 0.0], [15.5827332, -4.2012473, 0.0]]]}}, {"type": "Feature", "properties": {"id": 1820}, "geometry": {"type": "Polygon", "coordinates": [[[15.652771, -4.2080952, 0.0], [15.652771, -4.2094648, 0.0], [15.6541443, -4.2094648, 0.0], [15.6541443, -4.2080952, 0.0], [15.652771, -4.2080952, 0.0]]]}}, {"type": "Feature", "properties": {"id": 1821}, "geometry": {"type": "Polygon", "coordinates": [[[15.6417847, -4.2080952, 0.0], [15.6417847, -4.2067256, 0.0], [15.6404114, -4.2067256, 0.0], [15.6404114, -4.2080952, 0.0], [15.6404114, -4.2094648, 0.0], [15.6417847, -4.2094648, 0.0], [15.6417847, -4.2080952, 0.0]]]}}, {"type": "Feature", "properties": {"id": 1822}, "geometry": {"type": "Polygon", "coordinates": [[[15.5525208, -4.2080952, 0.0], [15.553894, -4.2080952, 0.0], [15.5552673, -4.2080952, 0.0], [15.5552673, -4.2067256, 0.0], [15.553894, -4.2067256, 0.0], [15.553894, -4.205356, 0.0], [15.5525208, -4.205356, 0.0], [15.5525208, -4.2039865, 0.0], [15.5511475, -4.2039865, 0.0], [15.5511475, -4.205356, 0.0], [15.5497742, -4.205356, 0.0], [15.5484009, -4.205356, 0.0], [15.5484009, -4.2067256, 0.0], [15.5484009, -4.2080952, 0.0], [15.5497742, -4.2080952, 0.0], [15.5511475, -4.2080952, 0.0], [15.5511475, -4.2094648, 0.0], [15.5525208, -4.2094648, 0.0], [15.5525208, -4.2080952, 0.0]]]}}, {"type": "Feature", "properties": {"id": 1823}, "geometry": {"type": "Polygon", "coordinates": [[[15.8711243, -4.2080952, 0.0], [15.8711243, -4.2067256, 0.0], [15.869751, -4.2067256, 0.0], [15.869751, -4.2080952, 0.0], [15.869751, -4.2094648, 0.0], [15.8711243, -4.2094648, 0.0], [15.8711243, -4.2080952, 0.0]]]}}, {"type": "Feature", "properties": {"id": 1824}, "geometry": {"type": "Polygon", "coordinates": [[[15.8491516, -4.2067256, 0.0], [15.8491516, -4.2080952, 0.0], [15.8505249, -4.2080952, 0.0], [15.8505249, -4.2067256, 0.0], [15.8491516, -4.2067256, 0.0]]]}}, {"type": "Feature", "properties": {"id": 1825}, "geometry": {"type": "Polygon", "coordinates": [[[15.8779907, -4.2067256, 0.0], [15.8766174, -4.2067256, 0.0], [15.8766174, -4.2080952, 0.0], [15.8779907, -4.2080952, 0.0], [15.879364, -4.2080952, 0.0], [15.8807373, -4.2080952, 0.0], [15.8807373, -4.2067256, 0.0], [15.879364, -4.2067256, 0.0], [15.8779907, -4.2067256, 0.0]]]}}, {"type": "Feature", "properties": {"id": 1826}, "geometry": {"type": "Polygon", "coordinates": [[[15.652771, -4.2067256, 0.0], [15.6541443, -4.2067256, 0.0], [15.6555176, -4.2067256, 0.0], [15.6568909, -4.2067256, 0.0], [15.6582642, -4.2067256, 0.0], [15.6582642, -4.205356, 0.0], [15.6582642, -4.2039865, 0.0], [15.6582642, -4.2026169, 0.0], [15.6582642, -4.2012473, 0.0], [15.6568909, -4.2012473, 0.0], [15.6568909, -4.2026169, 0.0], [15.6555176, -4.2026169, 0.0], [15.6555176, -4.2012473, 0.0], [15.6541443, -4.2012473, 0.0], [15.6541443, -4.2026169, 0.0], [15.652771, -4.2026169, 0.0], [15.6513977, -4.2026169, 0.0], [15.6513977, -4.2039865, 0.0], [15.6513977, -4.205356, 0.0], [15.6513977, -4.2067256, 0.0], [15.652771, -4.2067256, 0.0]]]}}, {"type": "Feature", "properties": {"id": 1827}, "geometry": {"type": "Polygon", "coordinates": [[[15.619812, -4.205356, 0.0], [15.619812, -4.2067256, 0.0], [15.6211853, -4.2067256, 0.0], [15.6225586, -4.2067256, 0.0], [15.6225586, -4.205356, 0.0], [15.6211853, -4.205356, 0.0], [15.619812, -4.205356, 0.0]]]}}, {"type": "Feature", "properties": {"id": 1828}, "geometry": {"type": "Polygon", "coordinates": [[[15.7557678, -4.205356, 0.0], [15.7557678, -4.2067256, 0.0], [15.7571411, -4.2067256, 0.0], [15.7585144, -4.2067256, 0.0], [15.7585144, -4.205356, 0.0], [15.7571411, -4.205356, 0.0], [15.7557678, -4.205356, 0.0]]]}}, {"type": "Feature", "properties": {"id": 1829}, "geometry": {"type": "Polygon", "coordinates": [[[15.7296753, -4.205356, 0.0], [15.7296753, -4.2039865, 0.0], [15.728302, -4.2039865, 0.0], [15.728302, -4.2026169, 0.0], [15.7269287, -4.2026169, 0.0], [15.7269287, -4.2039865, 0.0], [15.7269287, -4.205356, 0.0], [15.7255554, -4.205356, 0.0], [15.7241821, -4.205356, 0.0], [15.7241821, -4.2067256, 0.0], [15.7255554, -4.2067256, 0.0], [15.7269287, -4.2067256, 0.0], [15.728302, -4.2067256, 0.0], [15.7296753, -4.2067256, 0.0], [15.7296753, -4.205356, 0.0]]]}}, {"type": "Feature", "properties": {"id": 1830}, "geometry": {"type": "Polygon", "coordinates": [[[15.846405, -4.205356, 0.0], [15.846405, -4.2039865, 0.0], [15.8450317, -4.2039865, 0.0], [15.8436584, -4.2039865, 0.0], [15.8422852, -4.2039865, 0.0], [15.8422852, -4.205356, 0.0], [15.8436584, -4.205356, 0.0], [15.8450317, -4.205356, 0.0], [15.8450317, -4.2067256, 0.0], [15.846405, -4.2067256, 0.0], [15.846405, -4.205356, 0.0]]]}}, {"type": "Feature", "properties": {"id": 1831}, "geometry": {"type": "Polygon", "coordinates": [[[15.7873535, -4.205356, 0.0], [15.7873535, -4.2067256, 0.0], [15.7887268, -4.2067256, 0.0], [15.7887268, -4.205356, 0.0], [15.7873535, -4.205356, 0.0]]]}}, {"type": "Feature", "properties": {"id": 1832}, "geometry": {"type": "Polygon", "coordinates": [[[15.7695007, -4.205356, 0.0], [15.7695007, -4.2067256, 0.0], [15.770874, -4.2067256, 0.0], [15.770874, -4.205356, 0.0], [15.7695007, -4.205356, 0.0]]]}}, {"type": "Feature", "properties": {"id": 1833}, "geometry": {"type": "Polygon", "coordinates": [[[15.8656311, -4.205356, 0.0], [15.8642578, -4.205356, 0.0], [15.8642578, -4.2067256, 0.0], [15.8656311, -4.2067256, 0.0], [15.8670044, -4.2067256, 0.0], [15.8670044, -4.205356, 0.0], [15.8656311, -4.205356, 0.0]]]}}, {"type": "Feature", "properties": {"id": 1834}, "geometry": {"type": "Polygon", "coordinates": [[[15.5744934, -4.205356, 0.0], [15.5758667, -4.205356, 0.0], [15.5758667, -4.2039865, 0.0], [15.5744934, -4.2039865, 0.0], [15.5744934, -4.2026169, 0.0], [15.5731201, -4.2026169, 0.0], [15.5731201, -4.2039865, 0.0], [15.5717468, -4.2039865, 0.0], [15.5703735, -4.2039865, 0.0], [15.5703735, -4.205356, 0.0], [15.5717468, -4.205356, 0.0], [15.5731201, -4.205356, 0.0], [15.5731201, -4.2067256, 0.0], [15.5744934, -4.2067256, 0.0], [15.5744934, -4.205356, 0.0]]]}}, {"type": "Feature", "properties": {"id": 1835}, "geometry": {"type": "Polygon", "coordinates": [[[15.7200623, -4.2039865, 0.0], [15.7200623, -4.205356, 0.0], [15.7214355, -4.205356, 0.0], [15.7214355, -4.2039865, 0.0], [15.7200623, -4.2039865, 0.0]]]}}, {"type": "Feature", "properties": {"id": 1836}, "geometry": {"type": "Polygon", "coordinates": [[[15.6225586, -4.2039865, 0.0], [15.6225586, -4.205356, 0.0], [15.6239319, -4.205356, 0.0], [15.6239319, -4.2039865, 0.0], [15.6225586, -4.2039865, 0.0]]]}}, {"type": "Feature", "properties": {"id": 1837}, "geometry": {"type": "Polygon", "coordinates": [[[15.6445312, -4.2039865, 0.0], [15.6445312, -4.205356, 0.0], [15.6459045, -4.205356, 0.0], [15.6459045, -4.2039865, 0.0], [15.6445312, -4.2039865, 0.0]]]}}, {"type": "Feature", "properties": {"id": 1838}, "geometry": {"type": "Polygon", "coordinates": [[[15.629425, -4.2039865, 0.0], [15.6280518, -4.2039865, 0.0], [15.6280518, -4.205356, 0.0], [15.629425, -4.205356, 0.0], [15.6307983, -4.205356, 0.0], [15.6307983, -4.2039865, 0.0], [15.629425, -4.2039865, 0.0]]]}}, {"type": "Feature", "properties": {"id": 1839}, "geometry": {"type": "Polygon", "coordinates": [[[15.6253052, -4.2039865, 0.0], [15.6253052, -4.205356, 0.0], [15.6266785, -4.205356, 0.0], [15.6266785, -4.2039865, 0.0], [15.6253052, -4.2039865, 0.0]]]}}, {"type": "Feature", "properties": {"id": 1840}, "geometry": {"type": "Polygon", "coordinates": [[[15.7310486, -4.2039865, 0.0], [15.7310486, -4.205356, 0.0], [15.7324219, -4.205356, 0.0], [15.7324219, -4.2039865, 0.0], [15.7310486, -4.2039865, 0.0]]]}}, {"type": "Feature", "properties": {"id": 1841}, "geometry": {"type": "Polygon", "coordinates": [[[15.7791138, -4.2039865, 0.0], [15.7791138, -4.205356, 0.0], [15.7804871, -4.205356, 0.0], [15.7818604, -4.205356, 0.0], [15.7818604, -4.2039865, 0.0], [15.7804871, -4.2039865, 0.0], [15.7791138, -4.2039865, 0.0]]]}}, {"type": "Feature", "properties": {"id": 1842}, "geometry": {"type": "Polygon", "coordinates": [[[15.6088257, -4.2039865, 0.0], [15.6088257, -4.205356, 0.0], [15.610199, -4.205356, 0.0], [15.6115723, -4.205356, 0.0], [15.6115723, -4.2039865, 0.0], [15.610199, -4.2039865, 0.0], [15.6088257, -4.2039865, 0.0]]]}}, {"type": "Feature", "properties": {"id": 1843}, "geometry": {"type": "Polygon", "coordinates": [[[15.6184387, -4.2039865, 0.0], [15.6184387, -4.205356, 0.0], [15.619812, -4.205356, 0.0], [15.619812, -4.2039865, 0.0], [15.6184387, -4.2039865, 0.0]]]}}, {"type": "Feature", "properties": {"id": 1844}, "geometry": {"type": "Polygon", "coordinates": [[[15.6129456, -4.2039865, 0.0], [15.6129456, -4.205356, 0.0], [15.6143188, -4.205356, 0.0], [15.6143188, -4.2039865, 0.0], [15.6129456, -4.2039865, 0.0]]]}}, {"type": "Feature", "properties": {"id": 1845}, "geometry": {"type": "Polygon", "coordinates": [[[15.6307983, -4.2026169, 0.0], [15.6307983, -4.2039865, 0.0], [15.6321716, -4.2039865, 0.0], [15.6321716, -4.2026169, 0.0], [15.6307983, -4.2026169, 0.0]]]}}, {"type": "Feature", "properties": {"id": 1846}, "geometry": {"type": "Polygon", "coordinates": [[[15.8532715, -4.2026169, 0.0], [15.8518982, -4.2026169, 0.0], [15.8518982, -4.2039865, 0.0], [15.8532715, -4.2039865, 0.0], [15.8546448, -4.2039865, 0.0], [15.8546448, -4.2026169, 0.0], [15.8532715, -4.2026169, 0.0]]]}}, {"type": "Feature", "properties": {"id": 1847}, "geometry": {"type": "Polygon", "coordinates": [[[15.8477783, -4.2026169, 0.0], [15.8477783, -4.2039865, 0.0], [15.8491516, -4.2039865, 0.0], [15.8491516, -4.2026169, 0.0], [15.8477783, -4.2026169, 0.0]]]}}, {"type": "Feature", "properties": {"id": 1848}, "geometry": {"type": "Polygon", "coordinates": [[[15.8381653, -4.2012473, 0.0], [15.8381653, -4.1998777, 0.0], [15.836792, -4.1998777, 0.0], [15.836792, -4.2012473, 0.0], [15.836792, -4.2026169, 0.0], [15.8381653, -4.2026169, 0.0], [15.8395386, -4.2026169, 0.0], [15.8395386, -4.2012473, 0.0], [15.8381653, -4.2012473, 0.0]]]}}, {"type": "Feature", "properties": {"id": 1849}, "geometry": {"type": "Polygon", "coordinates": [[[15.6307983, -4.2012473, 0.0], [15.6307983, -4.1998777, 0.0], [15.6307983, -4.198508, 0.0], [15.6307983, -4.1971384, 0.0], [15.629425, -4.1971384, 0.0], [15.629425, -4.198508, 0.0], [15.629425, -4.1998777, 0.0], [15.6280518, -4.1998777, 0.0], [15.6280518, -4.2012473, 0.0], [15.6266785, -4.2012473, 0.0], [15.6266785, -4.1998777, 0.0], [15.6253052, -4.1998777, 0.0], [15.6239319, -4.1998777, 0.0], [15.6239319, -4.198508, 0.0], [15.6253052, -4.198508, 0.0], [15.6253052, -4.1971384, 0.0], [15.6239319, -4.1971384, 0.0], [15.6225586, -4.1971384, 0.0], [15.6211853, -4.1971384, 0.0], [15.619812, -4.1971384, 0.0], [15.619812, -4.198508, 0.0], [15.619812, -4.1998777, 0.0], [15.6211853, -4.1998777, 0.0], [15.6225586, -4.1998777, 0.0], [15.6225586, -4.2012473, 0.0], [15.6239319, -4.2012473, 0.0], [15.6239319, -4.2026169, 0.0], [15.6253052, -4.2026169, 0.0], [15.6266785, -4.2026169, 0.0], [15.6280518, -4.2026169, 0.0], [15.629425, -4.2026169, 0.0], [15.6307983, -4.2026169, 0.0], [15.6307983, -4.2012473, 0.0]]]}}, {"type": "Feature", "properties": {"id": 1850}, "geometry": {"type": "Polygon", "coordinates": [[[15.6719971, -4.2012473, 0.0], [15.6719971, -4.2026169, 0.0], [15.6733704, -4.2026169, 0.0], [15.6733704, -4.2012473, 0.0], [15.6719971, -4.2012473, 0.0]]]}}, {"type": "Feature", "properties": {"id": 1851}, "geometry": {"type": "Polygon", "coordinates": [[[15.6211853, -4.2012473, 0.0], [15.6211853, -4.2026169, 0.0], [15.6225586, -4.2026169, 0.0], [15.6225586, -4.2012473, 0.0], [15.6211853, -4.2012473, 0.0]]]}}, {"type": "Feature", "properties": {"id": 1852}, "geometry": {"type": "Polygon", "coordinates": [[[15.8752441, -4.2012473, 0.0], [15.8752441, -4.2026169, 0.0], [15.8766174, -4.2026169, 0.0], [15.8766174, -4.2012473, 0.0], [15.8752441, -4.2012473, 0.0]]]}}, {"type": "Feature", "properties": {"id": 1853}, "geometry": {"type": "Polygon", "coordinates": [[[15.8450317, -4.2012473, 0.0], [15.8450317, -4.2026169, 0.0], [15.846405, -4.2026169, 0.0], [15.846405, -4.2012473, 0.0], [15.8450317, -4.2012473, 0.0]]]}}, {"type": "Feature", "properties": {"id": 1854}, "geometry": {"type": "Polygon", "coordinates": [[[15.8203125, -4.2012473, 0.0], [15.8203125, -4.1998777, 0.0], [15.8203125, -4.198508, 0.0], [15.8203125, -4.1971384, 0.0], [15.8203125, -4.1957688, 0.0], [15.8189392, -4.1957688, 0.0], [15.8189392, -4.1971384, 0.0], [15.8189392, -4.198508, 0.0], [15.8189392, -4.1998777, 0.0], [15.8189392, -4.2012473, 0.0], [15.8189392, -4.2026169, 0.0], [15.8203125, -4.2026169, 0.0], [15.8203125, -4.2012473, 0.0]]]}}, {"type": "Feature", "properties": {"id": 1855}, "geometry": {"type": "Polygon", "coordinates": [[[15.8601379, -4.1998777, 0.0], [15.8615112, -4.1998777, 0.0], [15.8615112, -4.198508, 0.0], [15.8601379, -4.198508, 0.0], [15.8587646, -4.198508, 0.0], [15.8587646, -4.1998777, 0.0], [15.8573914, -4.1998777, 0.0], [15.8573914, -4.2012473, 0.0], [15.8587646, -4.2012473, 0.0], [15.8601379, -4.2012473, 0.0], [15.8601379, -4.1998777, 0.0]]]}}, {"type": "Feature", "properties": {"id": 1856}, "geometry": {"type": "Polygon", "coordinates": [[[15.8422852, -4.1998777, 0.0], [15.8422852, -4.198508, 0.0], [15.8409119, -4.198508, 0.0], [15.8409119, -4.1998777, 0.0], [15.8409119, -4.2012473, 0.0], [15.8422852, -4.2012473, 0.0], [15.8422852, -4.1998777, 0.0]]]}}, {"type": "Feature", "properties": {"id": 1857}, "geometry": {"type": "Polygon", "coordinates": [[[15.57724, -4.1998777, 0.0], [15.57724, -4.2012473, 0.0], [15.5786133, -4.2012473, 0.0], [15.5786133, -4.1998777, 0.0], [15.57724, -4.1998777, 0.0]]]}}, {"type": "Feature", "properties": {"id": 1858}, "geometry": {"type": "Polygon", "coordinates": [[[15.6335449, -4.1998777, 0.0], [15.6349182, -4.1998777, 0.0], [15.6362915, -4.1998777, 0.0], [15.6376648, -4.1998777, 0.0], [15.6376648, -4.198508, 0.0], [15.6362915, -4.198508, 0.0], [15.6362915, -4.1971384, 0.0], [15.6349182, -4.1971384, 0.0], [15.6335449, -4.1971384, 0.0], [15.6335449, -4.198508, 0.0], [15.6321716, -4.198508, 0.0], [15.6321716, -4.1998777, 0.0], [15.6321716, -4.2012473, 0.0], [15.6335449, -4.2012473, 0.0], [15.6335449, -4.1998777, 0.0]]]}}, {"type": "Feature", "properties": {"id": 1859}, "geometry": {"type": "Polygon", "coordinates": [[[15.6445312, -4.1998777, 0.0], [15.6445312, -4.198508, 0.0], [15.6445312, -4.1971384, 0.0], [15.6445312, -4.1957688, 0.0], [15.643158, -4.1957688, 0.0], [15.6417847, -4.1957688, 0.0], [15.6404114, -4.1957688, 0.0], [15.6404114, -4.1971384, 0.0], [15.6404114, -4.198508, 0.0], [15.6417847, -4.198508, 0.0], [15.6417847, -4.1998777, 0.0], [15.6417847, -4.2012473, 0.0], [15.643158, -4.2012473, 0.0], [15.6445312, -4.2012473, 0.0], [15.6445312, -4.1998777, 0.0]]]}}, {"type": "Feature", "properties": {"id": 1860}, "geometry": {"type": "Polygon", "coordinates": [[[15.8436584, -4.1998777, 0.0], [15.8436584, -4.2012473, 0.0], [15.8450317, -4.2012473, 0.0], [15.8450317, -4.1998777, 0.0], [15.8436584, -4.1998777, 0.0]]]}}, {"type": "Feature", "properties": {"id": 1861}, "geometry": {"type": "Polygon", "coordinates": [[[15.6582642, -4.1998777, 0.0], [15.6582642, -4.2012473, 0.0], [15.6596375, -4.2012473, 0.0], [15.6596375, -4.1998777, 0.0], [15.6582642, -4.1998777, 0.0]]]}}, {"type": "Feature", "properties": {"id": 1862}, "geometry": {"type": "Polygon", "coordinates": [[[15.5786133, -4.198508, 0.0], [15.5786133, -4.1998777, 0.0], [15.5799866, -4.1998777, 0.0], [15.5799866, -4.198508, 0.0], [15.5786133, -4.198508, 0.0]]]}}, {"type": "Feature", "properties": {"id": 1863}, "geometry": {"type": "Polygon", "coordinates": [[[15.8354187, -4.198508, 0.0], [15.8354187, -4.1998777, 0.0], [15.836792, -4.1998777, 0.0], [15.836792, -4.198508, 0.0], [15.8354187, -4.198508, 0.0]]]}}, {"type": "Feature", "properties": {"id": 1864}, "geometry": {"type": "Polygon", "coordinates": [[[15.8656311, -4.198508, 0.0], [15.8656311, -4.1998777, 0.0], [15.8670044, -4.1998777, 0.0], [15.8670044, -4.198508, 0.0], [15.8656311, -4.198508, 0.0]]]}}, {"type": "Feature", "properties": {"id": 1865}, "geometry": {"type": "Polygon", "coordinates": [[[15.6129456, -4.198508, 0.0], [15.6129456, -4.1998777, 0.0], [15.6143188, -4.1998777, 0.0], [15.6143188, -4.198508, 0.0], [15.6129456, -4.198508, 0.0]]]}}, {"type": "Feature", "properties": {"id": 1866}, "geometry": {"type": "Polygon", "coordinates": [[[15.7667542, -4.1971384, 0.0], [15.7667542, -4.198508, 0.0], [15.7681274, -4.198508, 0.0], [15.7681274, -4.1971384, 0.0], [15.7667542, -4.1971384, 0.0]]]}}, {"type": "Feature", "properties": {"id": 1867}, "geometry": {"type": "Polygon", "coordinates": [[[15.8642578, -4.1971384, 0.0], [15.8642578, -4.1957688, 0.0], [15.8628845, -4.1957688, 0.0], [15.8628845, -4.1971384, 0.0], [15.8628845, -4.198508, 0.0], [15.8642578, -4.198508, 0.0], [15.8642578, -4.1971384, 0.0]]]}}, {"type": "Feature", "properties": {"id": 1868}, "geometry": {"type": "Polygon", "coordinates": [[[15.6610107, -4.1971384, 0.0], [15.6610107, -4.198508, 0.0], [15.662384, -4.198508, 0.0], [15.662384, -4.1971384, 0.0], [15.6610107, -4.1971384, 0.0]]]}}, {"type": "Feature", "properties": {"id": 1869}, "geometry": {"type": "Polygon", "coordinates": [[[15.8601379, -4.1957688, 0.0], [15.8587646, -4.1957688, 0.0], [15.8587646, -4.1971384, 0.0], [15.8601379, -4.1971384, 0.0], [15.8615112, -4.1971384, 0.0], [15.8615112, -4.1957688, 0.0], [15.8601379, -4.1957688, 0.0]]]}}, {"type": "Feature", "properties": {"id": 1870}, "geometry": {"type": "Polygon", "coordinates": [[[15.662384, -4.1957688, 0.0], [15.662384, -4.1971384, 0.0], [15.6637573, -4.1971384, 0.0], [15.6637573, -4.1957688, 0.0], [15.662384, -4.1957688, 0.0]]]}}, {"type": "Feature", "properties": {"id": 1871}, "geometry": {"type": "Polygon", "coordinates": [[[15.8436584, -4.1957688, 0.0], [15.8436584, -4.1971384, 0.0], [15.8450317, -4.1971384, 0.0], [15.8450317, -4.1957688, 0.0], [15.8436584, -4.1957688, 0.0]]]}}, {"type": "Feature", "properties": {"id": 1872}, "geometry": {"type": "Polygon", "coordinates": [[[15.7214355, -4.1957688, 0.0], [15.7214355, -4.1971384, 0.0], [15.7228088, -4.1971384, 0.0], [15.7228088, -4.1957688, 0.0], [15.7214355, -4.1957688, 0.0]]]}}, {"type": "Feature", "properties": {"id": 1873}, "geometry": {"type": "Polygon", "coordinates": [[[15.8752441, -4.1957688, 0.0], [15.8752441, -4.1943992, 0.0], [15.8738708, -4.1943992, 0.0], [15.8738708, -4.1957688, 0.0], [15.8738708, -4.1971384, 0.0], [15.8752441, -4.1971384, 0.0], [15.8752441, -4.1957688, 0.0]]]}}, {"type": "Feature", "properties": {"id": 1874}, "geometry": {"type": "Polygon", "coordinates": [[[15.8505249, -4.1957688, 0.0], [15.8505249, -4.1971384, 0.0], [15.8518982, -4.1971384, 0.0], [15.8518982, -4.1957688, 0.0], [15.8505249, -4.1957688, 0.0]]]}}, {"type": "Feature", "properties": {"id": 1875}, "geometry": {"type": "Polygon", "coordinates": [[[15.5717468, -4.1957688, 0.0], [15.5717468, -4.1971384, 0.0], [15.5731201, -4.1971384, 0.0], [15.5731201, -4.1957688, 0.0], [15.5717468, -4.1957688, 0.0]]]}}, {"type": "Feature", "properties": {"id": 1876}, "geometry": {"type": "Polygon", "coordinates": [[[15.5813599, -4.1957688, 0.0], [15.5813599, -4.1971384, 0.0], [15.5827332, -4.1971384, 0.0], [15.5827332, -4.1957688, 0.0], [15.5813599, -4.1957688, 0.0]]]}}, {"type": "Feature", "properties": {"id": 1877}, "geometry": {"type": "Polygon", "coordinates": [[[15.8381653, -4.1943992, 0.0], [15.8381653, -4.1957688, 0.0], [15.8395386, -4.1957688, 0.0], [15.8395386, -4.1943992, 0.0], [15.8381653, -4.1943992, 0.0]]]}}, {"type": "Feature", "properties": {"id": 1878}, "geometry": {"type": "Polygon", "coordinates": [[[15.7681274, -4.1943992, 0.0], [15.7681274, -4.1957688, 0.0], [15.7695007, -4.1957688, 0.0], [15.7695007, -4.1943992, 0.0], [15.7681274, -4.1943992, 0.0]]]}}, {"type": "Feature", "properties": {"id": 1879}, "geometry": {"type": "Polygon", "coordinates": [[[15.7241821, -4.1957688, 0.0], [15.7241821, -4.1971384, 0.0], [15.7255554, -4.1971384, 0.0], [15.7255554, -4.1957688, 0.0], [15.7241821, -4.1957688, 0.0]]]}}, {"type": "Feature", "properties": {"id": 1880}, "geometry": {"type": "Polygon", "coordinates": [[[15.7200623, -4.1943992, 0.0], [15.7200623, -4.1957688, 0.0], [15.7214355, -4.1957688, 0.0], [15.7214355, -4.1943992, 0.0], [15.7200623, -4.1943992, 0.0]]]}}, {"type": "Feature", "properties": {"id": 1881}, "geometry": {"type": "Polygon", "coordinates": [[[15.6211853, -4.1943992, 0.0], [15.6211853, -4.1957688, 0.0], [15.6225586, -4.1957688, 0.0], [15.6225586, -4.1943992, 0.0], [15.6211853, -4.1943992, 0.0]]]}}, {"type": "Feature", "properties": {"id": 1882}, "geometry": {"type": "Polygon", "coordinates": [[[15.6637573, -4.1930296, 0.0], [15.6637573, -4.1943992, 0.0], [15.6651306, -4.1943992, 0.0], [15.6651306, -4.1930296, 0.0], [15.6637573, -4.1930296, 0.0]]]}}, {"type": "Feature", "properties": {"id": 1883}, "geometry": {"type": "Polygon", "coordinates": [[[15.6019592, -4.1930296, 0.0], [15.6019592, -4.19166, 0.0], [15.6019592, -4.1902904, 0.0], [15.6005859, -4.1902904, 0.0], [15.5992126, -4.1902904, 0.0], [15.5992126, -4.19166, 0.0], [15.5978394, -4.19166, 0.0], [15.5978394, -4.1930296, 0.0], [15.5992126, -4.1930296, 0.0], [15.5992126, -4.1943992, 0.0], [15.6005859, -4.1943992, 0.0], [15.6019592, -4.1943992, 0.0], [15.6019592, -4.1930296, 0.0]]]}}, {"type": "Feature", "properties": {"id": 1884}, "geometry": {"type": "Polygon", "coordinates": [[[15.5841064, -4.1930296, 0.0], [15.5841064, -4.19166, 0.0], [15.5827332, -4.19166, 0.0], [15.5827332, -4.1930296, 0.0], [15.5827332, -4.1943992, 0.0], [15.5841064, -4.1943992, 0.0], [15.5841064, -4.1930296, 0.0]]]}}, {"type": "Feature", "properties": {"id": 1885}, "geometry": {"type": "Polygon", "coordinates": [[[15.5731201, -4.1930296, 0.0], [15.5744934, -4.1930296, 0.0], [15.5744934, -4.19166, 0.0], [15.5758667, -4.19166, 0.0], [15.5758667, -4.1902904, 0.0], [15.5744934, -4.1902904, 0.0], [15.5731201, -4.1902904, 0.0], [15.5731201, -4.19166, 0.0], [15.5717468, -4.19166, 0.0], [15.5703735, -4.19166, 0.0], [15.5703735, -4.1930296, 0.0], [15.5703735, -4.1943992, 0.0], [15.5717468, -4.1943992, 0.0], [15.5731201, -4.1943992, 0.0], [15.5731201, -4.1930296, 0.0]]]}}, {"type": "Feature", "properties": {"id": 1886}, "geometry": {"type": "Polygon", "coordinates": [[[15.7269287, -4.1930296, 0.0], [15.7269287, -4.1943992, 0.0], [15.728302, -4.1943992, 0.0], [15.728302, -4.1930296, 0.0], [15.7269287, -4.1930296, 0.0]]]}}, {"type": "Feature", "properties": {"id": 1887}, "geometry": {"type": "Polygon", "coordinates": [[[15.5882263, -4.1930296, 0.0], [15.5882263, -4.19166, 0.0], [15.586853, -4.19166, 0.0], [15.5854797, -4.19166, 0.0], [15.5854797, -4.1930296, 0.0], [15.586853, -4.1930296, 0.0], [15.586853, -4.1943992, 0.0], [15.5882263, -4.1943992, 0.0], [15.5882263, -4.1930296, 0.0]]]}}, {"type": "Feature", "properties": {"id": 1888}, "geometry": {"type": "Polygon", "coordinates": [[[15.7640076, -4.1930296, 0.0], [15.7640076, -4.1943992, 0.0], [15.7653809, -4.1943992, 0.0], [15.7653809, -4.1930296, 0.0], [15.7640076, -4.1930296, 0.0]]]}}, {"type": "Feature", "properties": {"id": 1889}, "geometry": {"type": "Polygon", "coordinates": [[[15.7214355, -4.1930296, 0.0], [15.7214355, -4.1943992, 0.0], [15.7228088, -4.1943992, 0.0], [15.7228088, -4.1930296, 0.0], [15.7214355, -4.1930296, 0.0]]]}}, {"type": "Feature", "properties": {"id": 1890}, "geometry": {"type": "Polygon", "coordinates": [[[15.718689, -4.1930296, 0.0], [15.718689, -4.1943992, 0.0], [15.7200623, -4.1943992, 0.0], [15.7200623, -4.1930296, 0.0], [15.718689, -4.1930296, 0.0]]]}}, {"type": "Feature", "properties": {"id": 1891}, "geometry": {"type": "Polygon", "coordinates": [[[15.8779907, -4.19166, 0.0], [15.879364, -4.19166, 0.0], [15.879364, -4.1902904, 0.0], [15.879364, -4.1889207, 0.0], [15.8779907, -4.1889207, 0.0], [15.8779907, -4.1902904, 0.0], [15.8766174, -4.1902904, 0.0], [15.8752441, -4.1902904, 0.0], [15.8738708, -4.1902904, 0.0], [15.8738708, -4.19166, 0.0], [15.8752441, -4.19166, 0.0], [15.8752441, -4.1930296, 0.0], [15.8766174, -4.1930296, 0.0], [15.8779907, -4.1930296, 0.0], [15.8779907, -4.19166, 0.0]]]}}, {"type": "Feature", "properties": {"id": 1892}, "geometry": {"type": "Polygon", "coordinates": [[[15.6088257, -4.19166, 0.0], [15.6088257, -4.1930296, 0.0], [15.610199, -4.1930296, 0.0], [15.610199, -4.19166, 0.0], [15.6088257, -4.19166, 0.0]]]}}, {"type": "Feature", "properties": {"id": 1893}, "geometry": {"type": "Polygon", "coordinates": [[[15.6115723, -4.19166, 0.0], [15.6115723, -4.1930296, 0.0], [15.6129456, -4.1930296, 0.0], [15.6129456, -4.19166, 0.0], [15.6115723, -4.19166, 0.0]]]}}, {"type": "Feature", "properties": {"id": 1894}, "geometry": {"type": "Polygon", "coordinates": [[[15.8876038, -4.19166, 0.0], [15.8876038, -4.1930296, 0.0], [15.8889771, -4.1930296, 0.0], [15.8889771, -4.19166, 0.0], [15.8876038, -4.19166, 0.0]]]}}, {"type": "Feature", "properties": {"id": 1895}, "geometry": {"type": "Polygon", "coordinates": [[[15.6047058, -4.19166, 0.0], [15.6033325, -4.19166, 0.0], [15.6033325, -4.1930296, 0.0], [15.6047058, -4.1930296, 0.0], [15.6060791, -4.1930296, 0.0], [15.6074524, -4.1930296, 0.0], [15.6074524, -4.19166, 0.0], [15.6074524, -4.1902904, 0.0], [15.6060791, -4.1902904, 0.0], [15.6060791, -4.19166, 0.0], [15.6047058, -4.19166, 0.0]]]}}, {"type": "Feature", "properties": {"id": 1896}, "geometry": {"type": "Polygon", "coordinates": [[[15.8518982, -4.19166, 0.0], [15.8518982, -4.1930296, 0.0], [15.8532715, -4.1930296, 0.0], [15.8532715, -4.19166, 0.0], [15.8518982, -4.19166, 0.0]]]}}, {"type": "Feature", "properties": {"id": 1897}, "geometry": {"type": "Polygon", "coordinates": [[[15.6266785, -4.19166, 0.0], [15.6266785, -4.1902904, 0.0], [15.6253052, -4.1902904, 0.0], [15.6253052, -4.19166, 0.0], [15.6253052, -4.1930296, 0.0], [15.6266785, -4.1930296, 0.0], [15.6266785, -4.19166, 0.0]]]}}, {"type": "Feature", "properties": {"id": 1898}, "geometry": {"type": "Polygon", "coordinates": [[[15.6582642, -4.19166, 0.0], [15.6582642, -4.1930296, 0.0], [15.6596375, -4.1930296, 0.0], [15.6596375, -4.19166, 0.0], [15.6582642, -4.19166, 0.0]]]}}, {"type": "Feature", "properties": {"id": 1899}, "geometry": {"type": "Polygon", "coordinates": [[[15.6665039, -4.19166, 0.0], [15.6665039, -4.1902904, 0.0], [15.6678772, -4.1902904, 0.0], [15.6678772, -4.1889207, 0.0], [15.6665039, -4.1889207, 0.0], [15.6651306, -4.1889207, 0.0], [15.6637573, -4.1889207, 0.0], [15.6637573, -4.1902904, 0.0], [15.6637573, -4.19166, 0.0], [15.6651306, -4.19166, 0.0], [15.6651306, -4.1930296, 0.0], [15.6665039, -4.1930296, 0.0], [15.6665039, -4.19166, 0.0]]]}}, {"type": "Feature", "properties": {"id": 1900}, "geometry": {"type": "Polygon", "coordinates": [[[15.5964661, -4.1902904, 0.0], [15.5950928, -4.1902904, 0.0], [15.5950928, -4.19166, 0.0], [15.5964661, -4.19166, 0.0], [15.5978394, -4.19166, 0.0], [15.5978394, -4.1902904, 0.0], [15.5964661, -4.1902904, 0.0]]]}}, {"type": "Feature", "properties": {"id": 1901}, "geometry": {"type": "Polygon", "coordinates": [[[15.5909729, -4.1902904, 0.0], [15.5909729, -4.1889207, 0.0], [15.5895996, -4.1889207, 0.0], [15.5895996, -4.1902904, 0.0], [15.5882263, -4.1902904, 0.0], [15.5882263, -4.19166, 0.0], [15.5895996, -4.19166, 0.0], [15.5909729, -4.19166, 0.0], [15.5909729, -4.1902904, 0.0]]]}}, {"type": "Feature", "properties": {"id": 1902}, "geometry": {"type": "Polygon", "coordinates": [[[15.619812, -4.1902904, 0.0], [15.619812, -4.19166, 0.0], [15.6211853, -4.19166, 0.0], [15.6211853, -4.1902904, 0.0], [15.619812, -4.1902904, 0.0]]]}}, {"type": "Feature", "properties": {"id": 1903}, "geometry": {"type": "Polygon", "coordinates": [[[15.6596375, -4.1902904, 0.0], [15.6596375, -4.19166, 0.0], [15.6610107, -4.19166, 0.0], [15.6610107, -4.1902904, 0.0], [15.6596375, -4.1902904, 0.0]]]}}, {"type": "Feature", "properties": {"id": 1904}, "geometry": {"type": "Polygon", "coordinates": [[[15.8546448, -4.1902904, 0.0], [15.8546448, -4.19166, 0.0], [15.8560181, -4.19166, 0.0], [15.8560181, -4.1902904, 0.0], [15.8546448, -4.1902904, 0.0]]]}}, {"type": "Feature", "properties": {"id": 1905}, "geometry": {"type": "Polygon", "coordinates": [[[15.8230591, -4.1902904, 0.0], [15.8230591, -4.19166, 0.0], [15.8244324, -4.19166, 0.0], [15.8244324, -4.1902904, 0.0], [15.8230591, -4.1902904, 0.0]]]}}, {"type": "Feature", "properties": {"id": 1906}, "geometry": {"type": "Polygon", "coordinates": [[[15.7255554, -4.1889207, 0.0], [15.7255554, -4.1902904, 0.0], [15.7269287, -4.1902904, 0.0], [15.7269287, -4.1889207, 0.0], [15.7255554, -4.1889207, 0.0]]]}}, {"type": "Feature", "properties": {"id": 1907}, "geometry": {"type": "Polygon", "coordinates": [[[15.6074524, -4.1889207, 0.0], [15.6074524, -4.1902904, 0.0], [15.6088257, -4.1902904, 0.0], [15.6088257, -4.1889207, 0.0], [15.6074524, -4.1889207, 0.0]]]}}, {"type": "Feature", "properties": {"id": 1908}, "geometry": {"type": "Polygon", "coordinates": [[[15.7173157, -4.1889207, 0.0], [15.7173157, -4.1902904, 0.0], [15.718689, -4.1902904, 0.0], [15.718689, -4.1889207, 0.0], [15.7173157, -4.1889207, 0.0]]]}}, {"type": "Feature", "properties": {"id": 1909}, "geometry": {"type": "Polygon", "coordinates": [[[15.8656311, -4.1889207, 0.0], [15.8656311, -4.1902904, 0.0], [15.8670044, -4.1902904, 0.0], [15.8670044, -4.1889207, 0.0], [15.8656311, -4.1889207, 0.0]]]}}, {"type": "Feature", "properties": {"id": 1910}, "geometry": {"type": "Polygon", "coordinates": [[[15.567627, -4.1875511, 0.0], [15.567627, -4.1889207, 0.0], [15.5690002, -4.1889207, 0.0], [15.5690002, -4.1875511, 0.0], [15.567627, -4.1875511, 0.0]]]}}, {"type": "Feature", "properties": {"id": 1911}, "geometry": {"type": "Polygon", "coordinates": [[[15.643158, -4.1875511, 0.0], [15.6417847, -4.1875511, 0.0], [15.6417847, -4.1889207, 0.0], [15.643158, -4.1889207, 0.0], [15.6445312, -4.1889207, 0.0], [15.6445312, -4.1875511, 0.0], [15.643158, -4.1875511, 0.0]]]}}, {"type": "Feature", "properties": {"id": 1912}, "geometry": {"type": "Polygon", "coordinates": [[[15.7159424, -4.1875511, 0.0], [15.7159424, -4.1889207, 0.0], [15.7173157, -4.1889207, 0.0], [15.7173157, -4.1875511, 0.0], [15.7159424, -4.1875511, 0.0]]]}}, {"type": "Feature", "properties": {"id": 1913}, "geometry": {"type": "Polygon", "coordinates": [[[15.7296753, -4.1875511, 0.0], [15.7296753, -4.1889207, 0.0], [15.7310486, -4.1889207, 0.0], [15.7310486, -4.1875511, 0.0], [15.7296753, -4.1875511, 0.0]]]}}, {"type": "Feature", "properties": {"id": 1914}, "geometry": {"type": "Polygon", "coordinates": [[[15.8477783, -4.1875511, 0.0], [15.8477783, -4.1889207, 0.0], [15.8491516, -4.1889207, 0.0], [15.8505249, -4.1889207, 0.0], [15.8505249, -4.1875511, 0.0], [15.8491516, -4.1875511, 0.0], [15.8477783, -4.1875511, 0.0]]]}}, {"type": "Feature", "properties": {"id": 1915}, "geometry": {"type": "Polygon", "coordinates": [[[15.610199, -4.1875511, 0.0], [15.610199, -4.1861815, 0.0], [15.610199, -4.1848119, 0.0], [15.6088257, -4.1848119, 0.0], [15.6074524, -4.1848119, 0.0], [15.6074524, -4.1861815, 0.0], [15.6088257, -4.1861815, 0.0], [15.6088257, -4.1875511, 0.0], [15.6088257, -4.1889207, 0.0], [15.610199, -4.1889207, 0.0], [15.610199, -4.1875511, 0.0]]]}}, {"type": "Feature", "properties": {"id": 1916}, "geometry": {"type": "Polygon", "coordinates": [[[15.5813599, -4.1875511, 0.0], [15.5813599, -4.1861815, 0.0], [15.5813599, -4.1848119, 0.0], [15.5799866, -4.1848119, 0.0], [15.5799866, -4.1861815, 0.0], [15.5799866, -4.1875511, 0.0], [15.5799866, -4.1889207, 0.0], [15.5813599, -4.1889207, 0.0], [15.5813599, -4.1875511, 0.0]]]}}, {"type": "Feature", "properties": {"id": 1917}, "geometry": {"type": "Polygon", "coordinates": [[[15.57724, -4.1875511, 0.0], [15.5786133, -4.1875511, 0.0], [15.5786133, -4.1861815, 0.0], [15.57724, -4.1861815, 0.0], [15.57724, -4.1848119, 0.0], [15.57724, -4.1834422, 0.0], [15.5758667, -4.1834422, 0.0], [15.5744934, -4.1834422, 0.0], [15.5731201, -4.1834422, 0.0], [15.5731201, -4.1820726, 0.0], [15.5717468, -4.1820726, 0.0], [15.5717468, -4.1834422, 0.0], [15.5703735, -4.1834422, 0.0], [15.5703735, -4.1848119, 0.0], [15.5703735, -4.1861815, 0.0], [15.5703735, -4.1875511, 0.0], [15.5717468, -4.1875511, 0.0], [15.5717468, -4.1861815, 0.0], [15.5731201, -4.1861815, 0.0], [15.5744934, -4.1861815, 0.0], [15.5744934, -4.1848119, 0.0], [15.5758667, -4.1848119, 0.0], [15.5758667, -4.1861815, 0.0], [15.5758667, -4.1875511, 0.0], [15.5744934, -4.1875511, 0.0], [15.5744934, -4.1889207, 0.0], [15.5758667, -4.1889207, 0.0], [15.57724, -4.1889207, 0.0], [15.57724, -4.1875511, 0.0]]]}}, {"type": "Feature", "properties": {"id": 1918}, "geometry": {"type": "Polygon", "coordinates": [[[15.6472778, -4.1875511, 0.0], [15.6472778, -4.1889207, 0.0], [15.6486511, -4.1889207, 0.0], [15.6486511, -4.1875511, 0.0], [15.6472778, -4.1875511, 0.0]]]}}, {"type": "Feature", "properties": {"id": 1919}, "geometry": {"type": "Polygon", "coordinates": [[[15.7214355, -4.1861815, 0.0], [15.7214355, -4.1875511, 0.0], [15.7228088, -4.1875511, 0.0], [15.7241821, -4.1875511, 0.0], [15.7241821, -4.1861815, 0.0], [15.7228088, -4.1861815, 0.0], [15.7214355, -4.1861815, 0.0]]]}}, {"type": "Feature", "properties": {"id": 1920}, "geometry": {"type": "Polygon", "coordinates": [[[15.718689, -4.1861815, 0.0], [15.718689, -4.1875511, 0.0], [15.7200623, -4.1875511, 0.0], [15.7200623, -4.1861815, 0.0], [15.718689, -4.1861815, 0.0]]]}}, {"type": "Feature", "properties": {"id": 1921}, "geometry": {"type": "Polygon", "coordinates": [[[15.7626343, -4.1861815, 0.0], [15.7626343, -4.1875511, 0.0], [15.7640076, -4.1875511, 0.0], [15.7653809, -4.1875511, 0.0], [15.7653809, -4.1861815, 0.0], [15.7653809, -4.1848119, 0.0], [15.7640076, -4.1848119, 0.0], [15.7640076, -4.1861815, 0.0], [15.7626343, -4.1861815, 0.0]]]}}, {"type": "Feature", "properties": {"id": 1922}, "geometry": {"type": "Polygon", "coordinates": [[[15.6513977, -4.1861815, 0.0], [15.6513977, -4.1875511, 0.0], [15.652771, -4.1875511, 0.0], [15.652771, -4.1861815, 0.0], [15.6513977, -4.1861815, 0.0]]]}}, {"type": "Feature", "properties": {"id": 1923}, "geometry": {"type": "Polygon", "coordinates": [[[15.7791138, -4.1861815, 0.0], [15.7791138, -4.1848119, 0.0], [15.7777405, -4.1848119, 0.0], [15.7777405, -4.1861815, 0.0], [15.7777405, -4.1875511, 0.0], [15.7791138, -4.1875511, 0.0], [15.7791138, -4.1861815, 0.0]]]}}, {"type": "Feature", "properties": {"id": 1924}, "geometry": {"type": "Polygon", "coordinates": [[[15.8560181, -4.1861815, 0.0], [15.8560181, -4.1875511, 0.0], [15.8573914, -4.1875511, 0.0], [15.8573914, -4.1861815, 0.0], [15.8560181, -4.1861815, 0.0]]]}}, {"type": "Feature", "properties": {"id": 1925}, "geometry": {"type": "Polygon", "coordinates": [[[15.6335449, -4.1848119, 0.0], [15.6335449, -4.1861815, 0.0], [15.6349182, -4.1861815, 0.0], [15.6349182, -4.1848119, 0.0], [15.6335449, -4.1848119, 0.0]]]}}, {"type": "Feature", "properties": {"id": 1926}, "geometry": {"type": "Polygon", "coordinates": [[[15.6266785, -4.1848119, 0.0], [15.6266785, -4.1861815, 0.0], [15.6280518, -4.1861815, 0.0], [15.6280518, -4.1848119, 0.0], [15.6266785, -4.1848119, 0.0]]]}}, {"type": "Feature", "properties": {"id": 1927}, "geometry": {"type": "Polygon", "coordinates": [[[15.6239319, -4.1848119, 0.0], [15.6239319, -4.1861815, 0.0], [15.6253052, -4.1861815, 0.0], [15.6253052, -4.1848119, 0.0], [15.6239319, -4.1848119, 0.0]]]}}, {"type": "Feature", "properties": {"id": 1928}, "geometry": {"type": "Polygon", "coordinates": [[[15.6143188, -4.1848119, 0.0], [15.6156921, -4.1848119, 0.0], [15.6156921, -4.1834422, 0.0], [15.6143188, -4.1834422, 0.0], [15.6129456, -4.1834422, 0.0], [15.6129456, -4.1848119, 0.0], [15.6129456, -4.1861815, 0.0], [15.6143188, -4.1861815, 0.0], [15.6143188, -4.1848119, 0.0]]]}}, {"type": "Feature", "properties": {"id": 1929}, "geometry": {"type": "Polygon", "coordinates": [[[15.6335449, -4.1834422, 0.0], [15.6335449, -4.1820726, 0.0], [15.6321716, -4.1820726, 0.0], [15.6321716, -4.1834422, 0.0], [15.6321716, -4.1848119, 0.0], [15.6335449, -4.1848119, 0.0], [15.6335449, -4.1834422, 0.0]]]}}, {"type": "Feature", "properties": {"id": 1930}, "geometry": {"type": "Polygon", "coordinates": [[[15.6376648, -4.1834422, 0.0], [15.6376648, -4.1848119, 0.0], [15.6390381, -4.1848119, 0.0], [15.6390381, -4.1834422, 0.0], [15.6376648, -4.1834422, 0.0]]]}}, {"type": "Feature", "properties": {"id": 1931}, "geometry": {"type": "Polygon", "coordinates": [[[15.8175659, -4.1834422, 0.0], [15.8175659, -4.1820726, 0.0], [15.8161926, -4.1820726, 0.0], [15.8161926, -4.1834422, 0.0], [15.8161926, -4.1848119, 0.0], [15.8175659, -4.1848119, 0.0], [15.8175659, -4.1834422, 0.0]]]}}, {"type": "Feature", "properties": {"id": 1932}, "geometry": {"type": "Polygon", "coordinates": [[[15.7228088, -4.1834422, 0.0], [15.7228088, -4.1820726, 0.0], [15.7214355, -4.1820726, 0.0], [15.7200623, -4.1820726, 0.0], [15.7200623, -4.1834422, 0.0], [15.7214355, -4.1834422, 0.0], [15.7214355, -4.1848119, 0.0], [15.7228088, -4.1848119, 0.0], [15.7228088, -4.1834422, 0.0]]]}}, {"type": "Feature", "properties": {"id": 1933}, "geometry": {"type": "Polygon", "coordinates": [[[15.5360413, -4.1834422, 0.0], [15.5360413, -4.1848119, 0.0], [15.5374146, -4.1848119, 0.0], [15.5374146, -4.1834422, 0.0], [15.5360413, -4.1834422, 0.0]]]}}, {"type": "Feature", "properties": {"id": 1934}, "geometry": {"type": "Polygon", "coordinates": [[[15.5799866, -4.1834422, 0.0], [15.5799866, -4.1820726, 0.0], [15.5786133, -4.1820726, 0.0], [15.5786133, -4.1834422, 0.0], [15.5786133, -4.1848119, 0.0], [15.5799866, -4.1848119, 0.0], [15.5799866, -4.1834422, 0.0]]]}}, {"type": "Feature", "properties": {"id": 1935}, "geometry": {"type": "Polygon", "coordinates": [[[15.6472778, -4.1834422, 0.0], [15.6472778, -4.1848119, 0.0], [15.6486511, -4.1848119, 0.0], [15.6486511, -4.1834422, 0.0], [15.6472778, -4.1834422, 0.0]]]}}, {"type": "Feature", "properties": {"id": 1936}, "geometry": {"type": "Polygon", "coordinates": [[[15.5923462, -4.1820726, 0.0], [15.5923462, -4.1834422, 0.0], [15.5937195, -4.1834422, 0.0], [15.5937195, -4.1820726, 0.0], [15.5923462, -4.1820726, 0.0]]]}}, {"type": "Feature", "properties": {"id": 1937}, "geometry": {"type": "Polygon", "coordinates": [[[15.5813599, -4.1820726, 0.0], [15.5813599, -4.1834422, 0.0], [15.5827332, -4.1834422, 0.0], [15.5827332, -4.1820726, 0.0], [15.5813599, -4.1820726, 0.0]]]}}, {"type": "Feature", "properties": {"id": 1938}, "geometry": {"type": "Polygon", "coordinates": [[[15.5882263, -4.180703, 0.0], [15.5882263, -4.1820726, 0.0], [15.5895996, -4.1820726, 0.0], [15.5909729, -4.1820726, 0.0], [15.5909729, -4.180703, 0.0], [15.5923462, -4.180703, 0.0], [15.5923462, -4.1793333, 0.0], [15.5937195, -4.1793333, 0.0], [15.5937195, -4.1779637, 0.0], [15.5923462, -4.1779637, 0.0], [15.5923462, -4.176594, 0.0], [15.5909729, -4.176594, 0.0], [15.5909729, -4.1779637, 0.0], [15.5895996, -4.1779637, 0.0], [15.5895996, -4.1793333, 0.0], [15.5895996, -4.180703, 0.0], [15.5882263, -4.180703, 0.0]]]}}, {"type": "Feature", "properties": {"id": 1939}, "geometry": {"type": "Polygon", "coordinates": [[[15.6390381, -4.180703, 0.0], [15.6390381, -4.1793333, 0.0], [15.6376648, -4.1793333, 0.0], [15.6362915, -4.1793333, 0.0], [15.6349182, -4.1793333, 0.0], [15.6349182, -4.180703, 0.0], [15.6362915, -4.180703, 0.0], [15.6376648, -4.180703, 0.0], [15.6376648, -4.1820726, 0.0], [15.6390381, -4.1820726, 0.0], [15.6390381, -4.180703, 0.0]]]}}, {"type": "Feature", "properties": {"id": 1940}, "geometry": {"type": "Polygon", "coordinates": [[[15.8615112, -4.180703, 0.0], [15.8615112, -4.1820726, 0.0], [15.8628845, -4.1820726, 0.0], [15.8628845, -4.180703, 0.0], [15.8615112, -4.180703, 0.0]]]}}, {"type": "Feature", "properties": {"id": 1941}, "geometry": {"type": "Polygon", "coordinates": [[[15.7791138, -4.180703, 0.0], [15.7791138, -4.1820726, 0.0], [15.7804871, -4.1820726, 0.0], [15.7804871, -4.180703, 0.0], [15.7791138, -4.180703, 0.0]]]}}, {"type": "Feature", "properties": {"id": 1942}, "geometry": {"type": "Polygon", "coordinates": [[[15.7228088, -4.1793333, 0.0], [15.7228088, -4.180703, 0.0], [15.7241821, -4.180703, 0.0], [15.7241821, -4.1793333, 0.0], [15.7228088, -4.1793333, 0.0]]]}}, {"type": "Feature", "properties": {"id": 1943}, "geometry": {"type": "Polygon", "coordinates": [[[15.7804871, -4.1793333, 0.0], [15.7804871, -4.180703, 0.0], [15.7818604, -4.180703, 0.0], [15.7818604, -4.1793333, 0.0], [15.7804871, -4.1793333, 0.0]]]}}, {"type": "Feature", "properties": {"id": 1944}, "geometry": {"type": "Polygon", "coordinates": [[[15.7640076, -4.1793333, 0.0], [15.7626343, -4.1793333, 0.0], [15.7626343, -4.180703, 0.0], [15.7640076, -4.180703, 0.0], [15.7653809, -4.180703, 0.0], [15.7653809, -4.1793333, 0.0], [15.7640076, -4.1793333, 0.0]]]}}, {"type": "Feature", "properties": {"id": 1945}, "geometry": {"type": "Polygon", "coordinates": [[[15.8752441, -4.1793333, 0.0], [15.8752441, -4.1779637, 0.0], [15.8738708, -4.1779637, 0.0], [15.8738708, -4.1793333, 0.0], [15.8738708, -4.180703, 0.0], [15.8752441, -4.180703, 0.0], [15.8766174, -4.180703, 0.0], [15.8766174, -4.1793333, 0.0], [15.8752441, -4.1793333, 0.0]]]}}, {"type": "Feature", "properties": {"id": 1946}, "geometry": {"type": "Polygon", "coordinates": [[[15.5950928, -4.1793333, 0.0], [15.5950928, -4.180703, 0.0], [15.5964661, -4.180703, 0.0], [15.5964661, -4.1793333, 0.0], [15.5950928, -4.1793333, 0.0]]]}}, {"type": "Feature", "properties": {"id": 1947}, "geometry": {"type": "Polygon", "coordinates": [[[15.6033325, -4.1793333, 0.0], [15.6033325, -4.180703, 0.0], [15.6047058, -4.180703, 0.0], [15.6047058, -4.1793333, 0.0], [15.6033325, -4.1793333, 0.0]]]}}, {"type": "Feature", "properties": {"id": 1948}, "geometry": {"type": "Polygon", "coordinates": [[[15.6115723, -4.1793333, 0.0], [15.6115723, -4.180703, 0.0], [15.6129456, -4.180703, 0.0], [15.6129456, -4.1793333, 0.0], [15.6115723, -4.1793333, 0.0]]]}}, {"type": "Feature", "properties": {"id": 1949}, "geometry": {"type": "Polygon", "coordinates": [[[15.8518982, -4.1793333, 0.0], [15.8518982, -4.180703, 0.0], [15.8532715, -4.180703, 0.0], [15.8532715, -4.1793333, 0.0], [15.8518982, -4.1793333, 0.0]]]}}, {"type": "Feature", "properties": {"id": 1950}, "geometry": {"type": "Polygon", "coordinates": [[[15.6239319, -4.1793333, 0.0], [15.6239319, -4.180703, 0.0], [15.6253052, -4.180703, 0.0], [15.6253052, -4.1793333, 0.0], [15.6239319, -4.1793333, 0.0]]]}}, {"type": "Feature", "properties": {"id": 1951}, "geometry": {"type": "Polygon", "coordinates": [[[15.8120728, -4.1779637, 0.0], [15.8120728, -4.176594, 0.0], [15.8106995, -4.176594, 0.0], [15.8093262, -4.176594, 0.0], [15.8079529, -4.176594, 0.0], [15.8079529, -4.1779637, 0.0], [15.8079529, -4.1793333, 0.0], [15.8093262, -4.1793333, 0.0], [15.8106995, -4.1793333, 0.0], [15.8120728, -4.1793333, 0.0], [15.8120728, -4.1779637, 0.0]]]}}, {"type": "Feature", "properties": {"id": 1952}, "geometry": {"type": "Polygon", "coordinates": [[[15.5964661, -4.1779637, 0.0], [15.5964661, -4.1793333, 0.0], [15.5978394, -4.1793333, 0.0], [15.5978394, -4.1779637, 0.0], [15.5964661, -4.1779637, 0.0]]]}}, {"type": "Feature", "properties": {"id": 1953}, "geometry": {"type": "Polygon", "coordinates": [[[15.7241821, -4.1779637, 0.0], [15.7241821, -4.1793333, 0.0], [15.7255554, -4.1793333, 0.0], [15.7255554, -4.1779637, 0.0], [15.7241821, -4.1779637, 0.0]]]}}, {"type": "Feature", "properties": {"id": 1954}, "geometry": {"type": "Polygon", "coordinates": [[[15.7145691, -4.176594, 0.0], [15.7145691, -4.1779637, 0.0], [15.7159424, -4.1779637, 0.0], [15.7159424, -4.176594, 0.0], [15.7145691, -4.176594, 0.0]]]}}, {"type": "Feature", "properties": {"id": 1955}, "geometry": {"type": "Polygon", "coordinates": [[[15.6005859, -4.1752244, 0.0], [15.6005859, -4.176594, 0.0], [15.6019592, -4.176594, 0.0], [15.6033325, -4.176594, 0.0], [15.6033325, -4.1752244, 0.0], [15.6019592, -4.1752244, 0.0], [15.6005859, -4.1752244, 0.0]]]}}, {"type": "Feature", "properties": {"id": 1956}, "geometry": {"type": "Polygon", "coordinates": [[[15.5964661, -4.1752244, 0.0], [15.5978394, -4.1752244, 0.0], [15.5992126, -4.1752244, 0.0], [15.5992126, -4.1738548, 0.0], [15.5978394, -4.1738548, 0.0], [15.5964661, -4.1738548, 0.0], [15.5950928, -4.1738548, 0.0], [15.5937195, -4.1738548, 0.0], [15.5937195, -4.1752244, 0.0], [15.5937195, -4.176594, 0.0], [15.5950928, -4.176594, 0.0], [15.5964661, -4.176594, 0.0], [15.5964661, -4.1752244, 0.0]]]}}, {"type": "Feature", "properties": {"id": 1957}, "geometry": {"type": "Polygon", "coordinates": [[[15.5799866, -4.1752244, 0.0], [15.5799866, -4.1738548, 0.0], [15.5786133, -4.1738548, 0.0], [15.5786133, -4.1752244, 0.0], [15.5786133, -4.176594, 0.0], [15.5799866, -4.176594, 0.0], [15.5799866, -4.1752244, 0.0]]]}}, {"type": "Feature", "properties": {"id": 1958}, "geometry": {"type": "Polygon", "coordinates": [[[15.5744934, -4.1752244, 0.0], [15.5744934, -4.176594, 0.0], [15.5758667, -4.176594, 0.0], [15.5758667, -4.1752244, 0.0], [15.5744934, -4.1752244, 0.0]]]}}, {"type": "Feature", "properties": {"id": 1959}, "geometry": {"type": "Polygon", "coordinates": [[[15.695343, -4.1752244, 0.0], [15.695343, -4.176594, 0.0], [15.6967163, -4.176594, 0.0], [15.6967163, -4.1752244, 0.0], [15.695343, -4.1752244, 0.0]]]}}, {"type": "Feature", "properties": {"id": 1960}, "geometry": {"type": "Polygon", "coordinates": [[[15.6156921, -4.1752244, 0.0], [15.6156921, -4.176594, 0.0], [15.6170654, -4.176594, 0.0], [15.6170654, -4.1752244, 0.0], [15.6156921, -4.1752244, 0.0]]]}}, {"type": "Feature", "properties": {"id": 1961}, "geometry": {"type": "Polygon", "coordinates": [[[15.7049561, -4.1752244, 0.0], [15.7049561, -4.176594, 0.0], [15.7063293, -4.176594, 0.0], [15.7063293, -4.1752244, 0.0], [15.7049561, -4.1752244, 0.0]]]}}, {"type": "Feature", "properties": {"id": 1962}, "geometry": {"type": "Polygon", "coordinates": [[[15.7159424, -4.1752244, 0.0], [15.7159424, -4.176594, 0.0], [15.7173157, -4.176594, 0.0], [15.7173157, -4.1752244, 0.0], [15.7159424, -4.1752244, 0.0]]]}}, {"type": "Feature", "properties": {"id": 1963}, "geometry": {"type": "Polygon", "coordinates": [[[15.7832336, -4.1752244, 0.0], [15.7832336, -4.1738548, 0.0], [15.7832336, -4.1724851, 0.0], [15.7818604, -4.1724851, 0.0], [15.7818604, -4.1711155, 0.0], [15.7818604, -4.1697458, 0.0], [15.7818604, -4.1683761, 0.0], [15.7818604, -4.1670065, 0.0], [15.7818604, -4.1656368, 0.0], [15.7832336, -4.1656368, 0.0], [15.7832336, -4.1642672, 0.0], [15.7818604, -4.1642672, 0.0], [15.7804871, -4.1642672, 0.0], [15.7804871, -4.1656368, 0.0], [15.7791138, -4.1656368, 0.0], [15.7791138, -4.1670065, 0.0], [15.7777405, -4.1670065, 0.0], [15.7777405, -4.1683761, 0.0], [15.7791138, -4.1683761, 0.0], [15.7791138, -4.1697458, 0.0], [15.7791138, -4.1711155, 0.0], [15.7804871, -4.1711155, 0.0], [15.7804871, -4.1724851, 0.0], [15.7804871, -4.1738548, 0.0], [15.7804871, -4.1752244, 0.0], [15.7818604, -4.1752244, 0.0], [15.7818604, -4.176594, 0.0], [15.7832336, -4.176594, 0.0], [15.7832336, -4.1752244, 0.0]]]}}, {"type": "Feature", "properties": {"id": 1964}, "geometry": {"type": "Polygon", "coordinates": [[[15.7530212, -4.1752244, 0.0], [15.7530212, -4.1738548, 0.0], [15.7516479, -4.1738548, 0.0], [15.7516479, -4.1752244, 0.0], [15.7516479, -4.176594, 0.0], [15.7530212, -4.176594, 0.0], [15.7530212, -4.1752244, 0.0]]]}}, {"type": "Feature", "properties": {"id": 1965}, "geometry": {"type": "Polygon", "coordinates": [[[15.7077026, -4.1738548, 0.0], [15.7077026, -4.1752244, 0.0], [15.7090759, -4.1752244, 0.0], [15.7090759, -4.1738548, 0.0], [15.7077026, -4.1738548, 0.0]]]}}, {"type": "Feature", "properties": {"id": 1966}, "geometry": {"type": "Polygon", "coordinates": [[[15.7131958, -4.1738548, 0.0], [15.7131958, -4.1724851, 0.0], [15.7118225, -4.1724851, 0.0], [15.7118225, -4.1738548, 0.0], [15.7118225, -4.1752244, 0.0], [15.7131958, -4.1752244, 0.0], [15.7131958, -4.1738548, 0.0]]]}}, {"type": "Feature", "properties": {"id": 1967}, "geometry": {"type": "Polygon", "coordinates": [[[15.5731201, -4.1738548, 0.0], [15.5731201, -4.1752244, 0.0], [15.5744934, -4.1752244, 0.0], [15.5744934, -4.1738548, 0.0], [15.5731201, -4.1738548, 0.0]]]}}, {"type": "Feature", "properties": {"id": 1968}, "geometry": {"type": "Polygon", "coordinates": [[[15.5758667, -4.1738548, 0.0], [15.5758667, -4.1752244, 0.0], [15.57724, -4.1752244, 0.0], [15.57724, -4.1738548, 0.0], [15.5758667, -4.1738548, 0.0]]]}}, {"type": "Feature", "properties": {"id": 1969}, "geometry": {"type": "Polygon", "coordinates": [[[15.7489014, -4.1724851, 0.0], [15.7489014, -4.1738548, 0.0], [15.7502747, -4.1738548, 0.0], [15.7502747, -4.1724851, 0.0], [15.7489014, -4.1724851, 0.0]]]}}, {"type": "Feature", "properties": {"id": 1970}, "geometry": {"type": "Polygon", "coordinates": [[[15.6747437, -4.1738548, 0.0], [15.6747437, -4.1752244, 0.0], [15.6761169, -4.1752244, 0.0], [15.6761169, -4.1738548, 0.0], [15.6747437, -4.1738548, 0.0]]]}}, {"type": "Feature", "properties": {"id": 1971}, "geometry": {"type": "Polygon", "coordinates": [[[15.7859802, -4.1724851, 0.0], [15.7859802, -4.1738548, 0.0], [15.7873535, -4.1738548, 0.0], [15.7873535, -4.1724851, 0.0], [15.7859802, -4.1724851, 0.0]]]}}, {"type": "Feature", "properties": {"id": 1972}, "geometry": {"type": "Polygon", "coordinates": [[[15.8834839, -4.1724851, 0.0], [15.8834839, -4.1738548, 0.0], [15.8848572, -4.1738548, 0.0], [15.8848572, -4.1724851, 0.0], [15.8834839, -4.1724851, 0.0]]]}}, {"type": "Feature", "properties": {"id": 1973}, "geometry": {"type": "Polygon", "coordinates": [[[15.7392883, -4.1724851, 0.0], [15.7392883, -4.1711155, 0.0], [15.737915, -4.1711155, 0.0], [15.737915, -4.1724851, 0.0], [15.737915, -4.1738548, 0.0], [15.7392883, -4.1738548, 0.0], [15.7392883, -4.1724851, 0.0]]]}}, {"type": "Feature", "properties": {"id": 1974}, "geometry": {"type": "Polygon", "coordinates": [[[15.7681274, -4.1724851, 0.0], [15.7681274, -4.1711155, 0.0], [15.7667542, -4.1711155, 0.0], [15.7667542, -4.1724851, 0.0], [15.7667542, -4.1738548, 0.0], [15.7681274, -4.1738548, 0.0], [15.7681274, -4.1724851, 0.0]]]}}, {"type": "Feature", "properties": {"id": 1975}, "geometry": {"type": "Polygon", "coordinates": [[[15.7969666, -4.1711155, 0.0], [15.7969666, -4.1724851, 0.0], [15.7983398, -4.1724851, 0.0], [15.7983398, -4.1711155, 0.0], [15.7969666, -4.1711155, 0.0]]]}}, {"type": "Feature", "properties": {"id": 1976}, "geometry": {"type": "Polygon", "coordinates": [[[15.5992126, -4.1711155, 0.0], [15.5978394, -4.1711155, 0.0], [15.5978394, -4.1724851, 0.0], [15.5992126, -4.1724851, 0.0], [15.6005859, -4.1724851, 0.0], [15.6005859, -4.1711155, 0.0], [15.5992126, -4.1711155, 0.0]]]}}, {"type": "Feature", "properties": {"id": 1977}, "geometry": {"type": "Polygon", "coordinates": [[[15.8711243, -4.1711155, 0.0], [15.8711243, -4.1697458, 0.0], [15.869751, -4.1697458, 0.0], [15.869751, -4.1711155, 0.0], [15.869751, -4.1724851, 0.0], [15.8711243, -4.1724851, 0.0], [15.8711243, -4.1711155, 0.0]]]}}, {"type": "Feature", "properties": {"id": 1978}, "geometry": {"type": "Polygon", "coordinates": [[[15.57724, -4.1711155, 0.0], [15.57724, -4.1724851, 0.0], [15.5786133, -4.1724851, 0.0], [15.5799866, -4.1724851, 0.0], [15.5799866, -4.1711155, 0.0], [15.5813599, -4.1711155, 0.0], [15.5827332, -4.1711155, 0.0], [15.5827332, -4.1724851, 0.0], [15.5841064, -4.1724851, 0.0], [15.5841064, -4.1711155, 0.0], [15.5854797, -4.1711155, 0.0], [15.5854797, -4.1697458, 0.0], [15.5854797, -4.1683761, 0.0], [15.5841064, -4.1683761, 0.0], [15.5841064, -4.1697458, 0.0], [15.5827332, -4.1697458, 0.0], [15.5813599, -4.1697458, 0.0], [15.5799866, -4.1697458, 0.0], [15.5786133, -4.1697458, 0.0], [15.5786133, -4.1711155, 0.0], [15.57724, -4.1711155, 0.0]]]}}, {"type": "Feature", "properties": {"id": 1979}, "geometry": {"type": "Polygon", "coordinates": [[[15.7008362, -4.1711155, 0.0], [15.7008362, -4.1724851, 0.0], [15.7022095, -4.1724851, 0.0], [15.7022095, -4.1711155, 0.0], [15.7008362, -4.1711155, 0.0]]]}}, {"type": "Feature", "properties": {"id": 1980}, "geometry": {"type": "Polygon", "coordinates": [[[15.6129456, -4.1711155, 0.0], [15.6129456, -4.1724851, 0.0], [15.6143188, -4.1724851, 0.0], [15.6143188, -4.1711155, 0.0], [15.6129456, -4.1711155, 0.0]]]}}, {"type": "Feature", "properties": {"id": 1981}, "geometry": {"type": "Polygon", "coordinates": [[[15.5744934, -4.1697458, 0.0], [15.5744934, -4.1711155, 0.0], [15.5758667, -4.1711155, 0.0], [15.5758667, -4.1697458, 0.0], [15.5744934, -4.1697458, 0.0]]]}}, {"type": "Feature", "properties": {"id": 1982}, "geometry": {"type": "Polygon", "coordinates": [[[15.7008362, -4.1697458, 0.0], [15.7008362, -4.1683761, 0.0], [15.6994629, -4.1683761, 0.0], [15.6994629, -4.1697458, 0.0], [15.6994629, -4.1711155, 0.0], [15.7008362, -4.1711155, 0.0], [15.7008362, -4.1697458, 0.0]]]}}, {"type": "Feature", "properties": {"id": 1983}, "geometry": {"type": "Polygon", "coordinates": [[[15.7557678, -4.1697458, 0.0], [15.7557678, -4.1711155, 0.0], [15.7571411, -4.1711155, 0.0], [15.7571411, -4.1697458, 0.0], [15.7557678, -4.1697458, 0.0]]]}}, {"type": "Feature", "properties": {"id": 1984}, "geometry": {"type": "Polygon", "coordinates": [[[15.6005859, -4.1697458, 0.0], [15.6005859, -4.1711155, 0.0], [15.6019592, -4.1711155, 0.0], [15.6019592, -4.1697458, 0.0], [15.6005859, -4.1697458, 0.0]]]}}, {"type": "Feature", "properties": {"id": 1985}, "geometry": {"type": "Polygon", "coordinates": [[[15.7173157, -4.1683761, 0.0], [15.7173157, -4.1697458, 0.0], [15.718689, -4.1697458, 0.0], [15.718689, -4.1683761, 0.0], [15.7173157, -4.1683761, 0.0]]]}}, {"type": "Feature", "properties": {"id": 1986}, "geometry": {"type": "Polygon", "coordinates": [[[15.6321716, -4.1683761, 0.0], [15.6321716, -4.1697458, 0.0], [15.6335449, -4.1697458, 0.0], [15.6335449, -4.1683761, 0.0], [15.6321716, -4.1683761, 0.0]]]}}, {"type": "Feature", "properties": {"id": 1987}, "geometry": {"type": "Polygon", "coordinates": [[[15.79422, -4.1683761, 0.0], [15.79422, -4.1697458, 0.0], [15.7955933, -4.1697458, 0.0], [15.7969666, -4.1697458, 0.0], [15.7969666, -4.1683761, 0.0], [15.7955933, -4.1683761, 0.0], [15.79422, -4.1683761, 0.0]]]}}, {"type": "Feature", "properties": {"id": 1988}, "geometry": {"type": "Polygon", "coordinates": [[[15.5552673, -4.1683761, 0.0], [15.5552673, -4.1697458, 0.0], [15.5566406, -4.1697458, 0.0], [15.5566406, -4.1683761, 0.0], [15.5552673, -4.1683761, 0.0]]]}}, {"type": "Feature", "properties": {"id": 1989}, "geometry": {"type": "Polygon", "coordinates": [[[15.7887268, -4.1670065, 0.0], [15.7873535, -4.1670065, 0.0], [15.7873535, -4.1683761, 0.0], [15.7887268, -4.1683761, 0.0], [15.7901001, -4.1683761, 0.0], [15.7901001, -4.1670065, 0.0], [15.7887268, -4.1670065, 0.0]]]}}, {"type": "Feature", "properties": {"id": 1990}, "geometry": {"type": "Polygon", "coordinates": [[[15.57724, -4.1683761, 0.0], [15.57724, -4.1697458, 0.0], [15.5786133, -4.1697458, 0.0], [15.5786133, -4.1683761, 0.0], [15.57724, -4.1683761, 0.0]]]}}, {"type": "Feature", "properties": {"id": 1991}, "geometry": {"type": "Polygon", "coordinates": [[[15.7585144, -4.1683761, 0.0], [15.7585144, -4.1697458, 0.0], [15.7598877, -4.1697458, 0.0], [15.7598877, -4.1683761, 0.0], [15.7585144, -4.1683761, 0.0]]]}}, {"type": "Feature", "properties": {"id": 1992}, "geometry": {"type": "Polygon", "coordinates": [[[15.7035828, -4.1670065, 0.0], [15.7035828, -4.1683761, 0.0], [15.7049561, -4.1683761, 0.0], [15.7049561, -4.1670065, 0.0], [15.7035828, -4.1670065, 0.0]]]}}, {"type": "Feature", "properties": {"id": 1993}, "geometry": {"type": "Polygon", "coordinates": [[[15.6939697, -4.1670065, 0.0], [15.6939697, -4.1683761, 0.0], [15.695343, -4.1683761, 0.0], [15.695343, -4.1670065, 0.0], [15.6939697, -4.1670065, 0.0]]]}}, {"type": "Feature", "properties": {"id": 1994}, "geometry": {"type": "Polygon", "coordinates": [[[15.5937195, -4.1670065, 0.0], [15.5950928, -4.1670065, 0.0], [15.5950928, -4.1656368, 0.0], [15.5937195, -4.1656368, 0.0], [15.5923462, -4.1656368, 0.0], [15.5923462, -4.1670065, 0.0], [15.5923462, -4.1683761, 0.0], [15.5937195, -4.1683761, 0.0], [15.5937195, -4.1670065, 0.0]]]}}, {"type": "Feature", "properties": {"id": 1995}, "geometry": {"type": "Polygon", "coordinates": [[[15.5717468, -4.1670065, 0.0], [15.5717468, -4.1683761, 0.0], [15.5731201, -4.1683761, 0.0], [15.5731201, -4.1670065, 0.0], [15.5717468, -4.1670065, 0.0]]]}}, {"type": "Feature", "properties": {"id": 1996}, "geometry": {"type": "Polygon", "coordinates": [[[15.879364, -4.1656368, 0.0], [15.879364, -4.1642672, 0.0], [15.8807373, -4.1642672, 0.0], [15.8807373, -4.1628975, 0.0], [15.8807373, -4.1615278, 0.0], [15.8807373, -4.1601582, 0.0], [15.8807373, -4.1587885, 0.0], [15.879364, -4.1587885, 0.0], [15.8779907, -4.1587885, 0.0], [15.8779907, -4.1601582, 0.0], [15.8779907, -4.1615278, 0.0], [15.8766174, -4.1615278, 0.0], [15.8766174, -4.1628975, 0.0], [15.8752441, -4.1628975, 0.0], [15.8752441, -4.1642672, 0.0], [15.8752441, -4.1656368, 0.0], [15.8766174, -4.1656368, 0.0], [15.8779907, -4.1656368, 0.0], [15.8779907, -4.1670065, 0.0], [15.879364, -4.1670065, 0.0], [15.879364, -4.1656368, 0.0]]]}}, {"type": "Feature", "properties": {"id": 1997}, "geometry": {"type": "Polygon", "coordinates": [[[15.8381653, -4.1656368, 0.0], [15.8395386, -4.1656368, 0.0], [15.8395386, -4.1642672, 0.0], [15.8395386, -4.1628975, 0.0], [15.8409119, -4.1628975, 0.0], [15.8409119, -4.1615278, 0.0], [15.8409119, -4.1601582, 0.0], [15.8395386, -4.1601582, 0.0], [15.8395386, -4.1587885, 0.0], [15.8381653, -4.1587885, 0.0], [15.8381653, -4.1574188, 0.0], [15.836792, -4.1574188, 0.0], [15.8354187, -4.1574188, 0.0], [15.8354187, -4.1587885, 0.0], [15.8354187, -4.1601582, 0.0], [15.8340454, -4.1601582, 0.0], [15.8326721, -4.1601582, 0.0], [15.8326721, -4.1615278, 0.0], [15.8326721, -4.1628975, 0.0], [15.8326721, -4.1642672, 0.0], [15.8326721, -4.1656368, 0.0], [15.8340454, -4.1656368, 0.0], [15.8340454, -4.1670065, 0.0], [15.8354187, -4.1670065, 0.0], [15.836792, -4.1670065, 0.0], [15.8381653, -4.1670065, 0.0], [15.8381653, -4.1656368, 0.0]]]}}, {"type": "Feature", "properties": {"id": 1998}, "geometry": {"type": "Polygon", "coordinates": [[[15.8010864, -4.1670065, 0.0], [15.8010864, -4.1656368, 0.0], [15.8010864, -4.1642672, 0.0], [15.7997131, -4.1642672, 0.0], [15.7983398, -4.1642672, 0.0], [15.7969666, -4.1642672, 0.0], [15.7969666, -4.1656368, 0.0], [15.7983398, -4.1656368, 0.0], [15.7983398, -4.1670065, 0.0], [15.7997131, -4.1670065, 0.0], [15.7997131, -4.1683761, 0.0], [15.8010864, -4.1683761, 0.0], [15.8010864, -4.1670065, 0.0]]]}}, {"type": "Feature", "properties": {"id": 1999}, "geometry": {"type": "Polygon", "coordinates": [[[15.5593872, -4.1670065, 0.0], [15.5593872, -4.1683761, 0.0], [15.5607605, -4.1683761, 0.0], [15.5607605, -4.1670065, 0.0], [15.5593872, -4.1670065, 0.0]]]}}, {"type": "Feature", "properties": {"id": 2000}, "geometry": {"type": "Polygon", "coordinates": [[[15.7557678, -4.1656368, 0.0], [15.7557678, -4.1670065, 0.0], [15.7571411, -4.1670065, 0.0], [15.7571411, -4.1656368, 0.0], [15.7557678, -4.1656368, 0.0]]]}}, {"type": "Feature", "properties": {"id": 2001}, "geometry": {"type": "Polygon", "coordinates": [[[15.7763672, -4.1656368, 0.0], [15.7763672, -4.1670065, 0.0], [15.7777405, -4.1670065, 0.0], [15.7777405, -4.1656368, 0.0], [15.7763672, -4.1656368, 0.0]]]}}, {"type": "Feature", "properties": {"id": 2002}, "geometry": {"type": "Polygon", "coordinates": [[[15.5731201, -4.1656368, 0.0], [15.5731201, -4.1670065, 0.0], [15.5744934, -4.1670065, 0.0], [15.5744934, -4.1656368, 0.0], [15.5731201, -4.1656368, 0.0]]]}}, {"type": "Feature", "properties": {"id": 2003}, "geometry": {"type": "Polygon", "coordinates": [[[15.5786133, -4.1656368, 0.0], [15.5786133, -4.1670065, 0.0], [15.5799866, -4.1670065, 0.0], [15.5799866, -4.1656368, 0.0], [15.5786133, -4.1656368, 0.0]]]}}, {"type": "Feature", "properties": {"id": 2004}, "geometry": {"type": "Polygon", "coordinates": [[[15.5593872, -4.1656368, 0.0], [15.5607605, -4.1656368, 0.0], [15.5607605, -4.1642672, 0.0], [15.5607605, -4.1628975, 0.0], [15.5593872, -4.1628975, 0.0], [15.5593872, -4.1615278, 0.0], [15.5580139, -4.1615278, 0.0], [15.5580139, -4.1601582, 0.0], [15.5580139, -4.1587885, 0.0], [15.5580139, -4.1574188, 0.0], [15.5593872, -4.1574188, 0.0], [15.5593872, -4.1560491, 0.0], [15.5607605, -4.1560491, 0.0], [15.5607605, -4.1546794, 0.0], [15.5607605, -4.1533098, 0.0], [15.5607605, -4.1519401, 0.0], [15.5593872, -4.1519401, 0.0], [15.5593872, -4.1533098, 0.0], [15.5580139, -4.1533098, 0.0], [15.5580139, -4.1546794, 0.0], [15.5566406, -4.1546794, 0.0], [15.5566406, -4.1560491, 0.0], [15.5566406, -4.1574188, 0.0], [15.5566406, -4.1587885, 0.0], [15.5566406, -4.1601582, 0.0], [15.5566406, -4.1615278, 0.0], [15.5566406, -4.1628975, 0.0], [15.5566406, -4.1642672, 0.0], [15.5580139, -4.1642672, 0.0], [15.5580139, -4.1656368, 0.0], [15.5580139, -4.1670065, 0.0], [15.5593872, -4.1670065, 0.0], [15.5593872, -4.1656368, 0.0]]]}}, {"type": "Feature", "properties": {"id": 2005}, "geometry": {"type": "Polygon", "coordinates": [[[15.5401611, -4.1656368, 0.0], [15.5401611, -4.1670065, 0.0], [15.5415344, -4.1670065, 0.0], [15.5415344, -4.1656368, 0.0], [15.5401611, -4.1656368, 0.0]]]}}, {"type": "Feature", "properties": {"id": 2006}, "geometry": {"type": "Polygon", "coordinates": [[[15.7022095, -4.1656368, 0.0], [15.7008362, -4.1656368, 0.0], [15.7008362, -4.1670065, 0.0], [15.7022095, -4.1670065, 0.0], [15.7035828, -4.1670065, 0.0], [15.7035828, -4.1656368, 0.0], [15.7022095, -4.1656368, 0.0]]]}}, {"type": "Feature", "properties": {"id": 2007}, "geometry": {"type": "Polygon", "coordinates": [[[15.7873535, -4.1656368, 0.0], [15.7873535, -4.1642672, 0.0], [15.7859802, -4.1642672, 0.0], [15.7859802, -4.1628975, 0.0], [15.7846069, -4.1628975, 0.0], [15.7832336, -4.1628975, 0.0], [15.7832336, -4.1642672, 0.0], [15.7846069, -4.1642672, 0.0], [15.7846069, -4.1656368, 0.0], [15.7859802, -4.1656368, 0.0], [15.7859802, -4.1670065, 0.0], [15.7873535, -4.1670065, 0.0], [15.7873535, -4.1656368, 0.0]]]}}, {"type": "Feature", "properties": {"id": 2008}, "geometry": {"type": "Polygon", "coordinates": [[[15.5895996, -4.1656368, 0.0], [15.5895996, -4.1670065, 0.0], [15.5909729, -4.1670065, 0.0], [15.5909729, -4.1656368, 0.0], [15.5895996, -4.1656368, 0.0]]]}}, {"type": "Feature", "properties": {"id": 2009}, "geometry": {"type": "Polygon", "coordinates": [[[15.6967163, -4.1642672, 0.0], [15.6967163, -4.1656368, 0.0], [15.6980896, -4.1656368, 0.0], [15.6980896, -4.1642672, 0.0], [15.6967163, -4.1642672, 0.0]]]}}, {"type": "Feature", "properties": {"id": 2010}, "geometry": {"type": "Polygon", "coordinates": [[[15.695343, -4.1642672, 0.0], [15.695343, -4.1628975, 0.0], [15.6939697, -4.1628975, 0.0], [15.6939697, -4.1642672, 0.0], [15.6939697, -4.1656368, 0.0], [15.695343, -4.1656368, 0.0], [15.695343, -4.1642672, 0.0]]]}}, {"type": "Feature", "properties": {"id": 2011}, "geometry": {"type": "Polygon", "coordinates": [[[15.7241821, -4.1642672, 0.0], [15.7228088, -4.1642672, 0.0], [15.7228088, -4.1656368, 0.0], [15.7241821, -4.1656368, 0.0], [15.7255554, -4.1656368, 0.0], [15.7255554, -4.1642672, 0.0], [15.7241821, -4.1642672, 0.0]]]}}, {"type": "Feature", "properties": {"id": 2012}, "geometry": {"type": "Polygon", "coordinates": [[[15.586853, -4.1642672, 0.0], [15.586853, -4.1656368, 0.0], [15.5882263, -4.1656368, 0.0], [15.5882263, -4.1642672, 0.0], [15.586853, -4.1642672, 0.0]]]}}, {"type": "Feature", "properties": {"id": 2013}, "geometry": {"type": "Polygon", "coordinates": [[[15.6047058, -4.1642672, 0.0], [15.6060791, -4.1642672, 0.0], [15.6060791, -4.1628975, 0.0], [15.6047058, -4.1628975, 0.0], [15.6033325, -4.1628975, 0.0], [15.6033325, -4.1642672, 0.0], [15.6033325, -4.1656368, 0.0], [15.6047058, -4.1656368, 0.0], [15.6047058, -4.1642672, 0.0]]]}}, {"type": "Feature", "properties": {"id": 2014}, "geometry": {"type": "Polygon", "coordinates": [[[15.5223083, -4.1642672, 0.0], [15.5223083, -4.1656368, 0.0], [15.5236816, -4.1656368, 0.0], [15.5236816, -4.1642672, 0.0], [15.5223083, -4.1642672, 0.0]]]}}, {"type": "Feature", "properties": {"id": 2015}, "geometry": {"type": "Polygon", "coordinates": [[[15.6280518, -4.1642672, 0.0], [15.629425, -4.1642672, 0.0], [15.629425, -4.1628975, 0.0], [15.6280518, -4.1628975, 0.0], [15.6266785, -4.1628975, 0.0], [15.6253052, -4.1628975, 0.0], [15.6253052, -4.1642672, 0.0], [15.6266785, -4.1642672, 0.0], [15.6266785, -4.1656368, 0.0], [15.6280518, -4.1656368, 0.0], [15.6280518, -4.1642672, 0.0]]]}}, {"type": "Feature", "properties": {"id": 2016}, "geometry": {"type": "Polygon", "coordinates": [[[15.5635071, -4.1642672, 0.0], [15.5635071, -4.1656368, 0.0], [15.5648804, -4.1656368, 0.0], [15.5648804, -4.1642672, 0.0], [15.5635071, -4.1642672, 0.0]]]}}, {"type": "Feature", "properties": {"id": 2017}, "geometry": {"type": "Polygon", "coordinates": [[[15.718689, -4.1642672, 0.0], [15.718689, -4.1628975, 0.0], [15.7173157, -4.1628975, 0.0], [15.7173157, -4.1642672, 0.0], [15.7173157, -4.1656368, 0.0], [15.718689, -4.1656368, 0.0], [15.718689, -4.1642672, 0.0]]]}}, {"type": "Feature", "properties": {"id": 2018}, "geometry": {"type": "Polygon", "coordinates": [[[15.8161926, -4.1628975, 0.0], [15.8161926, -4.1642672, 0.0], [15.8175659, -4.1642672, 0.0], [15.8175659, -4.1628975, 0.0], [15.8161926, -4.1628975, 0.0]]]}}, {"type": "Feature", "properties": {"id": 2019}, "geometry": {"type": "Polygon", "coordinates": [[[15.7640076, -4.1628975, 0.0], [15.7640076, -4.1642672, 0.0], [15.7653809, -4.1642672, 0.0], [15.7653809, -4.1628975, 0.0], [15.7640076, -4.1628975, 0.0]]]}}, {"type": "Feature", "properties": {"id": 2020}, "geometry": {"type": "Polygon", "coordinates": [[[15.6349182, -4.1615278, 0.0], [15.6349182, -4.1628975, 0.0], [15.6362915, -4.1628975, 0.0], [15.6362915, -4.1615278, 0.0], [15.6349182, -4.1615278, 0.0]]]}}, {"type": "Feature", "properties": {"id": 2021}, "geometry": {"type": "Polygon", "coordinates": [[[15.586853, -4.1615278, 0.0], [15.586853, -4.1628975, 0.0], [15.5882263, -4.1628975, 0.0], [15.5882263, -4.1615278, 0.0], [15.586853, -4.1615278, 0.0]]]}}, {"type": "Feature", "properties": {"id": 2022}, "geometry": {"type": "Polygon", "coordinates": [[[15.6143188, -4.1601582, 0.0], [15.6143188, -4.1615278, 0.0], [15.6156921, -4.1615278, 0.0], [15.6156921, -4.1601582, 0.0], [15.6143188, -4.1601582, 0.0]]]}}, {"type": "Feature", "properties": {"id": 2023}, "geometry": {"type": "Polygon", "coordinates": [[[15.5429077, -4.1601582, 0.0], [15.5429077, -4.1587885, 0.0], [15.5429077, -4.1574188, 0.0], [15.5415344, -4.1574188, 0.0], [15.5415344, -4.1587885, 0.0], [15.5415344, -4.1601582, 0.0], [15.5415344, -4.1615278, 0.0], [15.5429077, -4.1615278, 0.0], [15.5429077, -4.1601582, 0.0]]]}}, {"type": "Feature", "properties": {"id": 2024}, "geometry": {"type": "Polygon", "coordinates": [[[15.5744934, -4.1601582, 0.0], [15.5758667, -4.1601582, 0.0], [15.57724, -4.1601582, 0.0], [15.57724, -4.1615278, 0.0], [15.5786133, -4.1615278, 0.0], [15.5799866, -4.1615278, 0.0], [15.5813599, -4.1615278, 0.0], [15.5813599, -4.1601582, 0.0], [15.5799866, -4.1601582, 0.0], [15.5799866, -4.1587885, 0.0], [15.5786133, -4.1587885, 0.0], [15.57724, -4.1587885, 0.0], [15.5758667, -4.1587885, 0.0], [15.5758667, -4.1574188, 0.0], [15.57724, -4.1574188, 0.0], [15.57724, -4.1560491, 0.0], [15.5758667, -4.1560491, 0.0], [15.5758667, -4.1546794, 0.0], [15.5744934, -4.1546794, 0.0], [15.5744934, -4.1560491, 0.0], [15.5744934, -4.1574188, 0.0], [15.5744934, -4.1587885, 0.0], [15.5731201, -4.1587885, 0.0], [15.5731201, -4.1574188, 0.0], [15.5731201, -4.1560491, 0.0], [15.5717468, -4.1560491, 0.0], [15.5717468, -4.1574188, 0.0], [15.5717468, -4.1587885, 0.0], [15.5717468, -4.1601582, 0.0], [15.5717468, -4.1615278, 0.0], [15.5731201, -4.1615278, 0.0], [15.5744934, -4.1615278, 0.0], [15.5744934, -4.1601582, 0.0]]]}}, {"type": "Feature", "properties": {"id": 2025}, "geometry": {"type": "Polygon", "coordinates": [[[15.728302, -4.1601582, 0.0], [15.728302, -4.1615278, 0.0], [15.7296753, -4.1615278, 0.0], [15.7296753, -4.1601582, 0.0], [15.728302, -4.1601582, 0.0]]]}}, {"type": "Feature", "properties": {"id": 2026}, "geometry": {"type": "Polygon", "coordinates": [[[15.586853, -4.1601582, 0.0], [15.5882263, -4.1601582, 0.0], [15.5895996, -4.1601582, 0.0], [15.5895996, -4.1587885, 0.0], [15.5895996, -4.1574188, 0.0], [15.5882263, -4.1574188, 0.0], [15.5882263, -4.1587885, 0.0], [15.586853, -4.1587885, 0.0], [15.5854797, -4.1587885, 0.0], [15.5841064, -4.1587885, 0.0], [15.5841064, -4.1601582, 0.0], [15.5854797, -4.1601582, 0.0], [15.5854797, -4.1615278, 0.0], [15.586853, -4.1615278, 0.0], [15.586853, -4.1601582, 0.0]]]}}, {"type": "Feature", "properties": {"id": 2027}, "geometry": {"type": "Polygon", "coordinates": [[[15.7763672, -4.1601582, 0.0], [15.7763672, -4.1615278, 0.0], [15.7777405, -4.1615278, 0.0], [15.7791138, -4.1615278, 0.0], [15.7791138, -4.1601582, 0.0], [15.7777405, -4.1601582, 0.0], [15.7763672, -4.1601582, 0.0]]]}}, {"type": "Feature", "properties": {"id": 2028}, "geometry": {"type": "Polygon", "coordinates": [[[15.567627, -4.1601582, 0.0], [15.567627, -4.1587885, 0.0], [15.5662537, -4.1587885, 0.0], [15.5648804, -4.1587885, 0.0], [15.5648804, -4.1601582, 0.0], [15.5635071, -4.1601582, 0.0], [15.5635071, -4.1615278, 0.0], [15.5648804, -4.1615278, 0.0], [15.5662537, -4.1615278, 0.0], [15.567627, -4.1615278, 0.0], [15.567627, -4.1601582, 0.0]]]}}, {"type": "Feature", "properties": {"id": 2029}, "geometry": {"type": "Polygon", "coordinates": [[[15.8175659, -4.1601582, 0.0], [15.8189392, -4.1601582, 0.0], [15.8189392, -4.1587885, 0.0], [15.8175659, -4.1587885, 0.0], [15.8161926, -4.1587885, 0.0], [15.8161926, -4.1601582, 0.0], [15.8161926, -4.1615278, 0.0], [15.8175659, -4.1615278, 0.0], [15.8175659, -4.1601582, 0.0]]]}}, {"type": "Feature", "properties": {"id": 2030}, "geometry": {"type": "Polygon", "coordinates": [[[15.7846069, -4.1601582, 0.0], [15.7846069, -4.1615278, 0.0], [15.7859802, -4.1615278, 0.0], [15.7859802, -4.1601582, 0.0], [15.7846069, -4.1601582, 0.0]]]}}, {"type": "Feature", "properties": {"id": 2031}, "geometry": {"type": "Polygon", "coordinates": [[[15.5291748, -4.1601582, 0.0], [15.5291748, -4.1615278, 0.0], [15.5305481, -4.1615278, 0.0], [15.5305481, -4.1601582, 0.0], [15.5291748, -4.1601582, 0.0]]]}}, {"type": "Feature", "properties": {"id": 2032}, "geometry": {"type": "Polygon", "coordinates": [[[15.5895996, -4.1601582, 0.0], [15.5895996, -4.1615278, 0.0], [15.5909729, -4.1615278, 0.0], [15.5909729, -4.1601582, 0.0], [15.5895996, -4.1601582, 0.0]]]}}, {"type": "Feature", "properties": {"id": 2033}, "geometry": {"type": "Polygon", "coordinates": [[[15.7049561, -4.1587885, 0.0], [15.7049561, -4.1601582, 0.0], [15.7063293, -4.1601582, 0.0], [15.7063293, -4.1587885, 0.0], [15.7049561, -4.1587885, 0.0]]]}}, {"type": "Feature", "properties": {"id": 2034}, "geometry": {"type": "Polygon", "coordinates": [[[15.718689, -4.1587885, 0.0], [15.718689, -4.1601582, 0.0], [15.7200623, -4.1601582, 0.0], [15.7200623, -4.1587885, 0.0], [15.718689, -4.1587885, 0.0]]]}}, {"type": "Feature", "properties": {"id": 2035}, "geometry": {"type": "Polygon", "coordinates": [[[15.6994629, -4.1587885, 0.0], [15.6994629, -4.1574188, 0.0], [15.6980896, -4.1574188, 0.0], [15.6980896, -4.1587885, 0.0], [15.6967163, -4.1587885, 0.0], [15.6967163, -4.1601582, 0.0], [15.6980896, -4.1601582, 0.0], [15.6994629, -4.1601582, 0.0], [15.7008362, -4.1601582, 0.0], [15.7008362, -4.1587885, 0.0], [15.6994629, -4.1587885, 0.0]]]}}, {"type": "Feature", "properties": {"id": 2036}, "geometry": {"type": "Polygon", "coordinates": [[[15.7557678, -4.1587885, 0.0], [15.7571411, -4.1587885, 0.0], [15.7571411, -4.1574188, 0.0], [15.7557678, -4.1574188, 0.0], [15.7557678, -4.1560491, 0.0], [15.7543945, -4.1560491, 0.0], [15.7530212, -4.1560491, 0.0], [15.7530212, -4.1574188, 0.0], [15.7530212, -4.1587885, 0.0], [15.7543945, -4.1587885, 0.0], [15.7543945, -4.1601582, 0.0], [15.7557678, -4.1601582, 0.0], [15.7557678, -4.1587885, 0.0]]]}}, {"type": "Feature", "properties": {"id": 2037}, "geometry": {"type": "Polygon", "coordinates": [[[15.7324219, -4.1587885, 0.0], [15.7324219, -4.1601582, 0.0], [15.7337952, -4.1601582, 0.0], [15.7337952, -4.1587885, 0.0], [15.7324219, -4.1587885, 0.0]]]}}, {"type": "Feature", "properties": {"id": 2038}, "geometry": {"type": "Polygon", "coordinates": [[[15.7296753, -4.1587885, 0.0], [15.7296753, -4.1601582, 0.0], [15.7310486, -4.1601582, 0.0], [15.7310486, -4.1587885, 0.0], [15.7296753, -4.1587885, 0.0]]]}}, {"type": "Feature", "properties": {"id": 2039}, "geometry": {"type": "Polygon", "coordinates": [[[15.5250549, -4.1587885, 0.0], [15.5250549, -4.1601582, 0.0], [15.5264282, -4.1601582, 0.0], [15.5264282, -4.1587885, 0.0], [15.5250549, -4.1587885, 0.0]]]}}, {"type": "Feature", "properties": {"id": 2040}, "geometry": {"type": "Polygon", "coordinates": [[[15.5484009, -4.1587885, 0.0], [15.5484009, -4.1574188, 0.0], [15.5470276, -4.1574188, 0.0], [15.5470276, -4.1587885, 0.0], [15.5470276, -4.1601582, 0.0], [15.5484009, -4.1601582, 0.0], [15.5497742, -4.1601582, 0.0], [15.5511475, -4.1601582, 0.0], [15.5511475, -4.1587885, 0.0], [15.5497742, -4.1587885, 0.0], [15.5484009, -4.1587885, 0.0]]]}}, {"type": "Feature", "properties": {"id": 2041}, "geometry": {"type": "Polygon", "coordinates": [[[15.6939697, -4.1587885, 0.0], [15.6939697, -4.1574188, 0.0], [15.6925964, -4.1574188, 0.0], [15.6925964, -4.1560491, 0.0], [15.6925964, -4.1546794, 0.0], [15.6912231, -4.1546794, 0.0], [15.6912231, -4.1533098, 0.0], [15.6912231, -4.1519401, 0.0], [15.6912231, -4.1505704, 0.0], [15.6898499, -4.1505704, 0.0], [15.6884766, -4.1505704, 0.0], [15.6884766, -4.1492007, 0.0], [15.6871033, -4.1492007, 0.0], [15.68573, -4.1492007, 0.0], [15.68573, -4.1505704, 0.0], [15.68573, -4.1519401, 0.0], [15.6871033, -4.1519401, 0.0], [15.6871033, -4.1533098, 0.0], [15.6884766, -4.1533098, 0.0], [15.6884766, -4.1546794, 0.0], [15.6898499, -4.1546794, 0.0], [15.6898499, -4.1560491, 0.0], [15.6898499, -4.1574188, 0.0], [15.6898499, -4.1587885, 0.0], [15.6912231, -4.1587885, 0.0], [15.6925964, -4.1587885, 0.0], [15.6925964, -4.1601582, 0.0], [15.6939697, -4.1601582, 0.0], [15.6939697, -4.1587885, 0.0]]]}}, {"type": "Feature", "properties": {"id": 2042}, "geometry": {"type": "Polygon", "coordinates": [[[15.6335449, -4.1574188, 0.0], [15.6321716, -4.1574188, 0.0], [15.6321716, -4.1587885, 0.0], [15.6335449, -4.1587885, 0.0], [15.6349182, -4.1587885, 0.0], [15.6349182, -4.1574188, 0.0], [15.6335449, -4.1574188, 0.0]]]}}, {"type": "Feature", "properties": {"id": 2043}, "geometry": {"type": "Polygon", "coordinates": [[[15.7749939, -4.1574188, 0.0], [15.7763672, -4.1574188, 0.0], [15.7763672, -4.1560491, 0.0], [15.7749939, -4.1560491, 0.0], [15.7736206, -4.1560491, 0.0], [15.7736206, -4.1574188, 0.0], [15.7736206, -4.1587885, 0.0], [15.7749939, -4.1587885, 0.0], [15.7749939, -4.1574188, 0.0]]]}}, {"type": "Feature", "properties": {"id": 2044}, "geometry": {"type": "Polygon", "coordinates": [[[15.5236816, -4.1574188, 0.0], [15.5236816, -4.1587885, 0.0], [15.5250549, -4.1587885, 0.0], [15.5250549, -4.1574188, 0.0], [15.5236816, -4.1574188, 0.0]]]}}, {"type": "Feature", "properties": {"id": 2045}, "geometry": {"type": "Polygon", "coordinates": [[[15.8752441, -4.1560491, 0.0], [15.8752441, -4.1574188, 0.0], [15.8766174, -4.1574188, 0.0], [15.8766174, -4.1560491, 0.0], [15.8752441, -4.1560491, 0.0]]]}}, {"type": "Feature", "properties": {"id": 2046}, "geometry": {"type": "Polygon", "coordinates": [[[15.8312988, -4.1574188, 0.0], [15.8312988, -4.1587885, 0.0], [15.8326721, -4.1587885, 0.0], [15.8326721, -4.1574188, 0.0], [15.8312988, -4.1574188, 0.0]]]}}, {"type": "Feature", "properties": {"id": 2047}, "geometry": {"type": "Polygon", "coordinates": [[[15.6005859, -4.1574188, 0.0], [15.6005859, -4.1587885, 0.0], [15.6019592, -4.1587885, 0.0], [15.6019592, -4.1574188, 0.0], [15.6005859, -4.1574188, 0.0]]]}}, {"type": "Feature", "properties": {"id": 2048}, "geometry": {"type": "Polygon", "coordinates": [[[15.8285522, -4.1560491, 0.0], [15.8285522, -4.1546794, 0.0], [15.8285522, -4.1533098, 0.0], [15.827179, -4.1533098, 0.0], [15.8258057, -4.1533098, 0.0], [15.8258057, -4.1519401, 0.0], [15.8244324, -4.1519401, 0.0], [15.8244324, -4.1533098, 0.0], [15.8230591, -4.1533098, 0.0], [15.8230591, -4.1546794, 0.0], [15.8230591, -4.1560491, 0.0], [15.8244324, -4.1560491, 0.0], [15.8258057, -4.1560491, 0.0], [15.827179, -4.1560491, 0.0], [15.827179, -4.1574188, 0.0], [15.8285522, -4.1574188, 0.0], [15.8285522, -4.1560491, 0.0]]]}}, {"type": "Feature", "properties": {"id": 2049}, "geometry": {"type": "Polygon", "coordinates": [[[15.8326721, -4.1560491, 0.0], [15.8326721, -4.1574188, 0.0], [15.8340454, -4.1574188, 0.0], [15.8340454, -4.1560491, 0.0], [15.8326721, -4.1560491, 0.0]]]}}, {"type": "Feature", "properties": {"id": 2050}, "geometry": {"type": "Polygon", "coordinates": [[[15.5291748, -4.1560491, 0.0], [15.5291748, -4.1574188, 0.0], [15.5305481, -4.1574188, 0.0], [15.5305481, -4.1560491, 0.0], [15.5291748, -4.1560491, 0.0]]]}}, {"type": "Feature", "properties": {"id": 2051}, "geometry": {"type": "Polygon", "coordinates": [[[15.8189392, -4.1560491, 0.0], [15.8189392, -4.1574188, 0.0], [15.8203125, -4.1574188, 0.0], [15.8203125, -4.1560491, 0.0], [15.8189392, -4.1560491, 0.0]]]}}, {"type": "Feature", "properties": {"id": 2052}, "geometry": {"type": "Polygon", "coordinates": [[[15.7873535, -4.1560491, 0.0], [15.7873535, -4.1546794, 0.0], [15.7859802, -4.1546794, 0.0], [15.7859802, -4.1560491, 0.0], [15.7859802, -4.1574188, 0.0], [15.7873535, -4.1574188, 0.0], [15.7887268, -4.1574188, 0.0], [15.7887268, -4.1560491, 0.0], [15.7873535, -4.1560491, 0.0]]]}}, {"type": "Feature", "properties": {"id": 2053}, "geometry": {"type": "Polygon", "coordinates": [[[15.7804871, -4.1560491, 0.0], [15.7804871, -4.1574188, 0.0], [15.7818604, -4.1574188, 0.0], [15.7818604, -4.1560491, 0.0], [15.7804871, -4.1560491, 0.0]]]}}, {"type": "Feature", "properties": {"id": 2054}, "geometry": {"type": "Polygon", "coordinates": [[[15.5978394, -4.1560491, 0.0], [15.5978394, -4.1574188, 0.0], [15.5992126, -4.1574188, 0.0], [15.5992126, -4.1560491, 0.0], [15.5978394, -4.1560491, 0.0]]]}}, {"type": "Feature", "properties": {"id": 2055}, "geometry": {"type": "Polygon", "coordinates": [[[15.5909729, -4.1560491, 0.0], [15.5909729, -4.1574188, 0.0], [15.5923462, -4.1574188, 0.0], [15.5937195, -4.1574188, 0.0], [15.5937195, -4.1560491, 0.0], [15.5923462, -4.1560491, 0.0], [15.5909729, -4.1560491, 0.0]]]}}, {"type": "Feature", "properties": {"id": 2056}, "geometry": {"type": "Polygon", "coordinates": [[[15.5813599, -4.1560491, 0.0], [15.5813599, -4.1574188, 0.0], [15.5827332, -4.1574188, 0.0], [15.5827332, -4.1560491, 0.0], [15.5813599, -4.1560491, 0.0]]]}}, {"type": "Feature", "properties": {"id": 2057}, "geometry": {"type": "Polygon", "coordinates": [[[15.619812, -4.1560491, 0.0], [15.619812, -4.1574188, 0.0], [15.6211853, -4.1574188, 0.0], [15.6211853, -4.1560491, 0.0], [15.619812, -4.1560491, 0.0]]]}}, {"type": "Feature", "properties": {"id": 2058}, "geometry": {"type": "Polygon", "coordinates": [[[15.7035828, -4.1560491, 0.0], [15.7035828, -4.1574188, 0.0], [15.7049561, -4.1574188, 0.0], [15.7049561, -4.1560491, 0.0], [15.7035828, -4.1560491, 0.0]]]}}, {"type": "Feature", "properties": {"id": 2059}, "geometry": {"type": "Polygon", "coordinates": [[[15.737915, -4.1546794, 0.0], [15.737915, -4.1560491, 0.0], [15.7392883, -4.1560491, 0.0], [15.7392883, -4.1546794, 0.0], [15.737915, -4.1546794, 0.0]]]}}, {"type": "Feature", "properties": {"id": 2060}, "geometry": {"type": "Polygon", "coordinates": [[[15.7077026, -4.1546794, 0.0], [15.7077026, -4.1560491, 0.0], [15.7090759, -4.1560491, 0.0], [15.7090759, -4.1546794, 0.0], [15.7077026, -4.1546794, 0.0]]]}}, {"type": "Feature", "properties": {"id": 2061}, "geometry": {"type": "Polygon", "coordinates": [[[15.5635071, -4.1546794, 0.0], [15.5635071, -4.1533098, 0.0], [15.5621338, -4.1533098, 0.0], [15.5621338, -4.1546794, 0.0], [15.5621338, -4.1560491, 0.0], [15.5635071, -4.1560491, 0.0], [15.5635071, -4.1546794, 0.0]]]}}, {"type": "Feature", "properties": {"id": 2062}, "geometry": {"type": "Polygon", "coordinates": [[[15.6349182, -4.1546794, 0.0], [15.6349182, -4.1533098, 0.0], [15.6349182, -4.1519401, 0.0], [15.6349182, -4.1505704, 0.0], [15.6349182, -4.1492007, 0.0], [15.6335449, -4.1492007, 0.0], [15.6335449, -4.1505704, 0.0], [15.6321716, -4.1505704, 0.0], [15.6321716, -4.1519401, 0.0], [15.6321716, -4.1533098, 0.0], [15.6321716, -4.1546794, 0.0], [15.6321716, -4.1560491, 0.0], [15.6335449, -4.1560491, 0.0], [15.6349182, -4.1560491, 0.0], [15.6349182, -4.1546794, 0.0]]]}}, {"type": "Feature", "properties": {"id": 2063}, "geometry": {"type": "Polygon", "coordinates": [[[15.5511475, -4.1546794, 0.0], [15.5525208, -4.1546794, 0.0], [15.5525208, -4.1533098, 0.0], [15.553894, -4.1533098, 0.0], [15.553894, -4.1519401, 0.0], [15.553894, -4.1505704, 0.0], [15.553894, -4.1492007, 0.0], [15.553894, -4.147831, 0.0], [15.553894, -4.1464613, 0.0], [15.5525208, -4.1464613, 0.0], [15.5525208, -4.147831, 0.0], [15.5511475, -4.147831, 0.0], [15.5511475, -4.1492007, 0.0], [15.5511475, -4.1505704, 0.0], [15.5497742, -4.1505704, 0.0], [15.5497742, -4.1519401, 0.0], [15.5484009, -4.1519401, 0.0], [15.5484009, -4.1533098, 0.0], [15.5484009, -4.1546794, 0.0], [15.5470276, -4.1546794, 0.0], [15.5470276, -4.1560491, 0.0], [15.5484009, -4.1560491, 0.0], [15.5497742, -4.1560491, 0.0], [15.5511475, -4.1560491, 0.0], [15.5511475, -4.1546794, 0.0]]]}}, {"type": "Feature", "properties": {"id": 2064}, "geometry": {"type": "Polygon", "coordinates": [[[15.8299255, -4.1533098, 0.0], [15.8299255, -4.1546794, 0.0], [15.8312988, -4.1546794, 0.0], [15.8312988, -4.1533098, 0.0], [15.8299255, -4.1533098, 0.0]]]}}, {"type": "Feature", "properties": {"id": 2065}, "geometry": {"type": "Polygon", "coordinates": [[[15.8656311, -4.1533098, 0.0], [15.8656311, -4.1546794, 0.0], [15.8670044, -4.1546794, 0.0], [15.8670044, -4.1533098, 0.0], [15.8656311, -4.1533098, 0.0]]]}}, {"type": "Feature", "properties": {"id": 2066}, "geometry": {"type": "Polygon", "coordinates": [[[15.7365417, -4.1533098, 0.0], [15.7365417, -4.1546794, 0.0], [15.737915, -4.1546794, 0.0], [15.737915, -4.1533098, 0.0], [15.7365417, -4.1533098, 0.0]]]}}, {"type": "Feature", "properties": {"id": 2067}, "geometry": {"type": "Polygon", "coordinates": [[[15.7434082, -4.1533098, 0.0], [15.7434082, -4.1546794, 0.0], [15.7447815, -4.1546794, 0.0], [15.7461548, -4.1546794, 0.0], [15.7475281, -4.1546794, 0.0], [15.7489014, -4.1546794, 0.0], [15.7489014, -4.1533098, 0.0], [15.7475281, -4.1533098, 0.0], [15.7461548, -4.1533098, 0.0], [15.7447815, -4.1533098, 0.0], [15.7434082, -4.1533098, 0.0]]]}}, {"type": "Feature", "properties": {"id": 2068}, "geometry": {"type": "Polygon", "coordinates": [[[15.6129456, -4.1533098, 0.0], [15.6129456, -4.1546794, 0.0], [15.6143188, -4.1546794, 0.0], [15.6143188, -4.1533098, 0.0], [15.6129456, -4.1533098, 0.0]]]}}, {"type": "Feature", "properties": {"id": 2069}, "geometry": {"type": "Polygon", "coordinates": [[[15.6967163, -4.1533098, 0.0], [15.6967163, -4.1546794, 0.0], [15.6980896, -4.1546794, 0.0], [15.6980896, -4.1533098, 0.0], [15.6967163, -4.1533098, 0.0]]]}}, {"type": "Feature", "properties": {"id": 2070}, "geometry": {"type": "Polygon", "coordinates": [[[15.8889771, -4.1533098, 0.0], [15.8889771, -4.1546794, 0.0], [15.8903503, -4.1546794, 0.0], [15.8903503, -4.1533098, 0.0], [15.8889771, -4.1533098, 0.0]]]}}, {"type": "Feature", "properties": {"id": 2071}, "geometry": {"type": "Polygon", "coordinates": [[[15.5744934, -4.1519401, 0.0], [15.5744934, -4.1533098, 0.0], [15.5758667, -4.1533098, 0.0], [15.5758667, -4.1519401, 0.0], [15.5744934, -4.1519401, 0.0]]]}}, {"type": "Feature", "properties": {"id": 2072}, "geometry": {"type": "Polygon", "coordinates": [[[15.6939697, -4.1519401, 0.0], [15.6939697, -4.1533098, 0.0], [15.695343, -4.1533098, 0.0], [15.695343, -4.1519401, 0.0], [15.6939697, -4.1519401, 0.0]]]}}, {"type": "Feature", "properties": {"id": 2073}, "geometry": {"type": "Polygon", "coordinates": [[[15.6610107, -4.1505704, 0.0], [15.6610107, -4.1519401, 0.0], [15.662384, -4.1519401, 0.0], [15.662384, -4.1505704, 0.0], [15.6610107, -4.1505704, 0.0]]]}}, {"type": "Feature", "properties": {"id": 2074}, "geometry": {"type": "Polygon", "coordinates": [[[15.5607605, -4.1505704, 0.0], [15.5607605, -4.1519401, 0.0], [15.5621338, -4.1519401, 0.0], [15.5621338, -4.1505704, 0.0], [15.5607605, -4.1505704, 0.0]]]}}, {"type": "Feature", "properties": {"id": 2075}, "geometry": {"type": "Polygon", "coordinates": [[[15.5731201, -4.1505704, 0.0], [15.5731201, -4.1519401, 0.0], [15.5744934, -4.1519401, 0.0], [15.5744934, -4.1505704, 0.0], [15.5731201, -4.1505704, 0.0]]]}}, {"type": "Feature", "properties": {"id": 2076}, "geometry": {"type": "Polygon", "coordinates": [[[15.7543945, -4.1505704, 0.0], [15.7543945, -4.1492007, 0.0], [15.7530212, -4.1492007, 0.0], [15.7516479, -4.1492007, 0.0], [15.7516479, -4.1505704, 0.0], [15.7530212, -4.1505704, 0.0], [15.7530212, -4.1519401, 0.0], [15.7543945, -4.1519401, 0.0], [15.7543945, -4.1505704, 0.0]]]}}, {"type": "Feature", "properties": {"id": 2077}, "geometry": {"type": "Polygon", "coordinates": [[[15.6939697, -4.1492007, 0.0], [15.6939697, -4.1505704, 0.0], [15.695343, -4.1505704, 0.0], [15.695343, -4.1492007, 0.0], [15.6939697, -4.1492007, 0.0]]]}}, {"type": "Feature", "properties": {"id": 2078}, "geometry": {"type": "Polygon", "coordinates": [[[15.6967163, -4.1492007, 0.0], [15.6967163, -4.1505704, 0.0], [15.6980896, -4.1505704, 0.0], [15.6980896, -4.1492007, 0.0], [15.6967163, -4.1492007, 0.0]]]}}, {"type": "Feature", "properties": {"id": 2079}, "geometry": {"type": "Polygon", "coordinates": [[[15.7077026, -4.1492007, 0.0], [15.7077026, -4.1505704, 0.0], [15.7090759, -4.1505704, 0.0], [15.7090759, -4.1492007, 0.0], [15.7077026, -4.1492007, 0.0]]]}}, {"type": "Feature", "properties": {"id": 2080}, "geometry": {"type": "Polygon", "coordinates": [[[15.7104492, -4.1492007, 0.0], [15.7104492, -4.1505704, 0.0], [15.7118225, -4.1505704, 0.0], [15.7118225, -4.1492007, 0.0], [15.7104492, -4.1492007, 0.0]]]}}, {"type": "Feature", "properties": {"id": 2081}, "geometry": {"type": "Polygon", "coordinates": [[[15.7392883, -4.1492007, 0.0], [15.7392883, -4.1505704, 0.0], [15.7406616, -4.1505704, 0.0], [15.7420349, -4.1505704, 0.0], [15.7420349, -4.1492007, 0.0], [15.7406616, -4.1492007, 0.0], [15.7392883, -4.1492007, 0.0]]]}}, {"type": "Feature", "properties": {"id": 2082}, "geometry": {"type": "Polygon", "coordinates": [[[15.5717468, -4.1492007, 0.0], [15.5717468, -4.1505704, 0.0], [15.5731201, -4.1505704, 0.0], [15.5731201, -4.1492007, 0.0], [15.5717468, -4.1492007, 0.0]]]}}, {"type": "Feature", "properties": {"id": 2083}, "geometry": {"type": "Polygon", "coordinates": [[[15.6019592, -4.1492007, 0.0], [15.6019592, -4.1505704, 0.0], [15.6033325, -4.1505704, 0.0], [15.6033325, -4.1492007, 0.0], [15.6019592, -4.1492007, 0.0]]]}}, {"type": "Feature", "properties": {"id": 2084}, "geometry": {"type": "Polygon", "coordinates": [[[15.5072021, -4.147831, 0.0], [15.5072021, -4.1492007, 0.0], [15.5085754, -4.1492007, 0.0], [15.5099487, -4.1492007, 0.0], [15.5099487, -4.147831, 0.0], [15.5099487, -4.1464613, 0.0], [15.5085754, -4.1464613, 0.0], [15.5085754, -4.147831, 0.0], [15.5072021, -4.147831, 0.0]]]}}, {"type": "Feature", "properties": {"id": 2085}, "geometry": {"type": "Polygon", "coordinates": [[[15.8821106, -4.147831, 0.0], [15.8821106, -4.1464613, 0.0], [15.8807373, -4.1464613, 0.0], [15.8807373, -4.147831, 0.0], [15.8807373, -4.1492007, 0.0], [15.8821106, -4.1492007, 0.0], [15.8821106, -4.147831, 0.0]]]}}, {"type": "Feature", "properties": {"id": 2086}, "geometry": {"type": "Polygon", "coordinates": [[[15.8628845, -4.147831, 0.0], [15.8628845, -4.1492007, 0.0], [15.8642578, -4.1492007, 0.0], [15.8642578, -4.147831, 0.0], [15.8628845, -4.147831, 0.0]]]}}, {"type": "Feature", "properties": {"id": 2087}, "geometry": {"type": "Polygon", "coordinates": [[[15.5964661, -4.147831, 0.0], [15.5964661, -4.1492007, 0.0], [15.5978394, -4.1492007, 0.0], [15.5992126, -4.1492007, 0.0], [15.6005859, -4.1492007, 0.0], [15.6019592, -4.1492007, 0.0], [15.6019592, -4.147831, 0.0], [15.6019592, -4.1464613, 0.0], [15.6005859, -4.1464613, 0.0], [15.6005859, -4.147831, 0.0], [15.5992126, -4.147831, 0.0], [15.5978394, -4.147831, 0.0], [15.5964661, -4.147831, 0.0]]]}}, {"type": "Feature", "properties": {"id": 2088}, "geometry": {"type": "Polygon", "coordinates": [[[15.7502747, -4.147831, 0.0], [15.7502747, -4.1492007, 0.0], [15.7516479, -4.1492007, 0.0], [15.7516479, -4.147831, 0.0], [15.7502747, -4.147831, 0.0]]]}}, {"type": "Feature", "properties": {"id": 2089}, "geometry": {"type": "Polygon", "coordinates": [[[15.7131958, -4.147831, 0.0], [15.7131958, -4.1492007, 0.0], [15.7145691, -4.1492007, 0.0], [15.7145691, -4.147831, 0.0], [15.7131958, -4.147831, 0.0]]]}}, {"type": "Feature", "properties": {"id": 2090}, "geometry": {"type": "Polygon", "coordinates": [[[15.8848572, -4.1464613, 0.0], [15.8848572, -4.147831, 0.0], [15.8862305, -4.147831, 0.0], [15.8876038, -4.147831, 0.0], [15.8889771, -4.147831, 0.0], [15.8903503, -4.147831, 0.0], [15.8903503, -4.1464613, 0.0], [15.8903503, -4.1450916, 0.0], [15.8903503, -4.1437219, 0.0], [15.8903503, -4.1423522, 0.0], [15.8903503, -4.1409825, 0.0], [15.8889771, -4.1409825, 0.0], [15.8889771, -4.1423522, 0.0], [15.8876038, -4.1423522, 0.0], [15.8876038, -4.1437219, 0.0], [15.8876038, -4.1450916, 0.0], [15.8862305, -4.1450916, 0.0], [15.8862305, -4.1464613, 0.0], [15.8848572, -4.1464613, 0.0]]]}}, {"type": "Feature", "properties": {"id": 2091}, "geometry": {"type": "Polygon", "coordinates": [[[15.8930969, -4.1464613, 0.0], [15.8930969, -4.147831, 0.0], [15.8944702, -4.147831, 0.0], [15.8944702, -4.1464613, 0.0], [15.8930969, -4.1464613, 0.0]]]}}, {"type": "Feature", "properties": {"id": 2092}, "geometry": {"type": "Polygon", "coordinates": [[[15.5044556, -4.1464613, 0.0], [15.5044556, -4.147831, 0.0], [15.5058289, -4.147831, 0.0], [15.5058289, -4.1464613, 0.0], [15.5044556, -4.1464613, 0.0]]]}}, {"type": "Feature", "properties": {"id": 2093}, "geometry": {"type": "Polygon", "coordinates": [[[15.8258057, -4.1464613, 0.0], [15.8258057, -4.147831, 0.0], [15.827179, -4.147831, 0.0], [15.827179, -4.1464613, 0.0], [15.8258057, -4.1464613, 0.0]]]}}, {"type": "Feature", "properties": {"id": 2094}, "geometry": {"type": "Polygon", "coordinates": [[[15.7585144, -4.1464613, 0.0], [15.7585144, -4.1450916, 0.0], [15.7571411, -4.1450916, 0.0], [15.7571411, -4.1464613, 0.0], [15.7571411, -4.147831, 0.0], [15.7585144, -4.147831, 0.0], [15.7585144, -4.1464613, 0.0]]]}}, {"type": "Feature", "properties": {"id": 2095}, "geometry": {"type": "Polygon", "coordinates": [[[15.5731201, -4.1464613, 0.0], [15.5731201, -4.1450916, 0.0], [15.5717468, -4.1450916, 0.0], [15.5703735, -4.1450916, 0.0], [15.5703735, -4.1464613, 0.0], [15.5690002, -4.1464613, 0.0], [15.5690002, -4.147831, 0.0], [15.5703735, -4.147831, 0.0], [15.5717468, -4.147831, 0.0], [15.5731201, -4.147831, 0.0], [15.5744934, -4.147831, 0.0], [15.5744934, -4.1464613, 0.0], [15.5731201, -4.1464613, 0.0]]]}}, {"type": "Feature", "properties": {"id": 2096}, "geometry": {"type": "Polygon", "coordinates": [[[15.6816101, -4.1450916, 0.0], [15.6816101, -4.1464613, 0.0], [15.6829834, -4.1464613, 0.0], [15.6829834, -4.1450916, 0.0], [15.6816101, -4.1450916, 0.0]]]}}, {"type": "Feature", "properties": {"id": 2097}, "geometry": {"type": "Polygon", "coordinates": [[[15.6019592, -4.1450916, 0.0], [15.6019592, -4.1464613, 0.0], [15.6033325, -4.1464613, 0.0], [15.6047058, -4.1464613, 0.0], [15.6060791, -4.1464613, 0.0], [15.6060791, -4.1450916, 0.0], [15.6047058, -4.1450916, 0.0], [15.6033325, -4.1450916, 0.0], [15.6019592, -4.1450916, 0.0]]]}}, {"type": "Feature", "properties": {"id": 2098}, "geometry": {"type": "Polygon", "coordinates": [[[15.5456543, -4.1450916, 0.0], [15.5456543, -4.1464613, 0.0], [15.5470276, -4.1464613, 0.0], [15.5470276, -4.1450916, 0.0], [15.5456543, -4.1450916, 0.0]]]}}, {"type": "Feature", "properties": {"id": 2099}, "geometry": {"type": "Polygon", "coordinates": [[[15.511322, -4.1450916, 0.0], [15.5099487, -4.1450916, 0.0], [15.5099487, -4.1464613, 0.0], [15.511322, -4.1464613, 0.0], [15.5126953, -4.1464613, 0.0], [15.5126953, -4.1450916, 0.0], [15.511322, -4.1450916, 0.0]]]}}, {"type": "Feature", "properties": {"id": 2100}, "geometry": {"type": "Polygon", "coordinates": [[[15.5429077, -4.1423522, 0.0], [15.5429077, -4.1437219, 0.0], [15.544281, -4.1437219, 0.0], [15.5456543, -4.1437219, 0.0], [15.5456543, -4.1423522, 0.0], [15.544281, -4.1423522, 0.0], [15.5429077, -4.1423522, 0.0]]]}}, {"type": "Feature", "properties": {"id": 2101}, "geometry": {"type": "Polygon", "coordinates": [[[15.5731201, -4.1437219, 0.0], [15.5731201, -4.1450916, 0.0], [15.5744934, -4.1450916, 0.0], [15.5744934, -4.1437219, 0.0], [15.5731201, -4.1437219, 0.0]]]}}, {"type": "Feature", "properties": {"id": 2102}, "geometry": {"type": "Polygon", "coordinates": [[[15.5511475, -4.1437219, 0.0], [15.5511475, -4.1450916, 0.0], [15.5525208, -4.1450916, 0.0], [15.5525208, -4.1437219, 0.0], [15.5511475, -4.1437219, 0.0]]]}}, {"type": "Feature", "properties": {"id": 2103}, "geometry": {"type": "Polygon", "coordinates": [[[15.5799866, -4.1437219, 0.0], [15.5799866, -4.1450916, 0.0], [15.5813599, -4.1450916, 0.0], [15.5813599, -4.1437219, 0.0], [15.5799866, -4.1437219, 0.0]]]}}, {"type": "Feature", "properties": {"id": 2104}, "geometry": {"type": "Polygon", "coordinates": [[[15.7598877, -4.1450916, 0.0], [15.7598877, -4.1464613, 0.0], [15.761261, -4.1464613, 0.0], [15.761261, -4.1450916, 0.0], [15.7598877, -4.1450916, 0.0]]]}}, {"type": "Feature", "properties": {"id": 2105}, "geometry": {"type": "Polygon", "coordinates": [[[15.7090759, -4.1450916, 0.0], [15.7090759, -4.1464613, 0.0], [15.7104492, -4.1464613, 0.0], [15.7104492, -4.1450916, 0.0], [15.7090759, -4.1450916, 0.0]]]}}, {"type": "Feature", "properties": {"id": 2106}, "geometry": {"type": "Polygon", "coordinates": [[[15.6843567, -4.1450916, 0.0], [15.6843567, -4.1464613, 0.0], [15.68573, -4.1464613, 0.0], [15.68573, -4.1450916, 0.0], [15.6843567, -4.1450916, 0.0]]]}}, {"type": "Feature", "properties": {"id": 2107}, "geometry": {"type": "Polygon", "coordinates": [[[15.7640076, -4.1437219, 0.0], [15.7640076, -4.1450916, 0.0], [15.7653809, -4.1450916, 0.0], [15.7653809, -4.1437219, 0.0], [15.7640076, -4.1437219, 0.0]]]}}, {"type": "Feature", "properties": {"id": 2108}, "geometry": {"type": "Polygon", "coordinates": [[[15.7530212, -4.1437219, 0.0], [15.7530212, -4.1450916, 0.0], [15.7543945, -4.1450916, 0.0], [15.7543945, -4.1437219, 0.0], [15.7530212, -4.1437219, 0.0]]]}}, {"type": "Feature", "properties": {"id": 2109}, "geometry": {"type": "Polygon", "coordinates": [[[15.6074524, -4.1437219, 0.0], [15.6074524, -4.1450916, 0.0], [15.6088257, -4.1450916, 0.0], [15.6088257, -4.1437219, 0.0], [15.6074524, -4.1437219, 0.0]]]}}, {"type": "Feature", "properties": {"id": 2110}, "geometry": {"type": "Polygon", "coordinates": [[[15.5882263, -4.1437219, 0.0], [15.5882263, -4.1423522, 0.0], [15.586853, -4.1423522, 0.0], [15.5854797, -4.1423522, 0.0], [15.5854797, -4.1437219, 0.0], [15.586853, -4.1437219, 0.0], [15.586853, -4.1450916, 0.0], [15.5882263, -4.1450916, 0.0], [15.5882263, -4.1437219, 0.0]]]}}, {"type": "Feature", "properties": {"id": 2111}, "geometry": {"type": "Polygon", "coordinates": [[[15.6967163, -4.1437219, 0.0], [15.6967163, -4.1450916, 0.0], [15.6980896, -4.1450916, 0.0], [15.6980896, -4.1437219, 0.0], [15.6967163, -4.1437219, 0.0]]]}}, {"type": "Feature", "properties": {"id": 2112}, "geometry": {"type": "Polygon", "coordinates": [[[15.7543945, -4.1423522, 0.0], [15.7543945, -4.1437219, 0.0], [15.7557678, -4.1437219, 0.0], [15.7571411, -4.1437219, 0.0], [15.7571411, -4.1423522, 0.0], [15.7557678, -4.1423522, 0.0], [15.7543945, -4.1423522, 0.0]]]}}, {"type": "Feature", "properties": {"id": 2113}, "geometry": {"type": "Polygon", "coordinates": [[[15.5387878, -4.1423522, 0.0], [15.5387878, -4.1409825, 0.0], [15.5374146, -4.1409825, 0.0], [15.5374146, -4.1423522, 0.0], [15.5374146, -4.1437219, 0.0], [15.5387878, -4.1437219, 0.0], [15.5401611, -4.1437219, 0.0], [15.5401611, -4.1423522, 0.0], [15.5387878, -4.1423522, 0.0]]]}}, {"type": "Feature", "properties": {"id": 2114}, "geometry": {"type": "Polygon", "coordinates": [[[15.6802368, -4.1423522, 0.0], [15.6802368, -4.1437219, 0.0], [15.6816101, -4.1437219, 0.0], [15.6816101, -4.1423522, 0.0], [15.6802368, -4.1423522, 0.0]]]}}, {"type": "Feature", "properties": {"id": 2115}, "geometry": {"type": "Polygon", "coordinates": [[[15.6761169, -4.1423522, 0.0], [15.6761169, -4.1409825, 0.0], [15.6747437, -4.1409825, 0.0], [15.6747437, -4.1423522, 0.0], [15.6747437, -4.1437219, 0.0], [15.6761169, -4.1437219, 0.0], [15.6761169, -4.1423522, 0.0]]]}}, {"type": "Feature", "properties": {"id": 2116}, "geometry": {"type": "Polygon", "coordinates": [[[15.6349182, -4.1423522, 0.0], [15.6349182, -4.1409825, 0.0], [15.6349182, -4.1396128, 0.0], [15.6349182, -4.1382431, 0.0], [15.6362915, -4.1382431, 0.0], [15.6362915, -4.1368734, 0.0], [15.6362915, -4.1355037, 0.0], [15.6349182, -4.1355037, 0.0], [15.6349182, -4.1341339, 0.0], [15.6335449, -4.1341339, 0.0], [15.6335449, -4.1355037, 0.0], [15.6335449, -4.1368734, 0.0], [15.6335449, -4.1382431, 0.0], [15.6335449, -4.1396128, 0.0], [15.6335449, -4.1409825, 0.0], [15.6335449, -4.1423522, 0.0], [15.6335449, -4.1437219, 0.0], [15.6349182, -4.1437219, 0.0], [15.6349182, -4.1423522, 0.0]]]}}, {"type": "Feature", "properties": {"id": 2117}, "geometry": {"type": "Polygon", "coordinates": [[[15.5209351, -4.1409825, 0.0], [15.5209351, -4.1396128, 0.0], [15.5223083, -4.1396128, 0.0], [15.5223083, -4.1382431, 0.0], [15.5223083, -4.1368734, 0.0], [15.5223083, -4.1355037, 0.0], [15.5209351, -4.1355037, 0.0], [15.5209351, -4.1368734, 0.0], [15.5209351, -4.1382431, 0.0], [15.5195618, -4.1382431, 0.0], [15.5195618, -4.1396128, 0.0], [15.5195618, -4.1409825, 0.0], [15.5181885, -4.1409825, 0.0], [15.5181885, -4.1423522, 0.0], [15.5195618, -4.1423522, 0.0], [15.5209351, -4.1423522, 0.0], [15.5209351, -4.1409825, 0.0]]]}}, {"type": "Feature", "properties": {"id": 2118}, "geometry": {"type": "Polygon", "coordinates": [[[15.5758667, -4.1423522, 0.0], [15.5758667, -4.1437219, 0.0], [15.57724, -4.1437219, 0.0], [15.57724, -4.1423522, 0.0], [15.5758667, -4.1423522, 0.0]]]}}, {"type": "Feature", "properties": {"id": 2119}, "geometry": {"type": "Polygon", "coordinates": [[[15.8340454, -4.1409825, 0.0], [15.8340454, -4.1423522, 0.0], [15.8354187, -4.1423522, 0.0], [15.8354187, -4.1409825, 0.0], [15.8340454, -4.1409825, 0.0]]]}}, {"type": "Feature", "properties": {"id": 2120}, "geometry": {"type": "Polygon", "coordinates": [[[15.8258057, -4.1409825, 0.0], [15.8258057, -4.1396128, 0.0], [15.8244324, -4.1396128, 0.0], [15.8244324, -4.1409825, 0.0], [15.8244324, -4.1423522, 0.0], [15.8258057, -4.1423522, 0.0], [15.8258057, -4.1409825, 0.0]]]}}, {"type": "Feature", "properties": {"id": 2121}, "geometry": {"type": "Polygon", "coordinates": [[[15.7159424, -4.1409825, 0.0], [15.7159424, -4.1423522, 0.0], [15.7173157, -4.1423522, 0.0], [15.7173157, -4.1409825, 0.0], [15.7159424, -4.1409825, 0.0]]]}}, {"type": "Feature", "properties": {"id": 2122}, "geometry": {"type": "Polygon", "coordinates": [[[15.695343, -4.1409825, 0.0], [15.695343, -4.1423522, 0.0], [15.6967163, -4.1423522, 0.0], [15.6967163, -4.1409825, 0.0], [15.695343, -4.1409825, 0.0]]]}}, {"type": "Feature", "properties": {"id": 2123}, "geometry": {"type": "Polygon", "coordinates": [[[15.7571411, -4.1396128, 0.0], [15.7571411, -4.1409825, 0.0], [15.7585144, -4.1409825, 0.0], [15.7585144, -4.1396128, 0.0], [15.7571411, -4.1396128, 0.0]]]}}, {"type": "Feature", "properties": {"id": 2124}, "geometry": {"type": "Polygon", "coordinates": [[[15.8903503, -4.1396128, 0.0], [15.8903503, -4.1409825, 0.0], [15.8917236, -4.1409825, 0.0], [15.8917236, -4.1396128, 0.0], [15.8903503, -4.1396128, 0.0]]]}}, {"type": "Feature", "properties": {"id": 2125}, "geometry": {"type": "Polygon", "coordinates": [[[15.8312988, -4.1396128, 0.0], [15.8299255, -4.1396128, 0.0], [15.8299255, -4.1409825, 0.0], [15.8312988, -4.1409825, 0.0], [15.8326721, -4.1409825, 0.0], [15.8326721, -4.1396128, 0.0], [15.8312988, -4.1396128, 0.0]]]}}, {"type": "Feature", "properties": {"id": 2126}, "geometry": {"type": "Polygon", "coordinates": [[[15.7818604, -4.1396128, 0.0], [15.7818604, -4.1409825, 0.0], [15.7832336, -4.1409825, 0.0], [15.7832336, -4.1396128, 0.0], [15.7818604, -4.1396128, 0.0]]]}}, {"type": "Feature", "properties": {"id": 2127}, "geometry": {"type": "Polygon", "coordinates": [[[15.6143188, -4.1396128, 0.0], [15.6143188, -4.1409825, 0.0], [15.6156921, -4.1409825, 0.0], [15.6170654, -4.1409825, 0.0], [15.6170654, -4.1396128, 0.0], [15.6184387, -4.1396128, 0.0], [15.6184387, -4.1382431, 0.0], [15.6170654, -4.1382431, 0.0], [15.6156921, -4.1382431, 0.0], [15.6156921, -4.1396128, 0.0], [15.6143188, -4.1396128, 0.0]]]}}, {"type": "Feature", "properties": {"id": 2128}, "geometry": {"type": "Polygon", "coordinates": [[[15.544281, -4.1396128, 0.0], [15.544281, -4.1409825, 0.0], [15.5456543, -4.1409825, 0.0], [15.5456543, -4.1396128, 0.0], [15.544281, -4.1396128, 0.0]]]}}, {"type": "Feature", "properties": {"id": 2129}, "geometry": {"type": "Polygon", "coordinates": [[[15.7104492, -4.1396128, 0.0], [15.7118225, -4.1396128, 0.0], [15.7131958, -4.1396128, 0.0], [15.7131958, -4.1382431, 0.0], [15.7131958, -4.1368734, 0.0], [15.7118225, -4.1368734, 0.0], [15.7118225, -4.1382431, 0.0], [15.7104492, -4.1382431, 0.0], [15.7090759, -4.1382431, 0.0], [15.7090759, -4.1396128, 0.0], [15.7090759, -4.1409825, 0.0], [15.7104492, -4.1409825, 0.0], [15.7104492, -4.1396128, 0.0]]]}}, {"type": "Feature", "properties": {"id": 2130}, "geometry": {"type": "Polygon", "coordinates": [[[15.5909729, -4.1396128, 0.0], [15.5909729, -4.1382431, 0.0], [15.5895996, -4.1382431, 0.0], [15.5895996, -4.1396128, 0.0], [15.5895996, -4.1409825, 0.0], [15.5909729, -4.1409825, 0.0], [15.5909729, -4.1396128, 0.0]]]}}, {"type": "Feature", "properties": {"id": 2131}, "geometry": {"type": "Polygon", "coordinates": [[[15.6980896, -4.1396128, 0.0], [15.6980896, -4.1409825, 0.0], [15.6994629, -4.1409825, 0.0], [15.6994629, -4.1396128, 0.0], [15.6980896, -4.1396128, 0.0]]]}}, {"type": "Feature", "properties": {"id": 2132}, "geometry": {"type": "Polygon", "coordinates": [[[15.5827332, -4.1396128, 0.0], [15.5827332, -4.1382431, 0.0], [15.5841064, -4.1382431, 0.0], [15.5841064, -4.1368734, 0.0], [15.5841064, -4.1355037, 0.0], [15.5827332, -4.1355037, 0.0], [15.5827332, -4.1368734, 0.0], [15.5813599, -4.1368734, 0.0], [15.5799866, -4.1368734, 0.0], [15.5799866, -4.1382431, 0.0], [15.5799866, -4.1396128, 0.0], [15.5799866, -4.1409825, 0.0], [15.5813599, -4.1409825, 0.0], [15.5827332, -4.1409825, 0.0], [15.5827332, -4.1396128, 0.0]]]}}, {"type": "Feature", "properties": {"id": 2133}, "geometry": {"type": "Polygon", "coordinates": [[[15.6912231, -4.1396128, 0.0], [15.6912231, -4.1409825, 0.0], [15.6925964, -4.1409825, 0.0], [15.6925964, -4.1396128, 0.0], [15.6912231, -4.1396128, 0.0]]]}}, {"type": "Feature", "properties": {"id": 2134}, "geometry": {"type": "Polygon", "coordinates": [[[15.6733704, -4.1396128, 0.0], [15.6733704, -4.1409825, 0.0], [15.6747437, -4.1409825, 0.0], [15.6747437, -4.1396128, 0.0], [15.6733704, -4.1396128, 0.0]]]}}, {"type": "Feature", "properties": {"id": 2135}, "geometry": {"type": "Polygon", "coordinates": [[[15.5744934, -4.1382431, 0.0], [15.5744934, -4.1396128, 0.0], [15.5758667, -4.1396128, 0.0], [15.5758667, -4.1382431, 0.0], [15.5744934, -4.1382431, 0.0]]]}}, {"type": "Feature", "properties": {"id": 2136}, "geometry": {"type": "Polygon", "coordinates": [[[15.6005859, -4.1382431, 0.0], [15.6005859, -4.1396128, 0.0], [15.6019592, -4.1396128, 0.0], [15.6019592, -4.1382431, 0.0], [15.6005859, -4.1382431, 0.0]]]}}, {"type": "Feature", "properties": {"id": 2137}, "geometry": {"type": "Polygon", "coordinates": [[[15.5168152, -4.1382431, 0.0], [15.5168152, -4.1368734, 0.0], [15.5154419, -4.1368734, 0.0], [15.5154419, -4.1382431, 0.0], [15.5154419, -4.1396128, 0.0], [15.5168152, -4.1396128, 0.0], [15.5168152, -4.1382431, 0.0]]]}}, {"type": "Feature", "properties": {"id": 2138}, "geometry": {"type": "Polygon", "coordinates": [[[15.6774902, -4.1382431, 0.0], [15.6774902, -4.1368734, 0.0], [15.6761169, -4.1368734, 0.0], [15.6761169, -4.1382431, 0.0], [15.6747437, -4.1382431, 0.0], [15.6747437, -4.1396128, 0.0], [15.6761169, -4.1396128, 0.0], [15.6774902, -4.1396128, 0.0], [15.6774902, -4.1382431, 0.0]]]}}, {"type": "Feature", "properties": {"id": 2139}, "geometry": {"type": "Polygon", "coordinates": [[[15.7777405, -4.1382431, 0.0], [15.7777405, -4.1396128, 0.0], [15.7791138, -4.1396128, 0.0], [15.7791138, -4.1382431, 0.0], [15.7777405, -4.1382431, 0.0]]]}}, {"type": "Feature", "properties": {"id": 2140}, "geometry": {"type": "Polygon", "coordinates": [[[15.6939697, -4.1382431, 0.0], [15.6939697, -4.1396128, 0.0], [15.695343, -4.1396128, 0.0], [15.695343, -4.1382431, 0.0], [15.6939697, -4.1382431, 0.0]]]}}, {"type": "Feature", "properties": {"id": 2141}, "geometry": {"type": "Polygon", "coordinates": [[[15.8422852, -4.1382431, 0.0], [15.8422852, -4.1396128, 0.0], [15.8436584, -4.1396128, 0.0], [15.8436584, -4.1382431, 0.0], [15.8422852, -4.1382431, 0.0]]]}}, {"type": "Feature", "properties": {"id": 2142}, "geometry": {"type": "Polygon", "coordinates": [[[15.5525208, -4.1368734, 0.0], [15.5511475, -4.1368734, 0.0], [15.5511475, -4.1382431, 0.0], [15.5525208, -4.1382431, 0.0], [15.553894, -4.1382431, 0.0], [15.553894, -4.1368734, 0.0], [15.5525208, -4.1368734, 0.0]]]}}, {"type": "Feature", "properties": {"id": 2143}, "geometry": {"type": "Polygon", "coordinates": [[[15.6019592, -4.1368734, 0.0], [15.6019592, -4.1382431, 0.0], [15.6033325, -4.1382431, 0.0], [15.6033325, -4.1368734, 0.0], [15.6019592, -4.1368734, 0.0]]]}}, {"type": "Feature", "properties": {"id": 2144}, "geometry": {"type": "Polygon", "coordinates": [[[15.7832336, -4.1368734, 0.0], [15.7832336, -4.1382431, 0.0], [15.7846069, -4.1382431, 0.0], [15.7846069, -4.1368734, 0.0], [15.7832336, -4.1368734, 0.0]]]}}, {"type": "Feature", "properties": {"id": 2145}, "geometry": {"type": "Polygon", "coordinates": [[[15.695343, -4.1368734, 0.0], [15.695343, -4.1382431, 0.0], [15.6967163, -4.1382431, 0.0], [15.6967163, -4.1368734, 0.0], [15.695343, -4.1368734, 0.0]]]}}, {"type": "Feature", "properties": {"id": 2146}, "geometry": {"type": "Polygon", "coordinates": [[[15.6898499, -4.1355037, 0.0], [15.6898499, -4.1368734, 0.0], [15.6912231, -4.1368734, 0.0], [15.6912231, -4.1355037, 0.0], [15.6898499, -4.1355037, 0.0]]]}}, {"type": "Feature", "properties": {"id": 2147}, "geometry": {"type": "Polygon", "coordinates": [[[15.5168152, -4.1355037, 0.0], [15.5168152, -4.1368734, 0.0], [15.5181885, -4.1368734, 0.0], [15.5181885, -4.1355037, 0.0], [15.5168152, -4.1355037, 0.0]]]}}, {"type": "Feature", "properties": {"id": 2148}, "geometry": {"type": "Polygon", "coordinates": [[[15.5387878, -4.1355037, 0.0], [15.5387878, -4.1368734, 0.0], [15.5401611, -4.1368734, 0.0], [15.5401611, -4.1355037, 0.0], [15.5387878, -4.1355037, 0.0]]]}}, {"type": "Feature", "properties": {"id": 2149}, "geometry": {"type": "Polygon", "coordinates": [[[15.5758667, -4.1355037, 0.0], [15.5758667, -4.1368734, 0.0], [15.57724, -4.1368734, 0.0], [15.57724, -4.1355037, 0.0], [15.5758667, -4.1355037, 0.0]]]}}, {"type": "Feature", "properties": {"id": 2150}, "geometry": {"type": "Polygon", "coordinates": [[[15.5909729, -4.1341339, 0.0], [15.5895996, -4.1341339, 0.0], [15.5895996, -4.1355037, 0.0], [15.5909729, -4.1355037, 0.0], [15.5923462, -4.1355037, 0.0], [15.5923462, -4.1341339, 0.0], [15.5909729, -4.1341339, 0.0]]]}}, {"type": "Feature", "properties": {"id": 2151}, "geometry": {"type": "Polygon", "coordinates": [[[15.5552673, -4.1341339, 0.0], [15.5566406, -4.1341339, 0.0], [15.5566406, -4.1327642, 0.0], [15.5552673, -4.1327642, 0.0], [15.553894, -4.1327642, 0.0], [15.553894, -4.1341339, 0.0], [15.553894, -4.1355037, 0.0], [15.5552673, -4.1355037, 0.0], [15.5552673, -4.1341339, 0.0]]]}}, {"type": "Feature", "properties": {"id": 2152}, "geometry": {"type": "Polygon", "coordinates": [[[15.8972168, -4.1327642, 0.0], [15.8972168, -4.1341339, 0.0], [15.8985901, -4.1341339, 0.0], [15.8985901, -4.1327642, 0.0], [15.8972168, -4.1327642, 0.0]]]}}, {"type": "Feature", "properties": {"id": 2153}, "geometry": {"type": "Polygon", "coordinates": [[[15.8944702, -4.1327642, 0.0], [15.8944702, -4.1341339, 0.0], [15.8958435, -4.1341339, 0.0], [15.8958435, -4.1327642, 0.0], [15.8944702, -4.1327642, 0.0]]]}}, {"type": "Feature", "properties": {"id": 2154}, "geometry": {"type": "Polygon", "coordinates": [[[15.6088257, -4.1355037, 0.0], [15.6088257, -4.1368734, 0.0], [15.610199, -4.1368734, 0.0], [15.610199, -4.1355037, 0.0], [15.6088257, -4.1355037, 0.0]]]}}, {"type": "Feature", "properties": {"id": 2155}, "geometry": {"type": "Polygon", "coordinates": [[[15.8299255, -4.1341339, 0.0], [15.8299255, -4.1355037, 0.0], [15.8312988, -4.1355037, 0.0], [15.8312988, -4.1341339, 0.0], [15.8299255, -4.1341339, 0.0]]]}}, {"type": "Feature", "properties": {"id": 2156}, "geometry": {"type": "Polygon", "coordinates": [[[15.7818604, -4.1341339, 0.0], [15.7818604, -4.1355037, 0.0], [15.7832336, -4.1355037, 0.0], [15.7832336, -4.1341339, 0.0], [15.7818604, -4.1341339, 0.0]]]}}, {"type": "Feature", "properties": {"id": 2157}, "geometry": {"type": "Polygon", "coordinates": [[[15.6747437, -4.1341339, 0.0], [15.6747437, -4.1327642, 0.0], [15.6733704, -4.1327642, 0.0], [15.6733704, -4.1341339, 0.0], [15.6733704, -4.1355037, 0.0], [15.6747437, -4.1355037, 0.0], [15.6747437, -4.1341339, 0.0]]]}}, {"type": "Feature", "properties": {"id": 2158}, "geometry": {"type": "Polygon", "coordinates": [[[15.7626343, -4.1341339, 0.0], [15.7626343, -4.1355037, 0.0], [15.7640076, -4.1355037, 0.0], [15.7640076, -4.1341339, 0.0], [15.7626343, -4.1341339, 0.0]]]}}, {"type": "Feature", "properties": {"id": 2159}, "geometry": {"type": "Polygon", "coordinates": [[[15.7873535, -4.1341339, 0.0], [15.7873535, -4.1355037, 0.0], [15.7887268, -4.1355037, 0.0], [15.7887268, -4.1341339, 0.0], [15.7873535, -4.1341339, 0.0]]]}}, {"type": "Feature", "properties": {"id": 2160}, "geometry": {"type": "Polygon", "coordinates": [[[15.7516479, -4.1341339, 0.0], [15.7516479, -4.1355037, 0.0], [15.7530212, -4.1355037, 0.0], [15.7530212, -4.1341339, 0.0], [15.7516479, -4.1341339, 0.0]]]}}, {"type": "Feature", "properties": {"id": 2161}, "geometry": {"type": "Polygon", "coordinates": [[[15.6211853, -4.1327642, 0.0], [15.6211853, -4.1341339, 0.0], [15.6225586, -4.1341339, 0.0], [15.6225586, -4.1327642, 0.0], [15.6211853, -4.1327642, 0.0]]]}}, {"type": "Feature", "properties": {"id": 2162}, "geometry": {"type": "Polygon", "coordinates": [[[15.5223083, -4.1327642, 0.0], [15.5223083, -4.1341339, 0.0], [15.5236816, -4.1341339, 0.0], [15.5236816, -4.1327642, 0.0], [15.5223083, -4.1327642, 0.0]]]}}, {"type": "Feature", "properties": {"id": 2163}, "geometry": {"type": "Polygon", "coordinates": [[[15.5360413, -4.1327642, 0.0], [15.5360413, -4.1313945, 0.0], [15.534668, -4.1313945, 0.0], [15.5332947, -4.1313945, 0.0], [15.5332947, -4.1327642, 0.0], [15.5332947, -4.1341339, 0.0], [15.534668, -4.1341339, 0.0], [15.5360413, -4.1341339, 0.0], [15.5360413, -4.1327642, 0.0]]]}}, {"type": "Feature", "properties": {"id": 2164}, "geometry": {"type": "Polygon", "coordinates": [[[15.6005859, -4.1327642, 0.0], [15.6005859, -4.1341339, 0.0], [15.6019592, -4.1341339, 0.0], [15.6019592, -4.1327642, 0.0], [15.6005859, -4.1327642, 0.0]]]}}, {"type": "Feature", "properties": {"id": 2165}, "geometry": {"type": "Polygon", "coordinates": [[[15.6019592, -4.1313945, 0.0], [15.6019592, -4.1327642, 0.0], [15.6033325, -4.1327642, 0.0], [15.6033325, -4.1313945, 0.0], [15.6019592, -4.1313945, 0.0]]]}}, {"type": "Feature", "properties": {"id": 2166}, "geometry": {"type": "Polygon", "coordinates": [[[15.6884766, -4.1313945, 0.0], [15.6884766, -4.1327642, 0.0], [15.6898499, -4.1327642, 0.0], [15.6898499, -4.1313945, 0.0], [15.6884766, -4.1313945, 0.0]]]}}, {"type": "Feature", "properties": {"id": 2167}, "geometry": {"type": "Polygon", "coordinates": [[[15.5703735, -4.1300248, 0.0], [15.5690002, -4.1300248, 0.0], [15.5690002, -4.1313945, 0.0], [15.5703735, -4.1313945, 0.0], [15.5717468, -4.1313945, 0.0], [15.5717468, -4.1300248, 0.0], [15.5703735, -4.1300248, 0.0]]]}}, {"type": "Feature", "properties": {"id": 2168}, "geometry": {"type": "Polygon", "coordinates": [[[15.8999634, -4.1300248, 0.0], [15.8999634, -4.1313945, 0.0], [15.9013367, -4.1313945, 0.0], [15.9013367, -4.1300248, 0.0], [15.8999634, -4.1300248, 0.0]]]}}, {"type": "Feature", "properties": {"id": 2169}, "geometry": {"type": "Polygon", "coordinates": [[[15.7392883, -4.1300248, 0.0], [15.7392883, -4.1313945, 0.0], [15.7406616, -4.1313945, 0.0], [15.7406616, -4.1300248, 0.0], [15.7392883, -4.1300248, 0.0]]]}}, {"type": "Feature", "properties": {"id": 2170}, "geometry": {"type": "Polygon", "coordinates": [[[15.8340454, -4.1300248, 0.0], [15.8340454, -4.1313945, 0.0], [15.8354187, -4.1313945, 0.0], [15.8354187, -4.1300248, 0.0], [15.8340454, -4.1300248, 0.0]]]}}, {"type": "Feature", "properties": {"id": 2171}, "geometry": {"type": "Polygon", "coordinates": [[[15.7516479, -4.1300248, 0.0], [15.7516479, -4.1313945, 0.0], [15.7530212, -4.1313945, 0.0], [15.7530212, -4.1300248, 0.0], [15.7516479, -4.1300248, 0.0]]]}}, {"type": "Feature", "properties": {"id": 2172}, "geometry": {"type": "Polygon", "coordinates": [[[15.5360413, -4.1300248, 0.0], [15.5360413, -4.1313945, 0.0], [15.5374146, -4.1313945, 0.0], [15.5374146, -4.1300248, 0.0], [15.5360413, -4.1300248, 0.0]]]}}, {"type": "Feature", "properties": {"id": 2173}, "geometry": {"type": "Polygon", "coordinates": [[[15.553894, -4.1300248, 0.0], [15.553894, -4.1313945, 0.0], [15.5552673, -4.1313945, 0.0], [15.5552673, -4.1300248, 0.0], [15.553894, -4.1300248, 0.0]]]}}, {"type": "Feature", "properties": {"id": 2174}, "geometry": {"type": "Polygon", "coordinates": [[[15.7131958, -4.1300248, 0.0], [15.7131958, -4.1313945, 0.0], [15.7145691, -4.1313945, 0.0], [15.7145691, -4.1300248, 0.0], [15.7131958, -4.1300248, 0.0]]]}}, {"type": "Feature", "properties": {"id": 2175}, "geometry": {"type": "Polygon", "coordinates": [[[15.6362915, -4.1245459, 0.0], [15.6376648, -4.1245459, 0.0], [15.6376648, -4.1231761, 0.0], [15.6362915, -4.1231761, 0.0], [15.6349182, -4.1231761, 0.0], [15.6349182, -4.1245459, 0.0], [15.6349182, -4.1259156, 0.0], [15.6362915, -4.1259156, 0.0], [15.6362915, -4.1245459, 0.0]]]}}, {"type": "Feature", "properties": {"id": 2176}, "geometry": {"type": "Polygon", "coordinates": [[[15.8738708, -4.1245459, 0.0], [15.8738708, -4.1231761, 0.0], [15.8724976, -4.1231761, 0.0], [15.8724976, -4.1245459, 0.0], [15.8724976, -4.1259156, 0.0], [15.8738708, -4.1259156, 0.0], [15.8738708, -4.1245459, 0.0]]]}}, {"type": "Feature", "properties": {"id": 2177}, "geometry": {"type": "Polygon", "coordinates": [[[15.7406616, -4.1245459, 0.0], [15.7406616, -4.1231761, 0.0], [15.7392883, -4.1231761, 0.0], [15.737915, -4.1231761, 0.0], [15.737915, -4.1245459, 0.0], [15.737915, -4.1259156, 0.0], [15.7392883, -4.1259156, 0.0], [15.7406616, -4.1259156, 0.0], [15.7406616, -4.1245459, 0.0]]]}}, {"type": "Feature", "properties": {"id": 2178}, "geometry": {"type": "Polygon", "coordinates": [[[15.6184387, -4.1245459, 0.0], [15.6184387, -4.1259156, 0.0], [15.619812, -4.1259156, 0.0], [15.619812, -4.1245459, 0.0], [15.6184387, -4.1245459, 0.0]]]}}, {"type": "Feature", "properties": {"id": 2179}, "geometry": {"type": "Polygon", "coordinates": [[[15.6788635, -4.1245459, 0.0], [15.6788635, -4.1259156, 0.0], [15.6802368, -4.1259156, 0.0], [15.6802368, -4.1245459, 0.0], [15.6788635, -4.1245459, 0.0]]]}}, {"type": "Feature", "properties": {"id": 2180}, "geometry": {"type": "Polygon", "coordinates": [[[15.6829834, -4.1245459, 0.0], [15.6829834, -4.1259156, 0.0], [15.6843567, -4.1259156, 0.0], [15.6843567, -4.1245459, 0.0], [15.6829834, -4.1245459, 0.0]]]}}, {"type": "Feature", "properties": {"id": 2181}, "geometry": {"type": "Polygon", "coordinates": [[[15.6871033, -4.1245459, 0.0], [15.6871033, -4.1231761, 0.0], [15.68573, -4.1231761, 0.0], [15.68573, -4.1245459, 0.0], [15.68573, -4.1259156, 0.0], [15.6871033, -4.1259156, 0.0], [15.6871033, -4.1245459, 0.0]]]}}, {"type": "Feature", "properties": {"id": 2182}, "geometry": {"type": "Polygon", "coordinates": [[[15.6925964, -4.1245459, 0.0], [15.6925964, -4.1259156, 0.0], [15.6939697, -4.1259156, 0.0], [15.6939697, -4.1245459, 0.0], [15.6925964, -4.1245459, 0.0]]]}}, {"type": "Feature", "properties": {"id": 2183}, "geometry": {"type": "Polygon", "coordinates": [[[15.6884766, -4.1245459, 0.0], [15.6884766, -4.1259156, 0.0], [15.6898499, -4.1259156, 0.0], [15.6898499, -4.1245459, 0.0], [15.6884766, -4.1245459, 0.0]]]}}, {"type": "Feature", "properties": {"id": 2184}, "geometry": {"type": "Polygon", "coordinates": [[[15.8409119, -4.1245459, 0.0], [15.8409119, -4.1259156, 0.0], [15.8422852, -4.1259156, 0.0], [15.8422852, -4.1245459, 0.0], [15.8409119, -4.1245459, 0.0]]]}}, {"type": "Feature", "properties": {"id": 2185}, "geometry": {"type": "Polygon", "coordinates": [[[15.7516479, -4.1231761, 0.0], [15.7516479, -4.1218064, 0.0], [15.7516479, -4.1204366, 0.0], [15.7502747, -4.1204366, 0.0], [15.7502747, -4.1218064, 0.0], [15.7502747, -4.1231761, 0.0], [15.7502747, -4.1245459, 0.0], [15.7516479, -4.1245459, 0.0], [15.7530212, -4.1245459, 0.0], [15.7530212, -4.1231761, 0.0], [15.7516479, -4.1231761, 0.0]]]}}, {"type": "Feature", "properties": {"id": 2186}, "geometry": {"type": "Polygon", "coordinates": [[[15.6307983, -4.1231761, 0.0], [15.6307983, -4.1218064, 0.0], [15.629425, -4.1218064, 0.0], [15.629425, -4.1231761, 0.0], [15.629425, -4.1245459, 0.0], [15.6307983, -4.1245459, 0.0], [15.6307983, -4.1231761, 0.0]]]}}, {"type": "Feature", "properties": {"id": 2187}, "geometry": {"type": "Polygon", "coordinates": [[[15.6733704, -4.1245459, 0.0], [15.6747437, -4.1245459, 0.0], [15.6747437, -4.1231761, 0.0], [15.6747437, -4.1218064, 0.0], [15.6747437, -4.1204366, 0.0], [15.6733704, -4.1204366, 0.0], [15.6733704, -4.1190669, 0.0], [15.6719971, -4.1190669, 0.0], [15.6719971, -4.1204366, 0.0], [15.6719971, -4.1218064, 0.0], [15.6719971, -4.1231761, 0.0], [15.6719971, -4.1245459, 0.0], [15.6733704, -4.1245459, 0.0]]]}}, {"type": "Feature", "properties": {"id": 2188}, "geometry": {"type": "Polygon", "coordinates": [[[15.8889771, -4.1231761, 0.0], [15.8889771, -4.1245459, 0.0], [15.8903503, -4.1245459, 0.0], [15.8903503, -4.1231761, 0.0], [15.8889771, -4.1231761, 0.0]]]}}, {"type": "Feature", "properties": {"id": 2189}, "geometry": {"type": "Polygon", "coordinates": [[[15.8079529, -4.1231761, 0.0], [15.8079529, -4.1245459, 0.0], [15.8093262, -4.1245459, 0.0], [15.8093262, -4.1231761, 0.0], [15.8079529, -4.1231761, 0.0]]]}}, {"type": "Feature", "properties": {"id": 2190}, "geometry": {"type": "Polygon", "coordinates": [[[15.8738708, -4.1218064, 0.0], [15.8738708, -4.1231761, 0.0], [15.8752441, -4.1231761, 0.0], [15.8752441, -4.1218064, 0.0], [15.8738708, -4.1218064, 0.0]]]}}, {"type": "Feature", "properties": {"id": 2191}, "geometry": {"type": "Polygon", "coordinates": [[[15.7310486, -4.1231761, 0.0], [15.7310486, -4.1245459, 0.0], [15.7324219, -4.1245459, 0.0], [15.7324219, -4.1231761, 0.0], [15.7310486, -4.1231761, 0.0]]]}}, {"type": "Feature", "properties": {"id": 2192}, "geometry": {"type": "Polygon", "coordinates": [[[15.770874, -4.1218064, 0.0], [15.7722473, -4.1218064, 0.0], [15.7722473, -4.1204366, 0.0], [15.770874, -4.1204366, 0.0], [15.7695007, -4.1204366, 0.0], [15.7695007, -4.1218064, 0.0], [15.7695007, -4.1231761, 0.0], [15.770874, -4.1231761, 0.0], [15.770874, -4.1218064, 0.0]]]}}, {"type": "Feature", "properties": {"id": 2193}, "geometry": {"type": "Polygon", "coordinates": [[[15.534668, -4.1218064, 0.0], [15.534668, -4.1204366, 0.0], [15.5332947, -4.1204366, 0.0], [15.5332947, -4.1218064, 0.0], [15.5332947, -4.1231761, 0.0], [15.534668, -4.1231761, 0.0], [15.534668, -4.1218064, 0.0]]]}}, {"type": "Feature", "properties": {"id": 2194}, "geometry": {"type": "Polygon", "coordinates": [[[15.5566406, -4.1218064, 0.0], [15.5566406, -4.1204366, 0.0], [15.5580139, -4.1204366, 0.0], [15.5580139, -4.1190669, 0.0], [15.5580139, -4.1176972, 0.0], [15.5580139, -4.1163274, 0.0], [15.5566406, -4.1163274, 0.0], [15.5552673, -4.1163274, 0.0], [15.5552673, -4.1176972, 0.0], [15.5552673, -4.1190669, 0.0], [15.5552673, -4.1204366, 0.0], [15.5552673, -4.1218064, 0.0], [15.5552673, -4.1231761, 0.0], [15.5566406, -4.1231761, 0.0], [15.5566406, -4.1218064, 0.0]]]}}, {"type": "Feature", "properties": {"id": 2195}, "geometry": {"type": "Polygon", "coordinates": [[[15.6047058, -4.1218064, 0.0], [15.6047058, -4.1231761, 0.0], [15.6060791, -4.1231761, 0.0], [15.6060791, -4.1218064, 0.0], [15.6047058, -4.1218064, 0.0]]]}}, {"type": "Feature", "properties": {"id": 2196}, "geometry": {"type": "Polygon", "coordinates": [[[15.8711243, -4.1204366, 0.0], [15.8711243, -4.1190669, 0.0], [15.869751, -4.1190669, 0.0], [15.869751, -4.1204366, 0.0], [15.869751, -4.1218064, 0.0], [15.8711243, -4.1218064, 0.0], [15.8711243, -4.1204366, 0.0]]]}}, {"type": "Feature", "properties": {"id": 2197}, "geometry": {"type": "Polygon", "coordinates": [[[15.7392883, -4.1204366, 0.0], [15.7392883, -4.1218064, 0.0], [15.7406616, -4.1218064, 0.0], [15.7406616, -4.1204366, 0.0], [15.7392883, -4.1204366, 0.0]]]}}, {"type": "Feature", "properties": {"id": 2198}, "geometry": {"type": "Polygon", "coordinates": [[[15.8999634, -4.1204366, 0.0], [15.8999634, -4.1218064, 0.0], [15.9013367, -4.1218064, 0.0], [15.9013367, -4.1204366, 0.0], [15.8999634, -4.1204366, 0.0]]]}}, {"type": "Feature", "properties": {"id": 2199}, "geometry": {"type": "Polygon", "coordinates": [[[15.6939697, -4.1190669, 0.0], [15.6939697, -4.1176972, 0.0], [15.6925964, -4.1176972, 0.0], [15.6925964, -4.1190669, 0.0], [15.6912231, -4.1190669, 0.0], [15.6912231, -4.1204366, 0.0], [15.6925964, -4.1204366, 0.0], [15.6939697, -4.1204366, 0.0], [15.6939697, -4.1190669, 0.0]]]}}, {"type": "Feature", "properties": {"id": 2200}, "geometry": {"type": "Polygon", "coordinates": [[[15.6266785, -4.1190669, 0.0], [15.6266785, -4.1204366, 0.0], [15.6280518, -4.1204366, 0.0], [15.6280518, -4.1190669, 0.0], [15.6266785, -4.1190669, 0.0]]]}}, {"type": "Feature", "properties": {"id": 2201}, "geometry": {"type": "Polygon", "coordinates": [[[15.9013367, -4.1190669, 0.0], [15.9013367, -4.1204366, 0.0], [15.90271, -4.1204366, 0.0], [15.90271, -4.1190669, 0.0], [15.9013367, -4.1190669, 0.0]]]}}, {"type": "Feature", "properties": {"id": 2202}, "geometry": {"type": "Polygon", "coordinates": [[[15.7585144, -4.1190669, 0.0], [15.7585144, -4.1176972, 0.0], [15.7571411, -4.1176972, 0.0], [15.7571411, -4.1190669, 0.0], [15.7571411, -4.1204366, 0.0], [15.7585144, -4.1204366, 0.0], [15.7585144, -4.1190669, 0.0]]]}}, {"type": "Feature", "properties": {"id": 2203}, "geometry": {"type": "Polygon", "coordinates": [[[15.534668, -4.1176972, 0.0], [15.534668, -4.1190669, 0.0], [15.5360413, -4.1190669, 0.0], [15.5360413, -4.1176972, 0.0], [15.534668, -4.1176972, 0.0]]]}}, {"type": "Feature", "properties": {"id": 2204}, "geometry": {"type": "Polygon", "coordinates": [[[15.718689, -4.1190669, 0.0], [15.718689, -4.1176972, 0.0], [15.718689, -4.1163274, 0.0], [15.7173157, -4.1163274, 0.0], [15.7173157, -4.1176972, 0.0], [15.7173157, -4.1190669, 0.0], [15.7173157, -4.1204366, 0.0], [15.718689, -4.1204366, 0.0], [15.718689, -4.1190669, 0.0]]]}}, {"type": "Feature", "properties": {"id": 2205}, "geometry": {"type": "Polygon", "coordinates": [[[15.8518982, -4.1327642, 0.0], [15.8532715, -4.1327642, 0.0], [15.8532715, -4.1313945, 0.0], [15.8532715, -4.1300248, 0.0], [15.8532715, -4.1286551, 0.0], [15.8518982, -4.1286551, 0.0], [15.8505249, -4.1286551, 0.0], [15.8505249, -4.1300248, 0.0], [15.8505249, -4.1313945, 0.0], [15.8491516, -4.1313945, 0.0], [15.8477783, -4.1313945, 0.0], [15.8477783, -4.1327642, 0.0], [15.8491516, -4.1327642, 0.0], [15.8491516, -4.1341339, 0.0], [15.8505249, -4.1341339, 0.0], [15.8518982, -4.1341339, 0.0], [15.8518982, -4.1327642, 0.0]]]}}, {"type": "Feature", "properties": {"id": 2206}, "geometry": {"type": "Polygon", "coordinates": [[[15.8010864, -4.1286551, 0.0], [15.8010864, -4.1300248, 0.0], [15.8024597, -4.1300248, 0.0], [15.8024597, -4.1286551, 0.0], [15.8010864, -4.1286551, 0.0]]]}}, {"type": "Feature", "properties": {"id": 2207}, "geometry": {"type": "Polygon", "coordinates": [[[15.6184387, -4.1272853, 0.0], [15.6184387, -4.1286551, 0.0], [15.619812, -4.1286551, 0.0], [15.619812, -4.1272853, 0.0], [15.6184387, -4.1272853, 0.0]]]}}, {"type": "Feature", "properties": {"id": 2208}, "geometry": {"type": "Polygon", "coordinates": [[[15.8766174, -4.1259156, 0.0], [15.8766174, -4.1272853, 0.0], [15.8779907, -4.1272853, 0.0], [15.879364, -4.1272853, 0.0], [15.879364, -4.1259156, 0.0], [15.879364, -4.1245459, 0.0], [15.8779907, -4.1245459, 0.0], [15.8779907, -4.1259156, 0.0], [15.8766174, -4.1259156, 0.0]]]}}, {"type": "Feature", "properties": {"id": 2209}, "geometry": {"type": "Polygon", "coordinates": [[[15.5552673, -4.1259156, 0.0], [15.5552673, -4.1272853, 0.0], [15.5566406, -4.1272853, 0.0], [15.5566406, -4.1259156, 0.0], [15.5552673, -4.1259156, 0.0]]]}}, {"type": "Feature", "properties": {"id": 2210}, "geometry": {"type": "Polygon", "coordinates": [[[15.8848572, -4.1259156, 0.0], [15.8848572, -4.1245459, 0.0], [15.8834839, -4.1245459, 0.0], [15.8834839, -4.1259156, 0.0], [15.8834839, -4.1272853, 0.0], [15.8848572, -4.1272853, 0.0], [15.8848572, -4.1259156, 0.0]]]}}, {"type": "Feature", "properties": {"id": 2211}, "geometry": {"type": "Polygon", "coordinates": [[[15.7337952, -4.1272853, 0.0], [15.7351685, -4.1272853, 0.0], [15.7351685, -4.1259156, 0.0], [15.7337952, -4.1259156, 0.0], [15.7324219, -4.1259156, 0.0], [15.7324219, -4.1272853, 0.0], [15.7324219, -4.1286551, 0.0], [15.7337952, -4.1286551, 0.0], [15.7337952, -4.1272853, 0.0]]]}}, {"type": "Feature", "properties": {"id": 2212}, "geometry": {"type": "Polygon", "coordinates": [[[15.6129456, -4.1272853, 0.0], [15.6129456, -4.1286551, 0.0], [15.6143188, -4.1286551, 0.0], [15.6143188, -4.1272853, 0.0], [15.6129456, -4.1272853, 0.0]]]}}, {"type": "Feature", "properties": {"id": 2213}, "geometry": {"type": "Polygon", "coordinates": [[[15.7667542, -4.1272853, 0.0], [15.7667542, -4.1259156, 0.0], [15.7681274, -4.1259156, 0.0], [15.7681274, -4.1272853, 0.0], [15.7695007, -4.1272853, 0.0], [15.7695007, -4.1259156, 0.0], [15.7695007, -4.1245459, 0.0], [15.7681274, -4.1245459, 0.0], [15.7681274, -4.1231761, 0.0], [15.7667542, -4.1231761, 0.0], [15.7653809, -4.1231761, 0.0], [15.7640076, -4.1231761, 0.0], [15.7640076, -4.1245459, 0.0], [15.7640076, -4.1259156, 0.0], [15.7640076, -4.1272853, 0.0], [15.7640076, -4.1286551, 0.0], [15.7653809, -4.1286551, 0.0], [15.7667542, -4.1286551, 0.0], [15.7667542, -4.1272853, 0.0]]]}}, {"type": "Feature", "properties": {"id": 2214}, "geometry": {"type": "Polygon", "coordinates": [[[15.8546448, -4.1259156, 0.0], [15.8546448, -4.1245459, 0.0], [15.8546448, -4.1231761, 0.0], [15.8546448, -4.1218064, 0.0], [15.8560181, -4.1218064, 0.0], [15.8560181, -4.1204366, 0.0], [15.8560181, -4.1190669, 0.0], [15.8573914, -4.1190669, 0.0], [15.8573914, -4.1176972, 0.0], [15.8573914, -4.1163274, 0.0], [15.8573914, -4.1149577, 0.0], [15.8587646, -4.1149577, 0.0], [15.8587646, -4.1135879, 0.0], [15.8601379, -4.1135879, 0.0], [15.8615112, -4.1135879, 0.0], [15.8615112, -4.1122182, 0.0], [15.8615112, -4.1108484, 0.0], [15.8628845, -4.1108484, 0.0], [15.8628845, -4.1094786, 0.0], [15.8615112, -4.1094786, 0.0], [15.8615112, -4.1081089, 0.0], [15.8601379, -4.1081089, 0.0], [15.8601379, -4.1094786, 0.0], [15.8587646, -4.1094786, 0.0], [15.8587646, -4.1108484, 0.0], [15.8573914, -4.1108484, 0.0], [15.8560181, -4.1108484, 0.0], [15.8560181, -4.1122182, 0.0], [15.8560181, -4.1135879, 0.0], [15.8546448, -4.1135879, 0.0], [15.8546448, -4.1149577, 0.0], [15.8532715, -4.1149577, 0.0], [15.8532715, -4.1163274, 0.0], [15.8532715, -4.1176972, 0.0], [15.8532715, -4.1190669, 0.0], [15.8518982, -4.1190669, 0.0], [15.8518982, -4.1204366, 0.0], [15.8532715, -4.1204366, 0.0], [15.8532715, -4.1218064, 0.0], [15.8532715, -4.1231761, 0.0], [15.8518982, -4.1231761, 0.0], [15.8505249, -4.1231761, 0.0], [15.8505249, -4.1245459, 0.0], [15.8518982, -4.1245459, 0.0], [15.8532715, -4.1245459, 0.0], [15.8532715, -4.1259156, 0.0], [15.8532715, -4.1272853, 0.0], [15.8546448, -4.1272853, 0.0], [15.8546448, -4.1259156, 0.0]]]}}, {"type": "Feature", "properties": {"id": 2215}, "geometry": {"type": "Polygon", "coordinates": [[[15.6733704, -4.1259156, 0.0], [15.6733704, -4.1272853, 0.0], [15.6747437, -4.1272853, 0.0], [15.6747437, -4.1259156, 0.0], [15.6733704, -4.1259156, 0.0]]]}}, {"type": "Feature", "properties": {"id": 2216}, "geometry": {"type": "Polygon", "coordinates": [[[15.8189392, -4.1259156, 0.0], [15.8189392, -4.1272853, 0.0], [15.8203125, -4.1272853, 0.0], [15.8203125, -4.1259156, 0.0], [15.8189392, -4.1259156, 0.0]]]}}, {"type": "Feature", "properties": {"id": 2217}, "geometry": {"type": "Polygon", "coordinates": [[[15.6939697, -4.1259156, 0.0], [15.6939697, -4.1272853, 0.0], [15.695343, -4.1272853, 0.0], [15.695343, -4.1259156, 0.0], [15.6939697, -4.1259156, 0.0]]]}}, {"type": "Feature", "properties": {"id": 2218}, "geometry": {"type": "Polygon", "coordinates": [[[15.6871033, -4.1259156, 0.0], [15.6871033, -4.1272853, 0.0], [15.6884766, -4.1272853, 0.0], [15.6884766, -4.1259156, 0.0], [15.6871033, -4.1259156, 0.0]]]}}, {"type": "Feature", "properties": {"id": 2219}, "geometry": {"type": "Polygon", "coordinates": [[[15.7598877, -4.1176972, 0.0], [15.7598877, -4.1190669, 0.0], [15.761261, -4.1190669, 0.0], [15.761261, -4.1176972, 0.0], [15.7598877, -4.1176972, 0.0]]]}}, {"type": "Feature", "properties": {"id": 2220}, "geometry": {"type": "Polygon", "coordinates": [[[15.6459045, -4.1176972, 0.0], [15.6459045, -4.1190669, 0.0], [15.6472778, -4.1190669, 0.0], [15.6472778, -4.1176972, 0.0], [15.6459045, -4.1176972, 0.0]]]}}, {"type": "Feature", "properties": {"id": 2221}, "geometry": {"type": "Polygon", "coordinates": [[[15.5717468, -4.1176972, 0.0], [15.5717468, -4.1163274, 0.0], [15.5703735, -4.1163274, 0.0], [15.5703735, -4.1176972, 0.0], [15.5703735, -4.1190669, 0.0], [15.5717468, -4.1190669, 0.0], [15.5717468, -4.1176972, 0.0]]]}}, {"type": "Feature", "properties": {"id": 2222}, "geometry": {"type": "Polygon", "coordinates": [[[15.6816101, -4.1163274, 0.0], [15.6816101, -4.1149577, 0.0], [15.6816101, -4.1135879, 0.0], [15.6802368, -4.1135879, 0.0], [15.6802368, -4.1149577, 0.0], [15.6802368, -4.1163274, 0.0], [15.6802368, -4.1176972, 0.0], [15.6816101, -4.1176972, 0.0], [15.6816101, -4.1163274, 0.0]]]}}, {"type": "Feature", "properties": {"id": 2223}, "geometry": {"type": "Polygon", "coordinates": [[[15.6939697, -4.1163274, 0.0], [15.6939697, -4.1176972, 0.0], [15.695343, -4.1176972, 0.0], [15.695343, -4.1163274, 0.0], [15.6939697, -4.1163274, 0.0]]]}}, {"type": "Feature", "properties": {"id": 2224}, "geometry": {"type": "Polygon", "coordinates": [[[15.629425, -4.1163274, 0.0], [15.629425, -4.1176972, 0.0], [15.6307983, -4.1176972, 0.0], [15.6307983, -4.1163274, 0.0], [15.629425, -4.1163274, 0.0]]]}}, {"type": "Feature", "properties": {"id": 2225}, "geometry": {"type": "Polygon", "coordinates": [[[15.8944702, -4.1163274, 0.0], [15.8944702, -4.1176972, 0.0], [15.8958435, -4.1176972, 0.0], [15.8958435, -4.1163274, 0.0], [15.8944702, -4.1163274, 0.0]]]}}, {"type": "Feature", "properties": {"id": 2226}, "geometry": {"type": "Polygon", "coordinates": [[[15.7695007, -4.1149577, 0.0], [15.7695007, -4.1163274, 0.0], [15.770874, -4.1163274, 0.0], [15.770874, -4.1149577, 0.0], [15.7695007, -4.1149577, 0.0]]]}}, {"type": "Feature", "properties": {"id": 2227}, "geometry": {"type": "Polygon", "coordinates": [[[15.8779907, -4.1149577, 0.0], [15.8779907, -4.1163274, 0.0], [15.879364, -4.1163274, 0.0], [15.879364, -4.1149577, 0.0], [15.8779907, -4.1149577, 0.0]]]}}, {"type": "Feature", "properties": {"id": 2228}, "geometry": {"type": "Polygon", "coordinates": [[[15.8821106, -4.1149577, 0.0], [15.8821106, -4.1163274, 0.0], [15.8834839, -4.1163274, 0.0], [15.8834839, -4.1149577, 0.0], [15.8821106, -4.1149577, 0.0]]]}}, {"type": "Feature", "properties": {"id": 2229}, "geometry": {"type": "Polygon", "coordinates": [[[15.8903503, -4.1149577, 0.0], [15.8903503, -4.1163274, 0.0], [15.8917236, -4.1163274, 0.0], [15.8930969, -4.1163274, 0.0], [15.8930969, -4.1149577, 0.0], [15.8917236, -4.1149577, 0.0], [15.8903503, -4.1149577, 0.0]]]}}, {"type": "Feature", "properties": {"id": 2230}, "geometry": {"type": "Polygon", "coordinates": [[[15.6170654, -4.1149577, 0.0], [15.6170654, -4.1163274, 0.0], [15.6184387, -4.1163274, 0.0], [15.6184387, -4.1149577, 0.0], [15.6170654, -4.1149577, 0.0]]]}}, {"type": "Feature", "properties": {"id": 2231}, "geometry": {"type": "Polygon", "coordinates": [[[15.6774902, -4.1149577, 0.0], [15.6774902, -4.1163274, 0.0], [15.6788635, -4.1163274, 0.0], [15.6788635, -4.1149577, 0.0], [15.6774902, -4.1149577, 0.0]]]}}, {"type": "Feature", "properties": {"id": 2232}, "geometry": {"type": "Polygon", "coordinates": [[[15.6665039, -4.1149577, 0.0], [15.6665039, -4.1163274, 0.0], [15.6678772, -4.1163274, 0.0], [15.6678772, -4.1149577, 0.0], [15.6665039, -4.1149577, 0.0]]]}}, {"type": "Feature", "properties": {"id": 2233}, "geometry": {"type": "Polygon", "coordinates": [[[15.6747437, -4.1149577, 0.0], [15.6747437, -4.1135879, 0.0], [15.6733704, -4.1135879, 0.0], [15.6733704, -4.1149577, 0.0], [15.6733704, -4.1163274, 0.0], [15.6747437, -4.1163274, 0.0], [15.6747437, -4.1149577, 0.0]]]}}, {"type": "Feature", "properties": {"id": 2234}, "geometry": {"type": "Polygon", "coordinates": [[[15.6939697, -4.1135879, 0.0], [15.6939697, -4.1149577, 0.0], [15.695343, -4.1149577, 0.0], [15.695343, -4.1135879, 0.0], [15.6939697, -4.1135879, 0.0]]]}}, {"type": "Feature", "properties": {"id": 2235}, "geometry": {"type": "Polygon", "coordinates": [[[15.6610107, -4.1135879, 0.0], [15.6610107, -4.1149577, 0.0], [15.662384, -4.1149577, 0.0], [15.662384, -4.1135879, 0.0], [15.6610107, -4.1135879, 0.0]]]}}, {"type": "Feature", "properties": {"id": 2236}, "geometry": {"type": "Polygon", "coordinates": [[[15.5552673, -4.1135879, 0.0], [15.5552673, -4.1149577, 0.0], [15.5566406, -4.1149577, 0.0], [15.5566406, -4.1135879, 0.0], [15.5552673, -4.1135879, 0.0]]]}}, {"type": "Feature", "properties": {"id": 2237}, "geometry": {"type": "Polygon", "coordinates": [[[15.5387878, -4.1135879, 0.0], [15.5387878, -4.1149577, 0.0], [15.5401611, -4.1149577, 0.0], [15.5401611, -4.1135879, 0.0], [15.5387878, -4.1135879, 0.0]]]}}, {"type": "Feature", "properties": {"id": 2238}, "geometry": {"type": "Polygon", "coordinates": [[[15.5209351, -4.1135879, 0.0], [15.5209351, -4.1122182, 0.0], [15.5195618, -4.1122182, 0.0], [15.5195618, -4.1135879, 0.0], [15.5195618, -4.1149577, 0.0], [15.5209351, -4.1149577, 0.0], [15.5209351, -4.1135879, 0.0]]]}}, {"type": "Feature", "properties": {"id": 2239}, "geometry": {"type": "Polygon", "coordinates": [[[15.6239319, -4.1135879, 0.0], [15.6239319, -4.1149577, 0.0], [15.6253052, -4.1149577, 0.0], [15.6253052, -4.1135879, 0.0], [15.6239319, -4.1135879, 0.0]]]}}, {"type": "Feature", "properties": {"id": 2240}, "geometry": {"type": "Polygon", "coordinates": [[[15.5360413, -4.1135879, 0.0], [15.5360413, -4.1149577, 0.0], [15.5374146, -4.1149577, 0.0], [15.5374146, -4.1135879, 0.0], [15.5360413, -4.1135879, 0.0]]]}}, {"type": "Feature", "properties": {"id": 2241}, "geometry": {"type": "Polygon", "coordinates": [[[15.6582642, -4.1122182, 0.0], [15.6582642, -4.1135879, 0.0], [15.6596375, -4.1135879, 0.0], [15.6610107, -4.1135879, 0.0], [15.6610107, -4.1122182, 0.0], [15.6610107, -4.1108484, 0.0], [15.6596375, -4.1108484, 0.0], [15.6596375, -4.1122182, 0.0], [15.6582642, -4.1122182, 0.0]]]}}, {"type": "Feature", "properties": {"id": 2242}, "geometry": {"type": "Polygon", "coordinates": [[[15.6747437, -4.1122182, 0.0], [15.6747437, -4.1135879, 0.0], [15.6761169, -4.1135879, 0.0], [15.6761169, -4.1122182, 0.0], [15.6747437, -4.1122182, 0.0]]]}}, {"type": "Feature", "properties": {"id": 2243}, "geometry": {"type": "Polygon", "coordinates": [[[15.68573, -4.1122182, 0.0], [15.68573, -4.1135879, 0.0], [15.6871033, -4.1135879, 0.0], [15.6871033, -4.1122182, 0.0], [15.68573, -4.1122182, 0.0]]]}}, {"type": "Feature", "properties": {"id": 2244}, "geometry": {"type": "Polygon", "coordinates": [[[15.879364, -4.1122182, 0.0], [15.8779907, -4.1122182, 0.0], [15.8779907, -4.1135879, 0.0], [15.879364, -4.1135879, 0.0], [15.8807373, -4.1135879, 0.0], [15.8807373, -4.1122182, 0.0], [15.879364, -4.1122182, 0.0]]]}}, {"type": "Feature", "properties": {"id": 2245}, "geometry": {"type": "Polygon", "coordinates": [[[15.7420349, -4.1122182, 0.0], [15.7420349, -4.1108484, 0.0], [15.7406616, -4.1108484, 0.0], [15.7392883, -4.1108484, 0.0], [15.7392883, -4.1122182, 0.0], [15.7392883, -4.1135879, 0.0], [15.7406616, -4.1135879, 0.0], [15.7420349, -4.1135879, 0.0], [15.7420349, -4.1122182, 0.0]]]}}, {"type": "Feature", "properties": {"id": 2246}, "geometry": {"type": "Polygon", "coordinates": [[[15.629425, -4.1122182, 0.0], [15.629425, -4.1135879, 0.0], [15.6307983, -4.1135879, 0.0], [15.6307983, -4.1122182, 0.0], [15.629425, -4.1122182, 0.0]]]}}, {"type": "Feature", "properties": {"id": 2247}, "geometry": {"type": "Polygon", "coordinates": [[[15.695343, -4.1122182, 0.0], [15.695343, -4.1135879, 0.0], [15.6967163, -4.1135879, 0.0], [15.6967163, -4.1122182, 0.0], [15.695343, -4.1122182, 0.0]]]}}, {"type": "Feature", "properties": {"id": 2248}, "geometry": {"type": "Polygon", "coordinates": [[[15.8189392, -4.1122182, 0.0], [15.8189392, -4.1135879, 0.0], [15.8203125, -4.1135879, 0.0], [15.8203125, -4.1122182, 0.0], [15.8189392, -4.1122182, 0.0]]]}}, {"type": "Feature", "properties": {"id": 2249}, "geometry": {"type": "Polygon", "coordinates": [[[15.7763672, -4.1122182, 0.0], [15.7763672, -4.1135879, 0.0], [15.7777405, -4.1135879, 0.0], [15.7777405, -4.1122182, 0.0], [15.7763672, -4.1122182, 0.0]]]}}, {"type": "Feature", "properties": {"id": 2250}, "geometry": {"type": "Polygon", "coordinates": [[[15.652771, -4.1108484, 0.0], [15.652771, -4.1122182, 0.0], [15.6541443, -4.1122182, 0.0], [15.6555176, -4.1122182, 0.0], [15.6555176, -4.1108484, 0.0], [15.6541443, -4.1108484, 0.0], [15.652771, -4.1108484, 0.0]]]}}, {"type": "Feature", "properties": {"id": 2251}, "geometry": {"type": "Polygon", "coordinates": [[[15.6816101, -4.1108484, 0.0], [15.6816101, -4.1094786, 0.0], [15.6829834, -4.1094786, 0.0], [15.6829834, -4.1081089, 0.0], [15.6829834, -4.1067391, 0.0], [15.6816101, -4.1067391, 0.0], [15.6816101, -4.1053693, 0.0], [15.6816101, -4.1039996, 0.0], [15.6802368, -4.1039996, 0.0], [15.6802368, -4.1026298, 0.0], [15.6788635, -4.1026298, 0.0], [15.6788635, -4.1039996, 0.0], [15.6788635, -4.1053693, 0.0], [15.6788635, -4.1067391, 0.0], [15.6802368, -4.1067391, 0.0], [15.6802368, -4.1081089, 0.0], [15.6788635, -4.1081089, 0.0], [15.6788635, -4.1094786, 0.0], [15.6802368, -4.1094786, 0.0], [15.6802368, -4.1108484, 0.0], [15.6802368, -4.1122182, 0.0], [15.6816101, -4.1122182, 0.0], [15.6816101, -4.1108484, 0.0]]]}}, {"type": "Feature", "properties": {"id": 2252}, "geometry": {"type": "Polygon", "coordinates": [[[15.9054565, -4.1094786, 0.0], [15.9054565, -4.1108484, 0.0], [15.9068298, -4.1108484, 0.0], [15.9068298, -4.1094786, 0.0], [15.9054565, -4.1094786, 0.0]]]}}, {"type": "Feature", "properties": {"id": 2253}, "geometry": {"type": "Polygon", "coordinates": [[[15.662384, -4.1094786, 0.0], [15.6610107, -4.1094786, 0.0], [15.6610107, -4.1108484, 0.0], [15.662384, -4.1108484, 0.0], [15.6637573, -4.1108484, 0.0], [15.6637573, -4.1094786, 0.0], [15.662384, -4.1094786, 0.0]]]}}, {"type": "Feature", "properties": {"id": 2254}, "geometry": {"type": "Polygon", "coordinates": [[[15.5690002, -4.1094786, 0.0], [15.5690002, -4.1108484, 0.0], [15.5703735, -4.1108484, 0.0], [15.5703735, -4.1094786, 0.0], [15.5690002, -4.1094786, 0.0]]]}}, {"type": "Feature", "properties": {"id": 2255}, "geometry": {"type": "Polygon", "coordinates": [[[15.8889771, -4.1094786, 0.0], [15.8889771, -4.1081089, 0.0], [15.8876038, -4.1081089, 0.0], [15.8876038, -4.1094786, 0.0], [15.8876038, -4.1108484, 0.0], [15.8889771, -4.1108484, 0.0], [15.8889771, -4.1094786, 0.0]]]}}, {"type": "Feature", "properties": {"id": 2256}, "geometry": {"type": "Polygon", "coordinates": [[[15.6706238, -4.1094786, 0.0], [15.6706238, -4.1108484, 0.0], [15.6719971, -4.1108484, 0.0], [15.6719971, -4.1094786, 0.0], [15.6706238, -4.1094786, 0.0]]]}}, {"type": "Feature", "properties": {"id": 2257}, "geometry": {"type": "Polygon", "coordinates": [[[15.7255554, -4.1094786, 0.0], [15.7255554, -4.1108484, 0.0], [15.7269287, -4.1108484, 0.0], [15.728302, -4.1108484, 0.0], [15.728302, -4.1094786, 0.0], [15.7269287, -4.1094786, 0.0], [15.7255554, -4.1094786, 0.0]]]}}, {"type": "Feature", "properties": {"id": 2258}, "geometry": {"type": "Polygon", "coordinates": [[[15.68573, -4.1094786, 0.0], [15.68573, -4.1108484, 0.0], [15.6871033, -4.1108484, 0.0], [15.6871033, -4.1094786, 0.0], [15.68573, -4.1094786, 0.0]]]}}, {"type": "Feature", "properties": {"id": 2259}, "geometry": {"type": "Polygon", "coordinates": [[[15.7736206, -4.1094786, 0.0], [15.7722473, -4.1094786, 0.0], [15.7722473, -4.1108484, 0.0], [15.7736206, -4.1108484, 0.0], [15.7749939, -4.1108484, 0.0], [15.7749939, -4.1094786, 0.0], [15.7736206, -4.1094786, 0.0]]]}}, {"type": "Feature", "properties": {"id": 2260}, "geometry": {"type": "Polygon", "coordinates": [[[15.737915, -4.1081089, 0.0], [15.737915, -4.1094786, 0.0], [15.7392883, -4.1094786, 0.0], [15.7406616, -4.1094786, 0.0], [15.7406616, -4.1081089, 0.0], [15.7406616, -4.1067391, 0.0], [15.7392883, -4.1067391, 0.0], [15.7392883, -4.1081089, 0.0], [15.737915, -4.1081089, 0.0]]]}}, {"type": "Feature", "properties": {"id": 2261}, "geometry": {"type": "Polygon", "coordinates": [[[15.8106995, -4.1081089, 0.0], [15.8106995, -4.1067391, 0.0], [15.8106995, -4.1053693, 0.0], [15.8106995, -4.1039996, 0.0], [15.8120728, -4.1039996, 0.0], [15.8120728, -4.1026298, 0.0], [15.8120728, -4.10126, 0.0], [15.8106995, -4.10126, 0.0], [15.8106995, -4.1026298, 0.0], [15.8093262, -4.1026298, 0.0], [15.8093262, -4.1039996, 0.0], [15.8093262, -4.1053693, 0.0], [15.8093262, -4.1067391, 0.0], [15.8079529, -4.1067391, 0.0], [15.8079529, -4.1081089, 0.0], [15.8079529, -4.1094786, 0.0], [15.8093262, -4.1094786, 0.0], [15.8106995, -4.1094786, 0.0], [15.8106995, -4.1081089, 0.0]]]}}, {"type": "Feature", "properties": {"id": 2262}, "geometry": {"type": "Polygon", "coordinates": [[[15.5429077, -4.1081089, 0.0], [15.5429077, -4.1094786, 0.0], [15.544281, -4.1094786, 0.0], [15.544281, -4.1081089, 0.0], [15.5429077, -4.1081089, 0.0]]]}}, {"type": "Feature", "properties": {"id": 2263}, "geometry": {"type": "Polygon", "coordinates": [[[15.6555176, -4.1081089, 0.0], [15.6555176, -4.1067391, 0.0], [15.6541443, -4.1067391, 0.0], [15.6541443, -4.1081089, 0.0], [15.6541443, -4.1094786, 0.0], [15.6555176, -4.1094786, 0.0], [15.6555176, -4.1081089, 0.0]]]}}, {"type": "Feature", "properties": {"id": 2264}, "geometry": {"type": "Polygon", "coordinates": [[[15.7489014, -4.1081089, 0.0], [15.7489014, -4.1094786, 0.0], [15.7502747, -4.1094786, 0.0], [15.7502747, -4.1081089, 0.0], [15.7489014, -4.1081089, 0.0]]]}}, {"type": "Feature", "properties": {"id": 2265}, "geometry": {"type": "Polygon", "coordinates": [[[15.8381653, -4.1067391, 0.0], [15.8381653, -4.1081089, 0.0], [15.8395386, -4.1081089, 0.0], [15.8395386, -4.1067391, 0.0], [15.8381653, -4.1067391, 0.0]]]}}, {"type": "Feature", "properties": {"id": 2266}, "geometry": {"type": "Polygon", "coordinates": [[[15.5401611, -4.1067391, 0.0], [15.5401611, -4.1081089, 0.0], [15.5415344, -4.1081089, 0.0], [15.5415344, -4.1067391, 0.0], [15.5401611, -4.1067391, 0.0]]]}}, {"type": "Feature", "properties": {"id": 2267}, "geometry": {"type": "Polygon", "coordinates": [[[15.6747437, -4.1067391, 0.0], [15.6747437, -4.1081089, 0.0], [15.6761169, -4.1081089, 0.0], [15.6761169, -4.1067391, 0.0], [15.6747437, -4.1067391, 0.0]]]}}, {"type": "Feature", "properties": {"id": 2268}, "geometry": {"type": "Polygon", "coordinates": [[[15.8834839, -4.1067391, 0.0], [15.8834839, -4.1081089, 0.0], [15.8848572, -4.1081089, 0.0], [15.8848572, -4.1067391, 0.0], [15.8834839, -4.1067391, 0.0]]]}}, {"type": "Feature", "properties": {"id": 2269}, "geometry": {"type": "Polygon", "coordinates": [[[15.8601379, -4.1067391, 0.0], [15.8601379, -4.1053693, 0.0], [15.8601379, -4.1039996, 0.0], [15.8601379, -4.1026298, 0.0], [15.8587646, -4.1026298, 0.0], [15.8573914, -4.1026298, 0.0], [15.8573914, -4.1039996, 0.0], [15.8573914, -4.1053693, 0.0], [15.8587646, -4.1053693, 0.0], [15.8587646, -4.1067391, 0.0], [15.8587646, -4.1081089, 0.0], [15.8601379, -4.1081089, 0.0], [15.8601379, -4.1067391, 0.0]]]}}, {"type": "Feature", "properties": {"id": 2270}, "geometry": {"type": "Polygon", "coordinates": [[[15.6678772, -4.1067391, 0.0], [15.6678772, -4.1053693, 0.0], [15.6665039, -4.1053693, 0.0], [15.6665039, -4.1067391, 0.0], [15.6665039, -4.1081089, 0.0], [15.6678772, -4.1081089, 0.0], [15.6678772, -4.1067391, 0.0]]]}}, {"type": "Feature", "properties": {"id": 2271}, "geometry": {"type": "Polygon", "coordinates": [[[15.6115723, -4.1053693, 0.0], [15.6129456, -4.1053693, 0.0], [15.6129456, -4.1039996, 0.0], [15.6115723, -4.1039996, 0.0], [15.610199, -4.1039996, 0.0], [15.610199, -4.1053693, 0.0], [15.610199, -4.1067391, 0.0], [15.6115723, -4.1067391, 0.0], [15.6115723, -4.1053693, 0.0]]]}}, {"type": "Feature", "properties": {"id": 2272}, "geometry": {"type": "Polygon", "coordinates": [[[15.6225586, -4.1053693, 0.0], [15.6225586, -4.1039996, 0.0], [15.6211853, -4.1039996, 0.0], [15.6211853, -4.1053693, 0.0], [15.6211853, -4.1067391, 0.0], [15.6225586, -4.1067391, 0.0], [15.6225586, -4.1053693, 0.0]]]}}, {"type": "Feature", "properties": {"id": 2273}, "geometry": {"type": "Polygon", "coordinates": [[[15.836792, -4.1053693, 0.0], [15.836792, -4.1067391, 0.0], [15.8381653, -4.1067391, 0.0], [15.8381653, -4.1053693, 0.0], [15.836792, -4.1053693, 0.0]]]}}, {"type": "Feature", "properties": {"id": 2274}, "geometry": {"type": "Polygon", "coordinates": [[[15.5566406, -4.1053693, 0.0], [15.5566406, -4.1067391, 0.0], [15.5580139, -4.1067391, 0.0], [15.5580139, -4.1053693, 0.0], [15.5566406, -4.1053693, 0.0]]]}}, {"type": "Feature", "properties": {"id": 2275}, "geometry": {"type": "Polygon", "coordinates": [[[15.8409119, -4.1039996, 0.0], [15.8409119, -4.1026298, 0.0], [15.8395386, -4.1026298, 0.0], [15.8381653, -4.1026298, 0.0], [15.8381653, -4.1039996, 0.0], [15.8395386, -4.1039996, 0.0], [15.8395386, -4.1053693, 0.0], [15.8409119, -4.1053693, 0.0], [15.8409119, -4.1039996, 0.0]]]}}, {"type": "Feature", "properties": {"id": 2276}, "geometry": {"type": "Polygon", "coordinates": [[[15.8972168, -4.1039996, 0.0], [15.8985901, -4.1039996, 0.0], [15.8985901, -4.1026298, 0.0], [15.8985901, -4.10126, 0.0], [15.8972168, -4.10126, 0.0], [15.8972168, -4.1026298, 0.0], [15.8958435, -4.1026298, 0.0], [15.8958435, -4.1039996, 0.0], [15.8944702, -4.1039996, 0.0], [15.8944702, -4.1053693, 0.0], [15.8958435, -4.1053693, 0.0], [15.8972168, -4.1053693, 0.0], [15.8972168, -4.1039996, 0.0]]]}}, {"type": "Feature", "properties": {"id": 2277}, "geometry": {"type": "Polygon", "coordinates": [[[15.6596375, -4.1039996, 0.0], [15.6596375, -4.1053693, 0.0], [15.6610107, -4.1053693, 0.0], [15.6610107, -4.1039996, 0.0], [15.6596375, -4.1039996, 0.0]]]}}, {"type": "Feature", "properties": {"id": 2278}, "geometry": {"type": "Polygon", "coordinates": [[[15.5607605, -4.1039996, 0.0], [15.5607605, -4.1053693, 0.0], [15.5621338, -4.1053693, 0.0], [15.5621338, -4.1039996, 0.0], [15.5607605, -4.1039996, 0.0]]]}}, {"type": "Feature", "properties": {"id": 2279}, "geometry": {"type": "Polygon", "coordinates": [[[15.7887268, -4.1039996, 0.0], [15.7901001, -4.1039996, 0.0], [15.7901001, -4.1026298, 0.0], [15.7887268, -4.1026298, 0.0], [15.7873535, -4.1026298, 0.0], [15.7873535, -4.1039996, 0.0], [15.7873535, -4.1053693, 0.0], [15.7887268, -4.1053693, 0.0], [15.7887268, -4.1039996, 0.0]]]}}, {"type": "Feature", "properties": {"id": 2280}, "geometry": {"type": "Polygon", "coordinates": [[[15.6665039, -4.1026298, 0.0], [15.6665039, -4.1039996, 0.0], [15.6678772, -4.1039996, 0.0], [15.6678772, -4.1026298, 0.0], [15.6665039, -4.1026298, 0.0]]]}}, {"type": "Feature", "properties": {"id": 2281}, "geometry": {"type": "Polygon", "coordinates": [[[15.8807373, -4.1026298, 0.0], [15.879364, -4.1026298, 0.0], [15.879364, -4.1039996, 0.0], [15.8807373, -4.1039996, 0.0], [15.8821106, -4.1039996, 0.0], [15.8821106, -4.1026298, 0.0], [15.8807373, -4.1026298, 0.0]]]}}, {"type": "Feature", "properties": {"id": 2282}, "geometry": {"type": "Polygon", "coordinates": [[[15.6610107, -4.1026298, 0.0], [15.6610107, -4.1039996, 0.0], [15.662384, -4.1039996, 0.0], [15.662384, -4.1026298, 0.0], [15.6610107, -4.1026298, 0.0]]]}}, {"type": "Feature", "properties": {"id": 2283}, "geometry": {"type": "Polygon", "coordinates": [[[15.5374146, -4.1026298, 0.0], [15.5374146, -4.1039996, 0.0], [15.5387878, -4.1039996, 0.0], [15.5387878, -4.1026298, 0.0], [15.5374146, -4.1026298, 0.0]]]}}, {"type": "Feature", "properties": {"id": 2284}, "geometry": {"type": "Polygon", "coordinates": [[[15.5621338, -4.1026298, 0.0], [15.5621338, -4.1039996, 0.0], [15.5635071, -4.1039996, 0.0], [15.5648804, -4.1039996, 0.0], [15.5648804, -4.1026298, 0.0], [15.5635071, -4.1026298, 0.0], [15.5621338, -4.1026298, 0.0]]]}}, {"type": "Feature", "properties": {"id": 2285}, "geometry": {"type": "Polygon", "coordinates": [[[15.6266785, -4.1026298, 0.0], [15.6266785, -4.1039996, 0.0], [15.6280518, -4.1039996, 0.0], [15.6280518, -4.1026298, 0.0], [15.6266785, -4.1026298, 0.0]]]}}, {"type": "Feature", "properties": {"id": 2286}, "geometry": {"type": "Polygon", "coordinates": [[[15.6568909, -4.1026298, 0.0], [15.6568909, -4.1039996, 0.0], [15.6582642, -4.1039996, 0.0], [15.6596375, -4.1039996, 0.0], [15.6596375, -4.1026298, 0.0], [15.6582642, -4.1026298, 0.0], [15.6568909, -4.1026298, 0.0]]]}}, {"type": "Feature", "properties": {"id": 2287}, "geometry": {"type": "Polygon", "coordinates": [[[15.7337952, -4.10126, 0.0], [15.7337952, -4.1026298, 0.0], [15.7351685, -4.1026298, 0.0], [15.7351685, -4.10126, 0.0], [15.7337952, -4.10126, 0.0]]]}}, {"type": "Feature", "properties": {"id": 2288}, "geometry": {"type": "Polygon", "coordinates": [[[15.6541443, -4.10126, 0.0], [15.6541443, -4.0998903, 0.0], [15.652771, -4.0998903, 0.0], [15.6513977, -4.0998903, 0.0], [15.6500244, -4.0998903, 0.0], [15.6500244, -4.10126, 0.0], [15.6513977, -4.10126, 0.0], [15.652771, -4.10126, 0.0], [15.652771, -4.1026298, 0.0], [15.6541443, -4.1026298, 0.0], [15.6555176, -4.1026298, 0.0], [15.6555176, -4.10126, 0.0], [15.6541443, -4.10126, 0.0]]]}}, {"type": "Feature", "properties": {"id": 2289}, "geometry": {"type": "Polygon", "coordinates": [[[15.6802368, -4.10126, 0.0], [15.6802368, -4.1026298, 0.0], [15.6816101, -4.1026298, 0.0], [15.6816101, -4.10126, 0.0], [15.6802368, -4.10126, 0.0]]]}}, {"type": "Feature", "properties": {"id": 2290}, "geometry": {"type": "Polygon", "coordinates": [[[15.813446, -4.10126, 0.0], [15.813446, -4.1026298, 0.0], [15.8148193, -4.1026298, 0.0], [15.8148193, -4.10126, 0.0], [15.813446, -4.10126, 0.0]]]}}, {"type": "Feature", "properties": {"id": 2291}, "geometry": {"type": "Polygon", "coordinates": [[[15.7035828, -4.10126, 0.0], [15.7035828, -4.0998903, 0.0], [15.7022095, -4.0998903, 0.0], [15.7008362, -4.0998903, 0.0], [15.7008362, -4.10126, 0.0], [15.7008362, -4.1026298, 0.0], [15.7022095, -4.1026298, 0.0], [15.7035828, -4.1026298, 0.0], [15.7035828, -4.10126, 0.0]]]}}, {"type": "Feature", "properties": {"id": 2292}, "geometry": {"type": "Polygon", "coordinates": [[[15.695343, -4.10126, 0.0], [15.695343, -4.1026298, 0.0], [15.6967163, -4.1026298, 0.0], [15.6967163, -4.10126, 0.0], [15.695343, -4.10126, 0.0]]]}}, {"type": "Feature", "properties": {"id": 2293}, "geometry": {"type": "Polygon", "coordinates": [[[15.7667542, -4.0998903, 0.0], [15.7667542, -4.10126, 0.0], [15.7681274, -4.10126, 0.0], [15.7681274, -4.0998903, 0.0], [15.7667542, -4.0998903, 0.0]]]}}, {"type": "Feature", "properties": {"id": 2294}, "geometry": {"type": "Polygon", "coordinates": [[[15.68573, -4.0998903, 0.0], [15.68573, -4.0985205, 0.0], [15.68573, -4.0971507, 0.0], [15.6843567, -4.0971507, 0.0], [15.6843567, -4.0985205, 0.0], [15.6843567, -4.0998903, 0.0], [15.6843567, -4.10126, 0.0], [15.68573, -4.10126, 0.0], [15.68573, -4.0998903, 0.0]]]}}, {"type": "Feature", "properties": {"id": 2295}, "geometry": {"type": "Polygon", "coordinates": [[[15.7873535, -4.0998903, 0.0], [15.7873535, -4.10126, 0.0], [15.7887268, -4.10126, 0.0], [15.7901001, -4.10126, 0.0], [15.7914734, -4.10126, 0.0], [15.7914734, -4.0998903, 0.0], [15.7914734, -4.0985205, 0.0], [15.7928467, -4.0985205, 0.0], [15.7928467, -4.0971507, 0.0], [15.79422, -4.0971507, 0.0], [15.79422, -4.0957809, 0.0], [15.7955933, -4.0957809, 0.0], [15.7955933, -4.0944111, 0.0], [15.79422, -4.0944111, 0.0], [15.79422, -4.0930413, 0.0], [15.79422, -4.0916716, 0.0], [15.79422, -4.0903018, 0.0], [15.7955933, -4.0903018, 0.0], [15.7955933, -4.088932, 0.0], [15.7955933, -4.0875622, 0.0], [15.79422, -4.0875622, 0.0], [15.79422, -4.088932, 0.0], [15.7928467, -4.088932, 0.0], [15.7928467, -4.0903018, 0.0], [15.7928467, -4.0916716, 0.0], [15.7914734, -4.0916716, 0.0], [15.7914734, -4.0930413, 0.0], [15.7914734, -4.0944111, 0.0], [15.7914734, -4.0957809, 0.0], [15.7901001, -4.0957809, 0.0], [15.7901001, -4.0971507, 0.0], [15.7901001, -4.0985205, 0.0], [15.7901001, -4.0998903, 0.0], [15.7887268, -4.0998903, 0.0], [15.7873535, -4.0998903, 0.0]]]}}, {"type": "Feature", "properties": {"id": 2296}, "geometry": {"type": "Polygon", "coordinates": [[[15.7131958, -4.0998903, 0.0], [15.7131958, -4.10126, 0.0], [15.7145691, -4.10126, 0.0], [15.7145691, -4.0998903, 0.0], [15.7131958, -4.0998903, 0.0]]]}}, {"type": "Feature", "properties": {"id": 2297}, "geometry": {"type": "Polygon", "coordinates": [[[15.7351685, -4.0998903, 0.0], [15.7351685, -4.10126, 0.0], [15.7365417, -4.10126, 0.0], [15.737915, -4.10126, 0.0], [15.737915, -4.0998903, 0.0], [15.7365417, -4.0998903, 0.0], [15.7351685, -4.0998903, 0.0]]]}}, {"type": "Feature", "properties": {"id": 2298}, "geometry": {"type": "Polygon", "coordinates": [[[15.7955933, -4.0998903, 0.0], [15.7955933, -4.10126, 0.0], [15.7969666, -4.10126, 0.0], [15.7969666, -4.0998903, 0.0], [15.7955933, -4.0998903, 0.0]]]}}, {"type": "Feature", "properties": {"id": 2299}, "geometry": {"type": "Polygon", "coordinates": [[[15.8065796, -4.0998903, 0.0], [15.8065796, -4.0985205, 0.0], [15.8052063, -4.0985205, 0.0], [15.803833, -4.0985205, 0.0], [15.803833, -4.0998903, 0.0], [15.803833, -4.10126, 0.0], [15.8052063, -4.10126, 0.0], [15.8065796, -4.10126, 0.0], [15.8065796, -4.0998903, 0.0]]]}}, {"type": "Feature", "properties": {"id": 2300}, "geometry": {"type": "Polygon", "coordinates": [[[15.6788635, -4.0998903, 0.0], [15.6788635, -4.10126, 0.0], [15.6802368, -4.10126, 0.0], [15.6802368, -4.0998903, 0.0], [15.6788635, -4.0998903, 0.0]]]}}, {"type": "Feature", "properties": {"id": 2301}, "geometry": {"type": "Polygon", "coordinates": [[[15.7928467, -4.0998903, 0.0], [15.7928467, -4.10126, 0.0], [15.79422, -4.10126, 0.0], [15.79422, -4.0998903, 0.0], [15.7928467, -4.0998903, 0.0]]]}}, {"type": "Feature", "properties": {"id": 2302}, "geometry": {"type": "Polygon", "coordinates": [[[15.6665039, -4.0998903, 0.0], [15.6651306, -4.0998903, 0.0], [15.6651306, -4.10126, 0.0], [15.6665039, -4.10126, 0.0], [15.6678772, -4.10126, 0.0], [15.6678772, -4.0998903, 0.0], [15.6665039, -4.0998903, 0.0]]]}}, {"type": "Feature", "properties": {"id": 2303}, "geometry": {"type": "Polygon", "coordinates": [[[15.6912231, -4.0998903, 0.0], [15.6912231, -4.10126, 0.0], [15.6925964, -4.10126, 0.0], [15.6925964, -4.0998903, 0.0], [15.6912231, -4.0998903, 0.0]]]}}, {"type": "Feature", "properties": {"id": 2304}, "geometry": {"type": "Polygon", "coordinates": [[[15.6939697, -4.0998903, 0.0], [15.6939697, -4.10126, 0.0], [15.695343, -4.10126, 0.0], [15.695343, -4.0998903, 0.0], [15.6939697, -4.0998903, 0.0]]]}}, {"type": "Feature", "properties": {"id": 2305}, "geometry": {"type": "Polygon", "coordinates": [[[15.9233093, -4.0985205, 0.0], [15.9233093, -4.0998903, 0.0], [15.9246826, -4.0998903, 0.0], [15.9246826, -4.0985205, 0.0], [15.9233093, -4.0985205, 0.0]]]}}, {"type": "Feature", "properties": {"id": 2306}, "geometry": {"type": "Polygon", "coordinates": [[[15.5813599, -4.0985205, 0.0], [15.5813599, -4.0998903, 0.0], [15.5827332, -4.0998903, 0.0], [15.5827332, -4.0985205, 0.0], [15.5813599, -4.0985205, 0.0]]]}}, {"type": "Feature", "properties": {"id": 2307}, "geometry": {"type": "Polygon", "coordinates": [[[15.7035828, -4.0985205, 0.0], [15.7035828, -4.0998903, 0.0], [15.7049561, -4.0998903, 0.0], [15.7049561, -4.0985205, 0.0], [15.7035828, -4.0985205, 0.0]]]}}, {"type": "Feature", "properties": {"id": 2308}, "geometry": {"type": "Polygon", "coordinates": [[[15.7777405, -4.0985205, 0.0], [15.7777405, -4.0971507, 0.0], [15.7763672, -4.0971507, 0.0], [15.7763672, -4.0985205, 0.0], [15.7763672, -4.0998903, 0.0], [15.7777405, -4.0998903, 0.0], [15.7777405, -4.0985205, 0.0]]]}}, {"type": "Feature", "properties": {"id": 2309}, "geometry": {"type": "Polygon", "coordinates": [[[15.7681274, -4.0985205, 0.0], [15.7681274, -4.0998903, 0.0], [15.7695007, -4.0998903, 0.0], [15.7695007, -4.0985205, 0.0], [15.7681274, -4.0985205, 0.0]]]}}, {"type": "Feature", "properties": {"id": 2310}, "geometry": {"type": "Polygon", "coordinates": [[[15.662384, -4.0985205, 0.0], [15.662384, -4.0998903, 0.0], [15.6637573, -4.0998903, 0.0], [15.6637573, -4.0985205, 0.0], [15.662384, -4.0985205, 0.0]]]}}, {"type": "Feature", "properties": {"id": 2311}, "geometry": {"type": "Polygon", "coordinates": [[[15.8999634, -4.0971507, 0.0], [15.8999634, -4.0985205, 0.0], [15.9013367, -4.0985205, 0.0], [15.9013367, -4.0971507, 0.0], [15.8999634, -4.0971507, 0.0]]]}}, {"type": "Feature", "properties": {"id": 2312}, "geometry": {"type": "Polygon", "coordinates": [[[15.6280518, -4.0971507, 0.0], [15.6280518, -4.0985205, 0.0], [15.629425, -4.0985205, 0.0], [15.629425, -4.0971507, 0.0], [15.6280518, -4.0971507, 0.0]]]}}, {"type": "Feature", "properties": {"id": 2313}, "geometry": {"type": "Polygon", "coordinates": [[[15.8010864, -4.0971507, 0.0], [15.8010864, -4.0957809, 0.0], [15.7997131, -4.0957809, 0.0], [15.7983398, -4.0957809, 0.0], [15.7983398, -4.0971507, 0.0], [15.7983398, -4.0985205, 0.0], [15.7997131, -4.0985205, 0.0], [15.8010864, -4.0985205, 0.0], [15.8024597, -4.0985205, 0.0], [15.8024597, -4.0971507, 0.0], [15.8010864, -4.0971507, 0.0]]]}}, {"type": "Feature", "properties": {"id": 2314}, "geometry": {"type": "Polygon", "coordinates": [[[15.7159424, -4.0971507, 0.0], [15.7159424, -4.0985205, 0.0], [15.7173157, -4.0985205, 0.0], [15.7173157, -4.0971507, 0.0], [15.7159424, -4.0971507, 0.0]]]}}, {"type": "Feature", "properties": {"id": 2315}, "geometry": {"type": "Polygon", "coordinates": [[[15.7008362, -4.0971507, 0.0], [15.7008362, -4.0985205, 0.0], [15.7022095, -4.0985205, 0.0], [15.7022095, -4.0971507, 0.0], [15.7008362, -4.0971507, 0.0]]]}}, {"type": "Feature", "properties": {"id": 2316}, "geometry": {"type": "Polygon", "coordinates": [[[15.6884766, -4.0971507, 0.0], [15.6884766, -4.0957809, 0.0], [15.6871033, -4.0957809, 0.0], [15.6871033, -4.0944111, 0.0], [15.6884766, -4.0944111, 0.0], [15.6884766, -4.0930413, 0.0], [15.6871033, -4.0930413, 0.0], [15.68573, -4.0930413, 0.0], [15.68573, -4.0944111, 0.0], [15.68573, -4.0957809, 0.0], [15.68573, -4.0971507, 0.0], [15.6871033, -4.0971507, 0.0], [15.6871033, -4.0985205, 0.0], [15.6884766, -4.0985205, 0.0], [15.6884766, -4.0971507, 0.0]]]}}, {"type": "Feature", "properties": {"id": 2317}, "geometry": {"type": "Polygon", "coordinates": [[[15.643158, -4.0971507, 0.0], [15.643158, -4.0985205, 0.0], [15.6445312, -4.0985205, 0.0], [15.6459045, -4.0985205, 0.0], [15.6459045, -4.0971507, 0.0], [15.6472778, -4.0971507, 0.0], [15.6472778, -4.0957809, 0.0], [15.6459045, -4.0957809, 0.0], [15.6445312, -4.0957809, 0.0], [15.6445312, -4.0971507, 0.0], [15.643158, -4.0971507, 0.0]]]}}, {"type": "Feature", "properties": {"id": 2318}, "geometry": {"type": "Polygon", "coordinates": [[[15.5690002, -4.0971507, 0.0], [15.5690002, -4.0985205, 0.0], [15.5703735, -4.0985205, 0.0], [15.5703735, -4.0971507, 0.0], [15.5690002, -4.0971507, 0.0]]]}}, {"type": "Feature", "properties": {"id": 2319}, "geometry": {"type": "Polygon", "coordinates": [[[15.6596375, -4.0971507, 0.0], [15.6596375, -4.0957809, 0.0], [15.6582642, -4.0957809, 0.0], [15.6582642, -4.0971507, 0.0], [15.6582642, -4.0985205, 0.0], [15.6596375, -4.0985205, 0.0], [15.6596375, -4.0971507, 0.0]]]}}, {"type": "Feature", "properties": {"id": 2320}, "geometry": {"type": "Polygon", "coordinates": [[[15.8958435, -4.0971507, 0.0], [15.8958435, -4.0985205, 0.0], [15.8972168, -4.0985205, 0.0], [15.8972168, -4.0971507, 0.0], [15.8958435, -4.0971507, 0.0]]]}}, {"type": "Feature", "properties": {"id": 2321}, "geometry": {"type": "Polygon", "coordinates": [[[15.6692505, -4.0957809, 0.0], [15.6692505, -4.0944111, 0.0], [15.6678772, -4.0944111, 0.0], [15.6678772, -4.0957809, 0.0], [15.6678772, -4.0971507, 0.0], [15.6692505, -4.0971507, 0.0], [15.6692505, -4.0957809, 0.0]]]}}, {"type": "Feature", "properties": {"id": 2322}, "geometry": {"type": "Polygon", "coordinates": [[[15.6500244, -4.0957809, 0.0], [15.6500244, -4.0944111, 0.0], [15.6486511, -4.0944111, 0.0], [15.6486511, -4.0957809, 0.0], [15.6486511, -4.0971507, 0.0], [15.6500244, -4.0971507, 0.0], [15.6500244, -4.0957809, 0.0]]]}}, {"type": "Feature", "properties": {"id": 2323}, "geometry": {"type": "Polygon", "coordinates": [[[15.567627, -4.0957809, 0.0], [15.567627, -4.0971507, 0.0], [15.5690002, -4.0971507, 0.0], [15.5690002, -4.0957809, 0.0], [15.567627, -4.0957809, 0.0]]]}}, {"type": "Feature", "properties": {"id": 2324}, "geometry": {"type": "Polygon", "coordinates": [[[15.8354187, -4.0957809, 0.0], [15.8354187, -4.0971507, 0.0], [15.836792, -4.0971507, 0.0], [15.836792, -4.0957809, 0.0], [15.8354187, -4.0957809, 0.0]]]}}, {"type": "Feature", "properties": {"id": 2325}, "geometry": {"type": "Polygon", "coordinates": [[[15.6170654, -4.0957809, 0.0], [15.6170654, -4.0971507, 0.0], [15.6184387, -4.0971507, 0.0], [15.6184387, -4.0957809, 0.0], [15.6170654, -4.0957809, 0.0]]]}}, {"type": "Feature", "properties": {"id": 2326}, "geometry": {"type": "Polygon", "coordinates": [[[15.5401611, -4.0957809, 0.0], [15.5401611, -4.0971507, 0.0], [15.5415344, -4.0971507, 0.0], [15.5415344, -4.0957809, 0.0], [15.5401611, -4.0957809, 0.0]]]}}, {"type": "Feature", "properties": {"id": 2327}, "geometry": {"type": "Polygon", "coordinates": [[[15.8670044, -4.0944111, 0.0], [15.8670044, -4.0930413, 0.0], [15.8656311, -4.0930413, 0.0], [15.8642578, -4.0930413, 0.0], [15.8642578, -4.0944111, 0.0], [15.8628845, -4.0944111, 0.0], [15.8628845, -4.0957809, 0.0], [15.8642578, -4.0957809, 0.0], [15.8656311, -4.0957809, 0.0], [15.8670044, -4.0957809, 0.0], [15.8670044, -4.0944111, 0.0]]]}}, {"type": "Feature", "properties": {"id": 2328}, "geometry": {"type": "Polygon", "coordinates": [[[15.8985901, -4.0944111, 0.0], [15.8985901, -4.0930413, 0.0], [15.8972168, -4.0930413, 0.0], [15.8958435, -4.0930413, 0.0], [15.8958435, -4.0944111, 0.0], [15.8958435, -4.0957809, 0.0], [15.8972168, -4.0957809, 0.0], [15.8985901, -4.0957809, 0.0], [15.8985901, -4.0944111, 0.0]]]}}, {"type": "Feature", "properties": {"id": 2329}, "geometry": {"type": "Polygon", "coordinates": [[[15.8821106, -4.0944111, 0.0], [15.8807373, -4.0944111, 0.0], [15.8807373, -4.0957809, 0.0], [15.8821106, -4.0957809, 0.0], [15.8834839, -4.0957809, 0.0], [15.8834839, -4.0944111, 0.0], [15.8821106, -4.0944111, 0.0]]]}}, {"type": "Feature", "properties": {"id": 2330}, "geometry": {"type": "Polygon", "coordinates": [[[15.5470276, -4.0930413, 0.0], [15.5456543, -4.0930413, 0.0], [15.5456543, -4.0944111, 0.0], [15.5456543, -4.0957809, 0.0], [15.5470276, -4.0957809, 0.0], [15.5484009, -4.0957809, 0.0], [15.5484009, -4.0944111, 0.0], [15.5484009, -4.0930413, 0.0], [15.5470276, -4.0930413, 0.0]]]}}, {"type": "Feature", "properties": {"id": 2331}, "geometry": {"type": "Polygon", "coordinates": [[[15.629425, -4.0944111, 0.0], [15.629425, -4.0930413, 0.0], [15.6280518, -4.0930413, 0.0], [15.6280518, -4.0944111, 0.0], [15.6280518, -4.0957809, 0.0], [15.629425, -4.0957809, 0.0], [15.629425, -4.0944111, 0.0]]]}}, {"type": "Feature", "properties": {"id": 2332}, "geometry": {"type": "Polygon", "coordinates": [[[15.544281, -4.0930413, 0.0], [15.544281, -4.0916716, 0.0], [15.544281, -4.0903018, 0.0], [15.544281, -4.088932, 0.0], [15.5429077, -4.088932, 0.0], [15.5429077, -4.0903018, 0.0], [15.5429077, -4.0916716, 0.0], [15.5429077, -4.0930413, 0.0], [15.5415344, -4.0930413, 0.0], [15.5401611, -4.0930413, 0.0], [15.5401611, -4.0944111, 0.0], [15.5415344, -4.0944111, 0.0], [15.5415344, -4.0957809, 0.0], [15.5429077, -4.0957809, 0.0], [15.544281, -4.0957809, 0.0], [15.544281, -4.0944111, 0.0], [15.544281, -4.0930413, 0.0]]]}}, {"type": "Feature", "properties": {"id": 2333}, "geometry": {"type": "Polygon", "coordinates": [[[15.7667542, -4.0944111, 0.0], [15.7667542, -4.0957809, 0.0], [15.7681274, -4.0957809, 0.0], [15.7681274, -4.0944111, 0.0], [15.7667542, -4.0944111, 0.0]]]}}, {"type": "Feature", "properties": {"id": 2334}, "geometry": {"type": "Polygon", "coordinates": [[[15.7131958, -4.0944111, 0.0], [15.7131958, -4.0957809, 0.0], [15.7145691, -4.0957809, 0.0], [15.7145691, -4.0944111, 0.0], [15.7131958, -4.0944111, 0.0]]]}}, {"type": "Feature", "properties": {"id": 2335}, "geometry": {"type": "Polygon", "coordinates": [[[15.662384, -4.0930413, 0.0], [15.662384, -4.0944111, 0.0], [15.6637573, -4.0944111, 0.0], [15.6637573, -4.0930413, 0.0], [15.662384, -4.0930413, 0.0]]]}}, {"type": "Feature", "properties": {"id": 2336}, "geometry": {"type": "Polygon", "coordinates": [[[15.7296753, -4.0930413, 0.0], [15.7296753, -4.0944111, 0.0], [15.7310486, -4.0944111, 0.0], [15.7310486, -4.0930413, 0.0], [15.7296753, -4.0930413, 0.0]]]}}, {"type": "Feature", "properties": {"id": 2337}, "geometry": {"type": "Polygon", "coordinates": [[[15.7791138, -4.0930413, 0.0], [15.7791138, -4.0916716, 0.0], [15.7777405, -4.0916716, 0.0], [15.7777405, -4.0930413, 0.0], [15.7777405, -4.0944111, 0.0], [15.7791138, -4.0944111, 0.0], [15.7791138, -4.0930413, 0.0]]]}}, {"type": "Feature", "properties": {"id": 2338}, "geometry": {"type": "Polygon", "coordinates": [[[15.8395386, -4.0930413, 0.0], [15.8395386, -4.0944111, 0.0], [15.8409119, -4.0944111, 0.0], [15.8409119, -4.0930413, 0.0], [15.8395386, -4.0930413, 0.0]]]}}, {"type": "Feature", "properties": {"id": 2339}, "geometry": {"type": "Polygon", "coordinates": [[[15.6170654, -4.0930413, 0.0], [15.6170654, -4.0944111, 0.0], [15.6184387, -4.0944111, 0.0], [15.6184387, -4.0930413, 0.0], [15.6170654, -4.0930413, 0.0]]]}}, {"type": "Feature", "properties": {"id": 2340}, "geometry": {"type": "Polygon", "coordinates": [[[15.7832336, -4.0930413, 0.0], [15.7832336, -4.0944111, 0.0], [15.7846069, -4.0944111, 0.0], [15.7846069, -4.0930413, 0.0], [15.7832336, -4.0930413, 0.0]]]}}, {"type": "Feature", "properties": {"id": 2341}, "geometry": {"type": "Polygon", "coordinates": [[[15.8752441, -4.0916716, 0.0], [15.8752441, -4.0930413, 0.0], [15.8766174, -4.0930413, 0.0], [15.8766174, -4.0916716, 0.0], [15.8752441, -4.0916716, 0.0]]]}}, {"type": "Feature", "properties": {"id": 2342}, "geometry": {"type": "Polygon", "coordinates": [[[15.8560181, -4.0916716, 0.0], [15.8560181, -4.0930413, 0.0], [15.8573914, -4.0930413, 0.0], [15.8573914, -4.0916716, 0.0], [15.8560181, -4.0916716, 0.0]]]}}, {"type": "Feature", "properties": {"id": 2343}, "geometry": {"type": "Polygon", "coordinates": [[[15.7543945, -4.0916716, 0.0], [15.7543945, -4.0903018, 0.0], [15.7530212, -4.0903018, 0.0], [15.7530212, -4.0916716, 0.0], [15.7530212, -4.0930413, 0.0], [15.7543945, -4.0930413, 0.0], [15.7543945, -4.0916716, 0.0]]]}}, {"type": "Feature", "properties": {"id": 2344}, "geometry": {"type": "Polygon", "coordinates": [[[15.6637573, -4.0916716, 0.0], [15.6637573, -4.0930413, 0.0], [15.6651306, -4.0930413, 0.0], [15.6651306, -4.0916716, 0.0], [15.6637573, -4.0916716, 0.0]]]}}, {"type": "Feature", "properties": {"id": 2345}, "geometry": {"type": "Polygon", "coordinates": [[[15.6747437, -4.0916716, 0.0], [15.6747437, -4.0930413, 0.0], [15.6761169, -4.0930413, 0.0], [15.6761169, -4.0916716, 0.0], [15.6747437, -4.0916716, 0.0]]]}}, {"type": "Feature", "properties": {"id": 2346}, "geometry": {"type": "Polygon", "coordinates": [[[15.6816101, -4.0916716, 0.0], [15.6816101, -4.0903018, 0.0], [15.6802368, -4.0903018, 0.0], [15.6802368, -4.0916716, 0.0], [15.6802368, -4.0930413, 0.0], [15.6816101, -4.0930413, 0.0], [15.6816101, -4.0916716, 0.0]]]}}, {"type": "Feature", "properties": {"id": 2347}, "geometry": {"type": "Polygon", "coordinates": [[[15.5484009, -4.0916716, 0.0], [15.5484009, -4.0930413, 0.0], [15.5497742, -4.0930413, 0.0], [15.5511475, -4.0930413, 0.0], [15.5511475, -4.0916716, 0.0], [15.5497742, -4.0916716, 0.0], [15.5484009, -4.0916716, 0.0]]]}}, {"type": "Feature", "properties": {"id": 2348}, "geometry": {"type": "Polygon", "coordinates": [[[15.5387878, -4.0916716, 0.0], [15.5387878, -4.0930413, 0.0], [15.5401611, -4.0930413, 0.0], [15.5401611, -4.0916716, 0.0], [15.5387878, -4.0916716, 0.0]]]}}, {"type": "Feature", "properties": {"id": 2349}, "geometry": {"type": "Polygon", "coordinates": [[[15.567627, -4.0903018, 0.0], [15.567627, -4.088932, 0.0], [15.5662537, -4.088932, 0.0], [15.5662537, -4.0903018, 0.0], [15.5662537, -4.0916716, 0.0], [15.567627, -4.0916716, 0.0], [15.567627, -4.0903018, 0.0]]]}}, {"type": "Feature", "properties": {"id": 2350}, "geometry": {"type": "Polygon", "coordinates": [[[15.6184387, -4.0903018, 0.0], [15.6184387, -4.088932, 0.0], [15.6170654, -4.088932, 0.0], [15.6170654, -4.0903018, 0.0], [15.6170654, -4.0916716, 0.0], [15.6184387, -4.0916716, 0.0], [15.6184387, -4.0903018, 0.0]]]}}, {"type": "Feature", "properties": {"id": 2351}, "geometry": {"type": "Polygon", "coordinates": [[[15.6513977, -4.0903018, 0.0], [15.6513977, -4.0916716, 0.0], [15.652771, -4.0916716, 0.0], [15.652771, -4.0903018, 0.0], [15.6513977, -4.0903018, 0.0]]]}}, {"type": "Feature", "properties": {"id": 2352}, "geometry": {"type": "Polygon", "coordinates": [[[15.6459045, -4.0903018, 0.0], [15.6459045, -4.0916716, 0.0], [15.6472778, -4.0916716, 0.0], [15.6472778, -4.0903018, 0.0], [15.6459045, -4.0903018, 0.0]]]}}, {"type": "Feature", "properties": {"id": 2353}, "geometry": {"type": "Polygon", "coordinates": [[[15.8546448, -4.088932, 0.0], [15.8546448, -4.0903018, 0.0], [15.8560181, -4.0903018, 0.0], [15.8560181, -4.088932, 0.0], [15.8546448, -4.088932, 0.0]]]}}, {"type": "Feature", "properties": {"id": 2354}, "geometry": {"type": "Polygon", "coordinates": [[[15.6925964, -4.088932, 0.0], [15.6925964, -4.0875622, 0.0], [15.6912231, -4.0875622, 0.0], [15.6912231, -4.088932, 0.0], [15.6912231, -4.0903018, 0.0], [15.6925964, -4.0903018, 0.0], [15.6939697, -4.0903018, 0.0], [15.6939697, -4.088932, 0.0], [15.6925964, -4.088932, 0.0]]]}}, {"type": "Feature", "properties": {"id": 2355}, "geometry": {"type": "Polygon", "coordinates": [[[15.6417847, -4.0903018, 0.0], [15.643158, -4.0903018, 0.0], [15.643158, -4.088932, 0.0], [15.643158, -4.0875622, 0.0], [15.643158, -4.0861924, 0.0], [15.6417847, -4.0861924, 0.0], [15.6404114, -4.0861924, 0.0], [15.6390381, -4.0861924, 0.0], [15.6390381, -4.0848226, 0.0], [15.6376648, -4.0848226, 0.0], [15.6376648, -4.0834528, 0.0], [15.6376648, -4.082083, 0.0], [15.6376648, -4.0807132, 0.0], [15.6362915, -4.0807132, 0.0], [15.6349182, -4.0807132, 0.0], [15.6349182, -4.082083, 0.0], [15.6349182, -4.0834528, 0.0], [15.6335449, -4.0834528, 0.0], [15.6321716, -4.0834528, 0.0], [15.6321716, -4.0848226, 0.0], [15.6335449, -4.0848226, 0.0], [15.6349182, -4.0848226, 0.0], [15.6349182, -4.0861924, 0.0], [15.6362915, -4.0861924, 0.0], [15.6376648, -4.0861924, 0.0], [15.6376648, -4.0875622, 0.0], [15.6390381, -4.0875622, 0.0], [15.6404114, -4.0875622, 0.0], [15.6404114, -4.088932, 0.0], [15.6404114, -4.0903018, 0.0], [15.6417847, -4.0903018, 0.0]]]}}, {"type": "Feature", "properties": {"id": 2356}, "geometry": {"type": "Polygon", "coordinates": [[[15.8930969, -4.088932, 0.0], [15.8930969, -4.0903018, 0.0], [15.8944702, -4.0903018, 0.0], [15.8944702, -4.088932, 0.0], [15.8930969, -4.088932, 0.0]]]}}, {"type": "Feature", "properties": {"id": 2357}, "geometry": {"type": "Polygon", "coordinates": [[[15.6774902, -4.088932, 0.0], [15.6774902, -4.0903018, 0.0], [15.6788635, -4.0903018, 0.0], [15.6788635, -4.088932, 0.0], [15.6774902, -4.088932, 0.0]]]}}, {"type": "Feature", "properties": {"id": 2358}, "geometry": {"type": "Polygon", "coordinates": [[[15.7722473, -4.0875622, 0.0], [15.7722473, -4.088932, 0.0], [15.7736206, -4.088932, 0.0], [15.7749939, -4.088932, 0.0], [15.7749939, -4.0875622, 0.0], [15.7736206, -4.0875622, 0.0], [15.7722473, -4.0875622, 0.0]]]}}, {"type": "Feature", "properties": {"id": 2359}, "geometry": {"type": "Polygon", "coordinates": [[[15.6472778, -4.0875622, 0.0], [15.6472778, -4.088932, 0.0], [15.6486511, -4.088932, 0.0], [15.6486511, -4.0875622, 0.0], [15.6472778, -4.0875622, 0.0]]]}}, {"type": "Feature", "properties": {"id": 2360}, "geometry": {"type": "Polygon", "coordinates": [[[15.8711243, -4.0875622, 0.0], [15.8711243, -4.088932, 0.0], [15.8724976, -4.088932, 0.0], [15.8724976, -4.0875622, 0.0], [15.8711243, -4.0875622, 0.0]]]}}, {"type": "Feature", "properties": {"id": 2361}, "geometry": {"type": "Polygon", "coordinates": [[[15.6184387, -4.0875622, 0.0], [15.6184387, -4.088932, 0.0], [15.619812, -4.088932, 0.0], [15.619812, -4.0875622, 0.0], [15.6184387, -4.0875622, 0.0]]]}}, {"type": "Feature", "properties": {"id": 2362}, "geometry": {"type": "Polygon", "coordinates": [[[15.6445312, -4.0875622, 0.0], [15.6445312, -4.088932, 0.0], [15.6459045, -4.088932, 0.0], [15.6459045, -4.0875622, 0.0], [15.6445312, -4.0875622, 0.0]]]}}, {"type": "Feature", "properties": {"id": 2363}, "geometry": {"type": "Polygon", "coordinates": [[[15.6747437, -4.0875622, 0.0], [15.6747437, -4.088932, 0.0], [15.6761169, -4.088932, 0.0], [15.6761169, -4.0875622, 0.0], [15.6747437, -4.0875622, 0.0]]]}}, {"type": "Feature", "properties": {"id": 2364}, "geometry": {"type": "Polygon", "coordinates": [[[15.7090759, -4.0875622, 0.0], [15.7090759, -4.088932, 0.0], [15.7104492, -4.088932, 0.0], [15.7104492, -4.0875622, 0.0], [15.7090759, -4.0875622, 0.0]]]}}, {"type": "Feature", "properties": {"id": 2365}, "geometry": {"type": "Polygon", "coordinates": [[[15.5401611, -4.0875622, 0.0], [15.5401611, -4.0861924, 0.0], [15.5387878, -4.0861924, 0.0], [15.5387878, -4.0848226, 0.0], [15.5374146, -4.0848226, 0.0], [15.5374146, -4.0861924, 0.0], [15.5360413, -4.0861924, 0.0], [15.5360413, -4.0875622, 0.0], [15.5374146, -4.0875622, 0.0], [15.5387878, -4.0875622, 0.0], [15.5387878, -4.088932, 0.0], [15.5401611, -4.088932, 0.0], [15.5401611, -4.0875622, 0.0]]]}}, {"type": "Feature", "properties": {"id": 2366}, "geometry": {"type": "Polygon", "coordinates": [[[15.5648804, -4.0875622, 0.0], [15.5648804, -4.088932, 0.0], [15.5662537, -4.088932, 0.0], [15.5662537, -4.0875622, 0.0], [15.5648804, -4.0875622, 0.0]]]}}, {"type": "Feature", "properties": {"id": 2367}, "geometry": {"type": "Polygon", "coordinates": [[[15.5332947, -4.0861924, 0.0], [15.534668, -4.0861924, 0.0], [15.534668, -4.0848226, 0.0], [15.5332947, -4.0848226, 0.0], [15.5332947, -4.0834528, 0.0], [15.534668, -4.0834528, 0.0], [15.5360413, -4.0834528, 0.0], [15.5360413, -4.082083, 0.0], [15.5360413, -4.0807132, 0.0], [15.5374146, -4.0807132, 0.0], [15.5374146, -4.0793433, 0.0], [15.5360413, -4.0793433, 0.0], [15.5360413, -4.0779735, 0.0], [15.534668, -4.0779735, 0.0], [15.534668, -4.0793433, 0.0], [15.5332947, -4.0793433, 0.0], [15.5332947, -4.0807132, 0.0], [15.5319214, -4.0807132, 0.0], [15.5319214, -4.082083, 0.0], [15.5319214, -4.0834528, 0.0], [15.5319214, -4.0848226, 0.0], [15.5319214, -4.0861924, 0.0], [15.5319214, -4.0875622, 0.0], [15.5332947, -4.0875622, 0.0], [15.5332947, -4.0861924, 0.0]]]}}, {"type": "Feature", "properties": {"id": 2368}, "geometry": {"type": "Polygon", "coordinates": [[[15.8862305, -4.0861924, 0.0], [15.8862305, -4.0875622, 0.0], [15.8876038, -4.0875622, 0.0], [15.8876038, -4.0861924, 0.0], [15.8862305, -4.0861924, 0.0]]]}}, {"type": "Feature", "properties": {"id": 2369}, "geometry": {"type": "Polygon", "coordinates": [[[15.8683777, -4.0861924, 0.0], [15.8683777, -4.0875622, 0.0], [15.869751, -4.0875622, 0.0], [15.869751, -4.0861924, 0.0], [15.8683777, -4.0861924, 0.0]]]}}, {"type": "Feature", "properties": {"id": 2370}, "geometry": {"type": "Polygon", "coordinates": [[[15.8560181, -4.0861924, 0.0], [15.8560181, -4.0875622, 0.0], [15.8573914, -4.0875622, 0.0], [15.8573914, -4.0861924, 0.0], [15.8560181, -4.0861924, 0.0]]]}}, {"type": "Feature", "properties": {"id": 2371}, "geometry": {"type": "Polygon", "coordinates": [[[15.7983398, -4.0861924, 0.0], [15.7983398, -4.0875622, 0.0], [15.7997131, -4.0875622, 0.0], [15.7997131, -4.0861924, 0.0], [15.7983398, -4.0861924, 0.0]]]}}, {"type": "Feature", "properties": {"id": 2372}, "geometry": {"type": "Polygon", "coordinates": [[[15.553894, -4.0861924, 0.0], [15.553894, -4.0848226, 0.0], [15.553894, -4.0834528, 0.0], [15.5525208, -4.0834528, 0.0], [15.5511475, -4.0834528, 0.0], [15.5511475, -4.082083, 0.0], [15.5525208, -4.082083, 0.0], [15.553894, -4.082083, 0.0], [15.553894, -4.0807132, 0.0], [15.553894, -4.0793433, 0.0], [15.5525208, -4.0793433, 0.0], [15.5525208, -4.0779735, 0.0], [15.5511475, -4.0779735, 0.0], [15.5497742, -4.0779735, 0.0], [15.5497742, -4.0793433, 0.0], [15.5511475, -4.0793433, 0.0], [15.5511475, -4.0807132, 0.0], [15.5497742, -4.0807132, 0.0], [15.5497742, -4.082083, 0.0], [15.5497742, -4.0834528, 0.0], [15.5497742, -4.0848226, 0.0], [15.5497742, -4.0861924, 0.0], [15.5511475, -4.0861924, 0.0], [15.5525208, -4.0861924, 0.0], [15.5525208, -4.0875622, 0.0], [15.553894, -4.0875622, 0.0], [15.553894, -4.0861924, 0.0]]]}}, {"type": "Feature", "properties": {"id": 2373}, "geometry": {"type": "Polygon", "coordinates": [[[15.5621338, -4.0861924, 0.0], [15.5621338, -4.0875622, 0.0], [15.5635071, -4.0875622, 0.0], [15.5635071, -4.0861924, 0.0], [15.5621338, -4.0861924, 0.0]]]}}, {"type": "Feature", "properties": {"id": 2374}, "geometry": {"type": "Polygon", "coordinates": [[[15.6170654, -4.0861924, 0.0], [15.6170654, -4.0875622, 0.0], [15.6184387, -4.0875622, 0.0], [15.6184387, -4.0861924, 0.0], [15.6170654, -4.0861924, 0.0]]]}}, {"type": "Feature", "properties": {"id": 2375}, "geometry": {"type": "Polygon", "coordinates": [[[15.7543945, -4.0848226, 0.0], [15.7543945, -4.0861924, 0.0], [15.7557678, -4.0861924, 0.0], [15.7557678, -4.0848226, 0.0], [15.7543945, -4.0848226, 0.0]]]}}, {"type": "Feature", "properties": {"id": 2376}, "geometry": {"type": "Polygon", "coordinates": [[[15.7722473, -4.0848226, 0.0], [15.7722473, -4.0861924, 0.0], [15.7736206, -4.0861924, 0.0], [15.7736206, -4.0848226, 0.0], [15.7722473, -4.0848226, 0.0]]]}}, {"type": "Feature", "properties": {"id": 2377}, "geometry": {"type": "Polygon", "coordinates": [[[15.8505249, -4.0848226, 0.0], [15.8505249, -4.0861924, 0.0], [15.8518982, -4.0861924, 0.0], [15.8518982, -4.0848226, 0.0], [15.8505249, -4.0848226, 0.0]]]}}, {"type": "Feature", "properties": {"id": 2378}, "geometry": {"type": "Polygon", "coordinates": [[[15.5429077, -4.0848226, 0.0], [15.5429077, -4.0834528, 0.0], [15.5415344, -4.0834528, 0.0], [15.5415344, -4.0848226, 0.0], [15.5401611, -4.0848226, 0.0], [15.5401611, -4.0861924, 0.0], [15.5415344, -4.0861924, 0.0], [15.5429077, -4.0861924, 0.0], [15.5429077, -4.0848226, 0.0]]]}}, {"type": "Feature", "properties": {"id": 2379}, "geometry": {"type": "Polygon", "coordinates": [[[15.8532715, -4.0848226, 0.0], [15.8532715, -4.0861924, 0.0], [15.8546448, -4.0861924, 0.0], [15.8546448, -4.0848226, 0.0], [15.8532715, -4.0848226, 0.0]]]}}, {"type": "Feature", "properties": {"id": 2380}, "geometry": {"type": "Polygon", "coordinates": [[[15.8889771, -4.0848226, 0.0], [15.8889771, -4.0834528, 0.0], [15.8876038, -4.0834528, 0.0], [15.8876038, -4.0848226, 0.0], [15.8876038, -4.0861924, 0.0], [15.8889771, -4.0861924, 0.0], [15.8903503, -4.0861924, 0.0], [15.8903503, -4.0848226, 0.0], [15.8889771, -4.0848226, 0.0]]]}}, {"type": "Feature", "properties": {"id": 2381}, "geometry": {"type": "Polygon", "coordinates": [[[15.7969666, -4.0834528, 0.0], [15.7969666, -4.0848226, 0.0], [15.7983398, -4.0848226, 0.0], [15.7983398, -4.0834528, 0.0], [15.7969666, -4.0834528, 0.0]]]}}, {"type": "Feature", "properties": {"id": 2382}, "geometry": {"type": "Polygon", "coordinates": [[[15.5648804, -4.0834528, 0.0], [15.5648804, -4.082083, 0.0], [15.5635071, -4.082083, 0.0], [15.5635071, -4.0834528, 0.0], [15.5635071, -4.0848226, 0.0], [15.5648804, -4.0848226, 0.0], [15.5648804, -4.0834528, 0.0]]]}}, {"type": "Feature", "properties": {"id": 2383}, "geometry": {"type": "Polygon", "coordinates": [[[15.5401611, -4.0834528, 0.0], [15.5415344, -4.0834528, 0.0], [15.5415344, -4.082083, 0.0], [15.5401611, -4.082083, 0.0], [15.5387878, -4.082083, 0.0], [15.5387878, -4.0834528, 0.0], [15.5387878, -4.0848226, 0.0], [15.5401611, -4.0848226, 0.0], [15.5401611, -4.0834528, 0.0]]]}}, {"type": "Feature", "properties": {"id": 2384}, "geometry": {"type": "Polygon", "coordinates": [[[15.7489014, -4.0834528, 0.0], [15.7489014, -4.082083, 0.0], [15.7475281, -4.082083, 0.0], [15.7475281, -4.0834528, 0.0], [15.7475281, -4.0848226, 0.0], [15.7489014, -4.0848226, 0.0], [15.7489014, -4.0834528, 0.0]]]}}, {"type": "Feature", "properties": {"id": 2385}, "geometry": {"type": "Polygon", "coordinates": [[[15.6307983, -4.082083, 0.0], [15.6307983, -4.0807132, 0.0], [15.629425, -4.0807132, 0.0], [15.629425, -4.082083, 0.0], [15.6280518, -4.082083, 0.0], [15.6280518, -4.0834528, 0.0], [15.629425, -4.0834528, 0.0], [15.6307983, -4.0834528, 0.0], [15.6307983, -4.082083, 0.0]]]}}, {"type": "Feature", "properties": {"id": 2386}, "geometry": {"type": "Polygon", "coordinates": [[[15.7901001, -4.082083, 0.0], [15.7901001, -4.0834528, 0.0], [15.7914734, -4.0834528, 0.0], [15.7928467, -4.0834528, 0.0], [15.7928467, -4.082083, 0.0], [15.7914734, -4.082083, 0.0], [15.7901001, -4.082083, 0.0]]]}}, {"type": "Feature", "properties": {"id": 2387}, "geometry": {"type": "Polygon", "coordinates": [[[15.8285522, -4.082083, 0.0], [15.8285522, -4.0807132, 0.0], [15.827179, -4.0807132, 0.0], [15.8258057, -4.0807132, 0.0], [15.8258057, -4.082083, 0.0], [15.827179, -4.082083, 0.0], [15.827179, -4.0834528, 0.0], [15.8285522, -4.0834528, 0.0], [15.8285522, -4.082083, 0.0]]]}}, {"type": "Feature", "properties": {"id": 2388}, "geometry": {"type": "Polygon", "coordinates": [[[15.7997131, -4.082083, 0.0], [15.8010864, -4.082083, 0.0], [15.8024597, -4.082083, 0.0], [15.8024597, -4.0807132, 0.0], [15.803833, -4.0807132, 0.0], [15.803833, -4.0793433, 0.0], [15.8024597, -4.0793433, 0.0], [15.8010864, -4.0793433, 0.0], [15.7997131, -4.0793433, 0.0], [15.7983398, -4.0793433, 0.0], [15.7983398, -4.0807132, 0.0], [15.7969666, -4.0807132, 0.0], [15.7969666, -4.082083, 0.0], [15.7983398, -4.082083, 0.0], [15.7983398, -4.0834528, 0.0], [15.7997131, -4.0834528, 0.0], [15.7997131, -4.082083, 0.0]]]}}, {"type": "Feature", "properties": {"id": 2389}, "geometry": {"type": "Polygon", "coordinates": [[[15.6541443, -4.082083, 0.0], [15.6541443, -4.0834528, 0.0], [15.6555176, -4.0834528, 0.0], [15.6555176, -4.082083, 0.0], [15.6541443, -4.082083, 0.0]]]}}, {"type": "Feature", "properties": {"id": 2390}, "geometry": {"type": "Polygon", "coordinates": [[[15.6871033, -4.082083, 0.0], [15.6871033, -4.0834528, 0.0], [15.6884766, -4.0834528, 0.0], [15.6884766, -4.082083, 0.0], [15.6871033, -4.082083, 0.0]]]}}, {"type": "Feature", "properties": {"id": 2391}, "geometry": {"type": "Polygon", "coordinates": [[[15.544281, -4.082083, 0.0], [15.544281, -4.0834528, 0.0], [15.5456543, -4.0834528, 0.0], [15.5456543, -4.082083, 0.0], [15.544281, -4.082083, 0.0]]]}}, {"type": "Feature", "properties": {"id": 2392}, "geometry": {"type": "Polygon", "coordinates": [[[15.6513977, -4.082083, 0.0], [15.6513977, -4.0834528, 0.0], [15.652771, -4.0834528, 0.0], [15.652771, -4.082083, 0.0], [15.6513977, -4.082083, 0.0]]]}}, {"type": "Feature", "properties": {"id": 2393}, "geometry": {"type": "Polygon", "coordinates": [[[15.5593872, -4.082083, 0.0], [15.5593872, -4.0807132, 0.0], [15.5580139, -4.0807132, 0.0], [15.5566406, -4.0807132, 0.0], [15.5552673, -4.0807132, 0.0], [15.5552673, -4.082083, 0.0], [15.5566406, -4.082083, 0.0], [15.5566406, -4.0834528, 0.0], [15.5580139, -4.0834528, 0.0], [15.5593872, -4.0834528, 0.0], [15.5593872, -4.082083, 0.0]]]}}, {"type": "Feature", "properties": {"id": 2394}, "geometry": {"type": "Polygon", "coordinates": [[[15.8766174, -4.0807132, 0.0], [15.8766174, -4.082083, 0.0], [15.8779907, -4.082083, 0.0], [15.8779907, -4.0807132, 0.0], [15.8766174, -4.0807132, 0.0]]]}}, {"type": "Feature", "properties": {"id": 2395}, "geometry": {"type": "Polygon", "coordinates": [[[15.8587646, -4.0807132, 0.0], [15.8587646, -4.082083, 0.0], [15.8601379, -4.082083, 0.0], [15.8601379, -4.0807132, 0.0], [15.8587646, -4.0807132, 0.0]]]}}, {"type": "Feature", "properties": {"id": 2396}, "geometry": {"type": "Polygon", "coordinates": [[[15.6143188, -4.0807132, 0.0], [15.6143188, -4.082083, 0.0], [15.6156921, -4.082083, 0.0], [15.6156921, -4.0807132, 0.0], [15.6143188, -4.0807132, 0.0]]]}}, {"type": "Feature", "properties": {"id": 2397}, "geometry": {"type": "Polygon", "coordinates": [[[15.6843567, -4.0807132, 0.0], [15.6843567, -4.082083, 0.0], [15.68573, -4.082083, 0.0], [15.68573, -4.0807132, 0.0], [15.6843567, -4.0807132, 0.0]]]}}, {"type": "Feature", "properties": {"id": 2398}, "geometry": {"type": "Polygon", "coordinates": [[[15.6500244, -4.0807132, 0.0], [15.6500244, -4.082083, 0.0], [15.6513977, -4.082083, 0.0], [15.6513977, -4.0807132, 0.0], [15.6500244, -4.0807132, 0.0]]]}}, {"type": "Feature", "properties": {"id": 2399}, "geometry": {"type": "Polygon", "coordinates": [[[15.7955933, -4.0807132, 0.0], [15.7969666, -4.0807132, 0.0], [15.7969666, -4.0793433, 0.0], [15.7955933, -4.0793433, 0.0], [15.79422, -4.0793433, 0.0], [15.7928467, -4.0793433, 0.0], [15.7928467, -4.0807132, 0.0], [15.79422, -4.0807132, 0.0], [15.79422, -4.082083, 0.0], [15.7955933, -4.082083, 0.0], [15.7955933, -4.0807132, 0.0]]]}}, {"type": "Feature", "properties": {"id": 2400}, "geometry": {"type": "Polygon", "coordinates": [[[15.846405, -4.0807132, 0.0], [15.846405, -4.0793433, 0.0], [15.8450317, -4.0793433, 0.0], [15.8450317, -4.0807132, 0.0], [15.8450317, -4.082083, 0.0], [15.846405, -4.082083, 0.0], [15.846405, -4.0807132, 0.0]]]}}, {"type": "Feature", "properties": {"id": 2401}, "geometry": {"type": "Polygon", "coordinates": [[[15.5401611, -4.0793433, 0.0], [15.5401611, -4.0807132, 0.0], [15.5415344, -4.0807132, 0.0], [15.5415344, -4.0793433, 0.0], [15.5401611, -4.0793433, 0.0]]]}}, {"type": "Feature", "properties": {"id": 2402}, "geometry": {"type": "Polygon", "coordinates": [[[15.6994629, -4.0793433, 0.0], [15.6994629, -4.0779735, 0.0], [15.6980896, -4.0779735, 0.0], [15.6980896, -4.0793433, 0.0], [15.6980896, -4.0807132, 0.0], [15.6994629, -4.0807132, 0.0], [15.6994629, -4.0793433, 0.0]]]}}, {"type": "Feature", "properties": {"id": 2403}, "geometry": {"type": "Polygon", "coordinates": [[[15.6692505, -4.0793433, 0.0], [15.6692505, -4.0807132, 0.0], [15.6706238, -4.0807132, 0.0], [15.6706238, -4.0793433, 0.0], [15.6692505, -4.0793433, 0.0]]]}}, {"type": "Feature", "properties": {"id": 2404}, "geometry": {"type": "Polygon", "coordinates": [[[15.6459045, -4.0793433, 0.0], [15.6459045, -4.0807132, 0.0], [15.6472778, -4.0807132, 0.0], [15.6472778, -4.0793433, 0.0], [15.6459045, -4.0793433, 0.0]]]}}, {"type": "Feature", "properties": {"id": 2405}, "geometry": {"type": "Polygon", "coordinates": [[[15.8944702, -4.0793433, 0.0], [15.8944702, -4.0807132, 0.0], [15.8958435, -4.0807132, 0.0], [15.8958435, -4.0793433, 0.0], [15.8944702, -4.0793433, 0.0]]]}}, {"type": "Feature", "properties": {"id": 2406}, "geometry": {"type": "Polygon", "coordinates": [[[15.8821106, -4.0779735, 0.0], [15.8821106, -4.0793433, 0.0], [15.8834839, -4.0793433, 0.0], [15.8834839, -4.0779735, 0.0], [15.8821106, -4.0779735, 0.0]]]}}, {"type": "Feature", "properties": {"id": 2407}, "geometry": {"type": "Polygon", "coordinates": [[[15.6376648, -4.0793433, 0.0], [15.6376648, -4.0807132, 0.0], [15.6390381, -4.0807132, 0.0], [15.6390381, -4.0793433, 0.0], [15.6376648, -4.0793433, 0.0]]]}}, {"type": "Feature", "properties": {"id": 2408}, "geometry": {"type": "Polygon", "coordinates": [[[15.610199, -4.0793433, 0.0], [15.610199, -4.0807132, 0.0], [15.6115723, -4.0807132, 0.0], [15.6115723, -4.0793433, 0.0], [15.610199, -4.0793433, 0.0]]]}}, {"type": "Feature", "properties": {"id": 2409}, "geometry": {"type": "Polygon", "coordinates": [[[15.6417847, -4.0779735, 0.0], [15.643158, -4.0779735, 0.0], [15.643158, -4.0766037, 0.0], [15.6417847, -4.0766037, 0.0], [15.6404114, -4.0766037, 0.0], [15.6404114, -4.0779735, 0.0], [15.6404114, -4.0793433, 0.0], [15.6417847, -4.0793433, 0.0], [15.6417847, -4.0779735, 0.0]]]}}, {"type": "Feature", "properties": {"id": 2410}, "geometry": {"type": "Polygon", "coordinates": [[[15.6610107, -4.0779735, 0.0], [15.6610107, -4.0793433, 0.0], [15.662384, -4.0793433, 0.0], [15.662384, -4.0779735, 0.0], [15.6610107, -4.0779735, 0.0]]]}}, {"type": "Feature", "properties": {"id": 2411}, "geometry": {"type": "Polygon", "coordinates": [[[15.6541443, -4.0779735, 0.0], [15.6541443, -4.0793433, 0.0], [15.6555176, -4.0793433, 0.0], [15.6555176, -4.0779735, 0.0], [15.6541443, -4.0779735, 0.0]]]}}, {"type": "Feature", "properties": {"id": 2412}, "geometry": {"type": "Polygon", "coordinates": [[[15.5621338, -4.0779735, 0.0], [15.5621338, -4.0793433, 0.0], [15.5635071, -4.0793433, 0.0], [15.5635071, -4.0779735, 0.0], [15.5621338, -4.0779735, 0.0]]]}}, {"type": "Feature", "properties": {"id": 2413}, "geometry": {"type": "Polygon", "coordinates": [[[15.7214355, -4.0779735, 0.0], [15.7214355, -4.0766037, 0.0], [15.7214355, -4.0752339, 0.0], [15.7200623, -4.0752339, 0.0], [15.7200623, -4.0766037, 0.0], [15.7200623, -4.0779735, 0.0], [15.7200623, -4.0793433, 0.0], [15.7214355, -4.0793433, 0.0], [15.7214355, -4.0779735, 0.0]]]}}, {"type": "Feature", "properties": {"id": 2414}, "geometry": {"type": "Polygon", "coordinates": [[[15.7063293, -4.0766037, 0.0], [15.7063293, -4.0752339, 0.0], [15.7049561, -4.0752339, 0.0], [15.7035828, -4.0752339, 0.0], [15.7022095, -4.0752339, 0.0], [15.7008362, -4.0752339, 0.0], [15.7008362, -4.0766037, 0.0], [15.6994629, -4.0766037, 0.0], [15.6994629, -4.0779735, 0.0], [15.7008362, -4.0779735, 0.0], [15.7022095, -4.0779735, 0.0], [15.7022095, -4.0766037, 0.0], [15.7035828, -4.0766037, 0.0], [15.7049561, -4.0766037, 0.0], [15.7049561, -4.0779735, 0.0], [15.7063293, -4.0779735, 0.0], [15.7077026, -4.0779735, 0.0], [15.7077026, -4.0766037, 0.0], [15.7063293, -4.0766037, 0.0]]]}}, {"type": "Feature", "properties": {"id": 2415}, "geometry": {"type": "Polygon", "coordinates": [[[15.8615112, -4.0766037, 0.0], [15.8601379, -4.0766037, 0.0], [15.8587646, -4.0766037, 0.0], [15.8587646, -4.0752339, 0.0], [15.8587646, -4.0738641, 0.0], [15.8573914, -4.0738641, 0.0], [15.8560181, -4.0738641, 0.0], [15.8546448, -4.0738641, 0.0], [15.8546448, -4.0752339, 0.0], [15.8560181, -4.0752339, 0.0], [15.8573914, -4.0752339, 0.0], [15.8573914, -4.0766037, 0.0], [15.8560181, -4.0766037, 0.0], [15.8546448, -4.0766037, 0.0], [15.8546448, -4.0779735, 0.0], [15.8560181, -4.0779735, 0.0], [15.8573914, -4.0779735, 0.0], [15.8587646, -4.0779735, 0.0], [15.8601379, -4.0779735, 0.0], [15.8615112, -4.0779735, 0.0], [15.8628845, -4.0779735, 0.0], [15.8642578, -4.0779735, 0.0], [15.8656311, -4.0779735, 0.0], [15.8670044, -4.0779735, 0.0], [15.8670044, -4.0766037, 0.0], [15.8656311, -4.0766037, 0.0], [15.8642578, -4.0766037, 0.0], [15.8628845, -4.0766037, 0.0], [15.8615112, -4.0766037, 0.0]]]}}, {"type": "Feature", "properties": {"id": 2416}, "geometry": {"type": "Polygon", "coordinates": [[[15.6266785, -4.0766037, 0.0], [15.6266785, -4.0752339, 0.0], [15.6253052, -4.0752339, 0.0], [15.6253052, -4.0738641, 0.0], [15.6239319, -4.0738641, 0.0], [15.6239319, -4.0724943, 0.0], [15.6239319, -4.0711244, 0.0], [15.6225586, -4.0711244, 0.0], [15.6211853, -4.0711244, 0.0], [15.619812, -4.0711244, 0.0], [15.619812, -4.0724943, 0.0], [15.619812, -4.0738641, 0.0], [15.6211853, -4.0738641, 0.0], [15.6225586, -4.0738641, 0.0], [15.6225586, -4.0752339, 0.0], [15.6239319, -4.0752339, 0.0], [15.6239319, -4.0766037, 0.0], [15.6253052, -4.0766037, 0.0], [15.6253052, -4.0779735, 0.0], [15.6266785, -4.0779735, 0.0], [15.6266785, -4.0766037, 0.0]]]}}, {"type": "Feature", "properties": {"id": 2417}, "geometry": {"type": "Polygon", "coordinates": [[[15.879364, -4.0766037, 0.0], [15.879364, -4.0779735, 0.0], [15.8807373, -4.0779735, 0.0], [15.8807373, -4.0766037, 0.0], [15.879364, -4.0766037, 0.0]]]}}, {"type": "Feature", "properties": {"id": 2418}, "geometry": {"type": "Polygon", "coordinates": [[[15.8724976, -4.0766037, 0.0], [15.8711243, -4.0766037, 0.0], [15.869751, -4.0766037, 0.0], [15.869751, -4.0779735, 0.0], [15.8711243, -4.0779735, 0.0], [15.8724976, -4.0779735, 0.0], [15.8738708, -4.0779735, 0.0], [15.8738708, -4.0766037, 0.0], [15.8724976, -4.0766037, 0.0]]]}}, {"type": "Feature", "properties": {"id": 2419}, "geometry": {"type": "Polygon", "coordinates": [[[15.6513977, -4.0766037, 0.0], [15.6513977, -4.0779735, 0.0], [15.652771, -4.0779735, 0.0], [15.652771, -4.0766037, 0.0], [15.6513977, -4.0766037, 0.0]]]}}, {"type": "Feature", "properties": {"id": 2420}, "geometry": {"type": "Polygon", "coordinates": [[[15.5635071, -4.0766037, 0.0], [15.5635071, -4.0779735, 0.0], [15.5648804, -4.0779735, 0.0], [15.5648804, -4.0766037, 0.0], [15.5635071, -4.0766037, 0.0]]]}}, {"type": "Feature", "properties": {"id": 2421}, "geometry": {"type": "Polygon", "coordinates": [[[15.8944702, -4.0766037, 0.0], [15.8944702, -4.0752339, 0.0], [15.8930969, -4.0752339, 0.0], [15.8917236, -4.0752339, 0.0], [15.8917236, -4.0766037, 0.0], [15.8930969, -4.0766037, 0.0], [15.8930969, -4.0779735, 0.0], [15.8944702, -4.0779735, 0.0], [15.8944702, -4.0766037, 0.0]]]}}, {"type": "Feature", "properties": {"id": 2422}, "geometry": {"type": "Polygon", "coordinates": [[[15.6706238, -4.0752339, 0.0], [15.6706238, -4.0766037, 0.0], [15.6719971, -4.0766037, 0.0], [15.6719971, -4.0752339, 0.0], [15.6706238, -4.0752339, 0.0]]]}}, {"type": "Feature", "properties": {"id": 2423}, "geometry": {"type": "Polygon", "coordinates": [[[15.6692505, -4.0752339, 0.0], [15.6706238, -4.0752339, 0.0], [15.6706238, -4.0738641, 0.0], [15.6692505, -4.0738641, 0.0], [15.6678772, -4.0738641, 0.0], [15.6678772, -4.0752339, 0.0], [15.6678772, -4.0766037, 0.0], [15.6692505, -4.0766037, 0.0], [15.6692505, -4.0752339, 0.0]]]}}, {"type": "Feature", "properties": {"id": 2424}, "geometry": {"type": "Polygon", "coordinates": [[[15.6211853, -4.0752339, 0.0], [15.6211853, -4.0766037, 0.0], [15.6225586, -4.0766037, 0.0], [15.6225586, -4.0752339, 0.0], [15.6211853, -4.0752339, 0.0]]]}}, {"type": "Feature", "properties": {"id": 2425}, "geometry": {"type": "Polygon", "coordinates": [[[15.5662537, -4.0752339, 0.0], [15.5662537, -4.0766037, 0.0], [15.567627, -4.0766037, 0.0], [15.567627, -4.0752339, 0.0], [15.5662537, -4.0752339, 0.0]]]}}, {"type": "Feature", "properties": {"id": 2426}, "geometry": {"type": "Polygon", "coordinates": [[[15.6541443, -4.0752339, 0.0], [15.6541443, -4.0738641, 0.0], [15.652771, -4.0738641, 0.0], [15.652771, -4.0752339, 0.0], [15.652771, -4.0766037, 0.0], [15.6541443, -4.0766037, 0.0], [15.6555176, -4.0766037, 0.0], [15.6555176, -4.0752339, 0.0], [15.6541443, -4.0752339, 0.0]]]}}, {"type": "Feature", "properties": {"id": 2427}, "geometry": {"type": "Polygon", "coordinates": [[[15.6802368, -4.0752339, 0.0], [15.6802368, -4.0738641, 0.0], [15.6802368, -4.0724943, 0.0], [15.6802368, -4.0711244, 0.0], [15.6788635, -4.0711244, 0.0], [15.6788635, -4.0724943, 0.0], [15.6774902, -4.0724943, 0.0], [15.6774902, -4.0738641, 0.0], [15.6788635, -4.0738641, 0.0], [15.6788635, -4.0752339, 0.0], [15.6788635, -4.0766037, 0.0], [15.6802368, -4.0766037, 0.0], [15.6802368, -4.0752339, 0.0]]]}}, {"type": "Feature", "properties": {"id": 2428}, "geometry": {"type": "Polygon", "coordinates": [[[15.8093262, -4.0752339, 0.0], [15.8079529, -4.0752339, 0.0], [15.8079529, -4.0766037, 0.0], [15.8093262, -4.0766037, 0.0], [15.8106995, -4.0766037, 0.0], [15.8106995, -4.0752339, 0.0], [15.8093262, -4.0752339, 0.0]]]}}, {"type": "Feature", "properties": {"id": 2429}, "geometry": {"type": "Polygon", "coordinates": [[[15.7351685, -4.0752339, 0.0], [15.7351685, -4.0766037, 0.0], [15.7365417, -4.0766037, 0.0], [15.7365417, -4.0752339, 0.0], [15.7351685, -4.0752339, 0.0]]]}}, {"type": "Feature", "properties": {"id": 2430}, "geometry": {"type": "Polygon", "coordinates": [[[15.7255554, -4.0752339, 0.0], [15.7269287, -4.0752339, 0.0], [15.7269287, -4.0738641, 0.0], [15.7255554, -4.0738641, 0.0], [15.7241821, -4.0738641, 0.0], [15.7241821, -4.0752339, 0.0], [15.7241821, -4.0766037, 0.0], [15.7255554, -4.0766037, 0.0], [15.7255554, -4.0752339, 0.0]]]}}, {"type": "Feature", "properties": {"id": 2431}, "geometry": {"type": "Polygon", "coordinates": [[[15.6637573, -4.0738641, 0.0], [15.662384, -4.0738641, 0.0], [15.662384, -4.0752339, 0.0], [15.6637573, -4.0752339, 0.0], [15.6651306, -4.0752339, 0.0], [15.6651306, -4.0738641, 0.0], [15.6637573, -4.0738641, 0.0]]]}}, {"type": "Feature", "properties": {"id": 2432}, "geometry": {"type": "Polygon", "coordinates": [[[15.813446, -4.0738641, 0.0], [15.813446, -4.0724943, 0.0], [15.8120728, -4.0724943, 0.0], [15.8106995, -4.0724943, 0.0], [15.8106995, -4.0738641, 0.0], [15.8106995, -4.0752339, 0.0], [15.8120728, -4.0752339, 0.0], [15.813446, -4.0752339, 0.0], [15.813446, -4.0738641, 0.0]]]}}, {"type": "Feature", "properties": {"id": 2433}, "geometry": {"type": "Polygon", "coordinates": [[[15.7846069, -4.0738641, 0.0], [15.7846069, -4.0752339, 0.0], [15.7859802, -4.0752339, 0.0], [15.7859802, -4.0738641, 0.0], [15.7846069, -4.0738641, 0.0]]]}}, {"type": "Feature", "properties": {"id": 2434}, "geometry": {"type": "Polygon", "coordinates": [[[15.7131958, -4.0738641, 0.0], [15.7131958, -4.0724943, 0.0], [15.7118225, -4.0724943, 0.0], [15.7118225, -4.0738641, 0.0], [15.7118225, -4.0752339, 0.0], [15.7131958, -4.0752339, 0.0], [15.7131958, -4.0738641, 0.0]]]}}, {"type": "Feature", "properties": {"id": 2435}, "geometry": {"type": "Polygon", "coordinates": [[[15.6967163, -4.0738641, 0.0], [15.6967163, -4.0724943, 0.0], [15.6967163, -4.0711244, 0.0], [15.695343, -4.0711244, 0.0], [15.695343, -4.0724943, 0.0], [15.6939697, -4.0724943, 0.0], [15.6939697, -4.0738641, 0.0], [15.695343, -4.0738641, 0.0], [15.695343, -4.0752339, 0.0], [15.6967163, -4.0752339, 0.0], [15.6980896, -4.0752339, 0.0], [15.6994629, -4.0752339, 0.0], [15.7008362, -4.0752339, 0.0], [15.7008362, -4.0738641, 0.0], [15.6994629, -4.0738641, 0.0], [15.6994629, -4.0724943, 0.0], [15.6980896, -4.0724943, 0.0], [15.6980896, -4.0738641, 0.0], [15.6967163, -4.0738641, 0.0]]]}}, {"type": "Feature", "properties": {"id": 2436}, "geometry": {"type": "Polygon", "coordinates": [[[15.8615112, -4.0738641, 0.0], [15.8615112, -4.0752339, 0.0], [15.8628845, -4.0752339, 0.0], [15.8642578, -4.0752339, 0.0], [15.8656311, -4.0752339, 0.0], [15.8656311, -4.0738641, 0.0], [15.8642578, -4.0738641, 0.0], [15.8628845, -4.0738641, 0.0], [15.8615112, -4.0738641, 0.0]]]}}, {"type": "Feature", "properties": {"id": 2437}, "geometry": {"type": "Polygon", "coordinates": [[[15.5813599, -4.0724943, 0.0], [15.5813599, -4.0738641, 0.0], [15.5827332, -4.0738641, 0.0], [15.5827332, -4.0724943, 0.0], [15.5813599, -4.0724943, 0.0]]]}}, {"type": "Feature", "properties": {"id": 2438}, "geometry": {"type": "Polygon", "coordinates": [[[15.6651306, -4.0724943, 0.0], [15.6651306, -4.0738641, 0.0], [15.6665039, -4.0738641, 0.0], [15.6665039, -4.0724943, 0.0], [15.6651306, -4.0724943, 0.0]]]}}, {"type": "Feature", "properties": {"id": 2439}, "geometry": {"type": "Polygon", "coordinates": [[[15.6829834, -4.0724943, 0.0], [15.6829834, -4.0711244, 0.0], [15.6829834, -4.0697546, 0.0], [15.6816101, -4.0697546, 0.0], [15.6816101, -4.0711244, 0.0], [15.6816101, -4.0724943, 0.0], [15.6816101, -4.0738641, 0.0], [15.6829834, -4.0738641, 0.0], [15.6843567, -4.0738641, 0.0], [15.6843567, -4.0724943, 0.0], [15.6829834, -4.0724943, 0.0]]]}}, {"type": "Feature", "properties": {"id": 2440}, "geometry": {"type": "Polygon", "coordinates": [[[15.8972168, -4.0724943, 0.0], [15.8972168, -4.0738641, 0.0], [15.8985901, -4.0738641, 0.0], [15.8985901, -4.0724943, 0.0], [15.8972168, -4.0724943, 0.0]]]}}, {"type": "Feature", "properties": {"id": 2441}, "geometry": {"type": "Polygon", "coordinates": [[[15.6610107, -4.0724943, 0.0], [15.6610107, -4.0711244, 0.0], [15.6596375, -4.0711244, 0.0], [15.6596375, -4.0724943, 0.0], [15.6596375, -4.0738641, 0.0], [15.6610107, -4.0738641, 0.0], [15.6610107, -4.0724943, 0.0]]]}}, {"type": "Feature", "properties": {"id": 2442}, "geometry": {"type": "Polygon", "coordinates": [[[15.7392883, -4.0724943, 0.0], [15.7392883, -4.0738641, 0.0], [15.7406616, -4.0738641, 0.0], [15.7406616, -4.0724943, 0.0], [15.7392883, -4.0724943, 0.0]]]}}, {"type": "Feature", "properties": {"id": 2443}, "geometry": {"type": "Polygon", "coordinates": [[[15.6486511, -4.0724943, 0.0], [15.6500244, -4.0724943, 0.0], [15.6500244, -4.0711244, 0.0], [15.6486511, -4.0711244, 0.0], [15.6472778, -4.0711244, 0.0], [15.6472778, -4.0724943, 0.0], [15.6472778, -4.0738641, 0.0], [15.6486511, -4.0738641, 0.0], [15.6486511, -4.0724943, 0.0]]]}}, {"type": "Feature", "properties": {"id": 2444}, "geometry": {"type": "Polygon", "coordinates": [[[15.5662537, -4.0724943, 0.0], [15.5662537, -4.0738641, 0.0], [15.567627, -4.0738641, 0.0], [15.567627, -4.0724943, 0.0], [15.5662537, -4.0724943, 0.0]]]}}, {"type": "Feature", "properties": {"id": 2445}, "geometry": {"type": "Polygon", "coordinates": [[[15.6678772, -4.0711244, 0.0], [15.6678772, -4.0697546, 0.0], [15.6665039, -4.0697546, 0.0], [15.6665039, -4.0711244, 0.0], [15.6665039, -4.0724943, 0.0], [15.6678772, -4.0724943, 0.0], [15.6692505, -4.0724943, 0.0], [15.6692505, -4.0711244, 0.0], [15.6678772, -4.0711244, 0.0]]]}}, {"type": "Feature", "properties": {"id": 2446}, "geometry": {"type": "Polygon", "coordinates": [[[15.5731201, -4.0711244, 0.0], [15.5744934, -4.0711244, 0.0], [15.5758667, -4.0711244, 0.0], [15.5758667, -4.0697546, 0.0], [15.5744934, -4.0697546, 0.0], [15.5731201, -4.0697546, 0.0], [15.5731201, -4.0683848, 0.0], [15.5717468, -4.0683848, 0.0], [15.5717468, -4.0697546, 0.0], [15.5717468, -4.0711244, 0.0], [15.5717468, -4.0724943, 0.0], [15.5731201, -4.0724943, 0.0], [15.5731201, -4.0711244, 0.0]]]}}, {"type": "Feature", "properties": {"id": 2447}, "geometry": {"type": "Polygon", "coordinates": [[[15.6568909, -4.0711244, 0.0], [15.6568909, -4.0697546, 0.0], [15.6555176, -4.0697546, 0.0], [15.6555176, -4.0683848, 0.0], [15.6541443, -4.0683848, 0.0], [15.6541443, -4.0697546, 0.0], [15.6541443, -4.0711244, 0.0], [15.6555176, -4.0711244, 0.0], [15.6555176, -4.0724943, 0.0], [15.6568909, -4.0724943, 0.0], [15.6568909, -4.0711244, 0.0]]]}}, {"type": "Feature", "properties": {"id": 2448}, "geometry": {"type": "Polygon", "coordinates": [[[15.652771, -4.0711244, 0.0], [15.652771, -4.0724943, 0.0], [15.6541443, -4.0724943, 0.0], [15.6541443, -4.0711244, 0.0], [15.652771, -4.0711244, 0.0]]]}}, {"type": "Feature", "properties": {"id": 2449}, "geometry": {"type": "Polygon", "coordinates": [[[15.8944702, -4.0711244, 0.0], [15.8958435, -4.0711244, 0.0], [15.8958435, -4.0697546, 0.0], [15.8944702, -4.0697546, 0.0], [15.8930969, -4.0697546, 0.0], [15.8917236, -4.0697546, 0.0], [15.8917236, -4.0711244, 0.0], [15.8917236, -4.0724943, 0.0], [15.8930969, -4.0724943, 0.0], [15.8944702, -4.0724943, 0.0], [15.8944702, -4.0711244, 0.0]]]}}, {"type": "Feature", "properties": {"id": 2450}, "geometry": {"type": "Polygon", "coordinates": [[[15.8834839, -4.0711244, 0.0], [15.8834839, -4.0724943, 0.0], [15.8848572, -4.0724943, 0.0], [15.8848572, -4.0711244, 0.0], [15.8834839, -4.0711244, 0.0]]]}}, {"type": "Feature", "properties": {"id": 2451}, "geometry": {"type": "Polygon", "coordinates": [[[15.7598877, -4.0711244, 0.0], [15.7598877, -4.0724943, 0.0], [15.761261, -4.0724943, 0.0], [15.761261, -4.0711244, 0.0], [15.7598877, -4.0711244, 0.0]]]}}, {"type": "Feature", "properties": {"id": 2452}, "geometry": {"type": "Polygon", "coordinates": [[[15.7241821, -4.0711244, 0.0], [15.7241821, -4.0724943, 0.0], [15.7255554, -4.0724943, 0.0], [15.7255554, -4.0711244, 0.0], [15.7241821, -4.0711244, 0.0]]]}}, {"type": "Feature", "properties": {"id": 2453}, "geometry": {"type": "Polygon", "coordinates": [[[15.7104492, -4.0711244, 0.0], [15.7104492, -4.0724943, 0.0], [15.7118225, -4.0724943, 0.0], [15.7118225, -4.0711244, 0.0], [15.7104492, -4.0711244, 0.0]]]}}, {"type": "Feature", "properties": {"id": 2454}, "geometry": {"type": "Polygon", "coordinates": [[[15.8999634, -4.0697546, 0.0], [15.8999634, -4.0711244, 0.0], [15.9013367, -4.0711244, 0.0], [15.9013367, -4.0697546, 0.0], [15.8999634, -4.0697546, 0.0]]]}}, {"type": "Feature", "properties": {"id": 2455}, "geometry": {"type": "Polygon", "coordinates": [[[15.7228088, -4.0697546, 0.0], [15.7228088, -4.0711244, 0.0], [15.7241821, -4.0711244, 0.0], [15.7241821, -4.0697546, 0.0], [15.7228088, -4.0697546, 0.0]]]}}, {"type": "Feature", "properties": {"id": 2456}, "geometry": {"type": "Polygon", "coordinates": [[[15.6500244, -4.0697546, 0.0], [15.6500244, -4.0711244, 0.0], [15.6513977, -4.0711244, 0.0], [15.6513977, -4.0697546, 0.0], [15.6500244, -4.0697546, 0.0]]]}}, {"type": "Feature", "properties": {"id": 2457}, "geometry": {"type": "Polygon", "coordinates": [[[15.5786133, -4.0697546, 0.0], [15.5786133, -4.0711244, 0.0], [15.5799866, -4.0711244, 0.0], [15.5799866, -4.0697546, 0.0], [15.5786133, -4.0697546, 0.0]]]}}, {"type": "Feature", "properties": {"id": 2458}, "geometry": {"type": "Polygon", "coordinates": [[[15.662384, -4.0697546, 0.0], [15.662384, -4.0683848, 0.0], [15.6610107, -4.0683848, 0.0], [15.6596375, -4.0683848, 0.0], [15.6596375, -4.0670149, 0.0], [15.6582642, -4.0670149, 0.0], [15.6582642, -4.0683848, 0.0], [15.6582642, -4.0697546, 0.0], [15.6596375, -4.0697546, 0.0], [15.6610107, -4.0697546, 0.0], [15.6610107, -4.0711244, 0.0], [15.662384, -4.0711244, 0.0], [15.6637573, -4.0711244, 0.0], [15.6637573, -4.0697546, 0.0], [15.662384, -4.0697546, 0.0]]]}}, {"type": "Feature", "properties": {"id": 2459}, "geometry": {"type": "Polygon", "coordinates": [[[15.7035828, -4.0697546, 0.0], [15.7035828, -4.0711244, 0.0], [15.7049561, -4.0711244, 0.0], [15.7049561, -4.0697546, 0.0], [15.7035828, -4.0697546, 0.0]]]}}, {"type": "Feature", "properties": {"id": 2460}, "geometry": {"type": "Polygon", "coordinates": [[[15.6513977, -4.0683848, 0.0], [15.6513977, -4.0697546, 0.0], [15.652771, -4.0697546, 0.0], [15.652771, -4.0683848, 0.0], [15.6513977, -4.0683848, 0.0]]]}}, {"type": "Feature", "properties": {"id": 2461}, "geometry": {"type": "Polygon", "coordinates": [[[15.7337952, -4.0683848, 0.0], [15.7337952, -4.0697546, 0.0], [15.7351685, -4.0697546, 0.0], [15.7365417, -4.0697546, 0.0], [15.7365417, -4.0683848, 0.0], [15.7365417, -4.0670149, 0.0], [15.7351685, -4.0670149, 0.0], [15.7351685, -4.0683848, 0.0], [15.7337952, -4.0683848, 0.0]]]}}, {"type": "Feature", "properties": {"id": 2462}, "geometry": {"type": "Polygon", "coordinates": [[[15.8189392, -4.0683848, 0.0], [15.8189392, -4.0697546, 0.0], [15.8203125, -4.0697546, 0.0], [15.8203125, -4.0683848, 0.0], [15.8189392, -4.0683848, 0.0]]]}}, {"type": "Feature", "properties": {"id": 2463}, "geometry": {"type": "Polygon", "coordinates": [[[15.619812, -4.0683848, 0.0], [15.619812, -4.0697546, 0.0], [15.6211853, -4.0697546, 0.0], [15.6211853, -4.0683848, 0.0], [15.619812, -4.0683848, 0.0]]]}}, {"type": "Feature", "properties": {"id": 2464}, "geometry": {"type": "Polygon", "coordinates": [[[15.6843567, -4.0683848, 0.0], [15.68573, -4.0683848, 0.0], [15.68573, -4.0670149, 0.0], [15.68573, -4.0656451, 0.0], [15.6843567, -4.0656451, 0.0], [15.6843567, -4.0670149, 0.0], [15.6829834, -4.0670149, 0.0], [15.6829834, -4.0683848, 0.0], [15.6829834, -4.0697546, 0.0], [15.6843567, -4.0697546, 0.0], [15.6843567, -4.0683848, 0.0]]]}}, {"type": "Feature", "properties": {"id": 2465}, "geometry": {"type": "Polygon", "coordinates": [[[15.7063293, -4.0683848, 0.0], [15.7063293, -4.0697546, 0.0], [15.7077026, -4.0697546, 0.0], [15.7077026, -4.0683848, 0.0], [15.7063293, -4.0683848, 0.0]]]}}, {"type": "Feature", "properties": {"id": 2466}, "geometry": {"type": "Polygon", "coordinates": [[[15.6678772, -4.0683848, 0.0], [15.6678772, -4.0697546, 0.0], [15.6692505, -4.0697546, 0.0], [15.6692505, -4.0683848, 0.0], [15.6678772, -4.0683848, 0.0]]]}}, {"type": "Feature", "properties": {"id": 2467}, "geometry": {"type": "Polygon", "coordinates": [[[15.8985901, -4.0670149, 0.0], [15.8985901, -4.0683848, 0.0], [15.8999634, -4.0683848, 0.0], [15.8999634, -4.0670149, 0.0], [15.8985901, -4.0670149, 0.0]]]}}, {"type": "Feature", "properties": {"id": 2468}, "geometry": {"type": "Polygon", "coordinates": [[[15.8326721, -4.0670149, 0.0], [15.8326721, -4.0683848, 0.0], [15.8340454, -4.0683848, 0.0], [15.8340454, -4.0670149, 0.0], [15.8326721, -4.0670149, 0.0]]]}}, {"type": "Feature", "properties": {"id": 2469}, "geometry": {"type": "Polygon", "coordinates": [[[15.7557678, -4.0670149, 0.0], [15.7557678, -4.0683848, 0.0], [15.7571411, -4.0683848, 0.0], [15.7571411, -4.0670149, 0.0], [15.7557678, -4.0670149, 0.0]]]}}, {"type": "Feature", "properties": {"id": 2470}, "geometry": {"type": "Polygon", "coordinates": [[[15.90271, -4.0670149, 0.0], [15.90271, -4.0683848, 0.0], [15.9040833, -4.0683848, 0.0], [15.9040833, -4.0670149, 0.0], [15.90271, -4.0670149, 0.0]]]}}, {"type": "Feature", "properties": {"id": 2471}, "geometry": {"type": "Polygon", "coordinates": [[[15.6665039, -4.0683848, 0.0], [15.6678772, -4.0683848, 0.0], [15.6678772, -4.0670149, 0.0], [15.6678772, -4.0656451, 0.0], [15.6665039, -4.0656451, 0.0], [15.6651306, -4.0656451, 0.0], [15.6651306, -4.0670149, 0.0], [15.6651306, -4.0683848, 0.0], [15.6665039, -4.0683848, 0.0]]]}}, {"type": "Feature", "properties": {"id": 2472}, "geometry": {"type": "Polygon", "coordinates": [[[15.7241821, -4.0670149, 0.0], [15.7241821, -4.0683848, 0.0], [15.7255554, -4.0683848, 0.0], [15.7255554, -4.0670149, 0.0], [15.7241821, -4.0670149, 0.0]]]}}, {"type": "Feature", "properties": {"id": 2473}, "geometry": {"type": "Polygon", "coordinates": [[[15.6747437, -4.0670149, 0.0], [15.6747437, -4.0683848, 0.0], [15.6761169, -4.0683848, 0.0], [15.6761169, -4.0670149, 0.0], [15.6747437, -4.0670149, 0.0]]]}}, {"type": "Feature", "properties": {"id": 2474}, "geometry": {"type": "Polygon", "coordinates": [[[15.6719971, -4.0670149, 0.0], [15.6719971, -4.0656451, 0.0], [15.6706238, -4.0656451, 0.0], [15.6692505, -4.0656451, 0.0], [15.6692505, -4.0670149, 0.0], [15.6706238, -4.0670149, 0.0], [15.6706238, -4.0683848, 0.0], [15.6719971, -4.0683848, 0.0], [15.6719971, -4.0670149, 0.0]]]}}, {"type": "Feature", "properties": {"id": 2475}, "geometry": {"type": "Polygon", "coordinates": [[[15.662384, -4.0656451, 0.0], [15.662384, -4.0670149, 0.0], [15.6637573, -4.0670149, 0.0], [15.6637573, -4.0656451, 0.0], [15.662384, -4.0656451, 0.0]]]}}, {"type": "Feature", "properties": {"id": 2476}, "geometry": {"type": "Polygon", "coordinates": [[[15.7530212, -4.0656451, 0.0], [15.7530212, -4.0670149, 0.0], [15.7543945, -4.0670149, 0.0], [15.7543945, -4.0656451, 0.0], [15.7530212, -4.0656451, 0.0]]]}}, {"type": "Feature", "properties": {"id": 2477}, "geometry": {"type": "Polygon", "coordinates": [[[15.7502747, -4.0656451, 0.0], [15.7502747, -4.0642753, 0.0], [15.7489014, -4.0642753, 0.0], [15.7475281, -4.0642753, 0.0], [15.7461548, -4.0642753, 0.0], [15.7461548, -4.0656451, 0.0], [15.7475281, -4.0656451, 0.0], [15.7475281, -4.0670149, 0.0], [15.7489014, -4.0670149, 0.0], [15.7502747, -4.0670149, 0.0], [15.7502747, -4.0656451, 0.0]]]}}, {"type": "Feature", "properties": {"id": 2478}, "geometry": {"type": "Polygon", "coordinates": [[[15.7104492, -4.0656451, 0.0], [15.7090759, -4.0656451, 0.0], [15.7077026, -4.0656451, 0.0], [15.7077026, -4.0670149, 0.0], [15.7090759, -4.0670149, 0.0], [15.7104492, -4.0670149, 0.0], [15.7118225, -4.0670149, 0.0], [15.7118225, -4.0656451, 0.0], [15.7104492, -4.0656451, 0.0]]]}}, {"type": "Feature", "properties": {"id": 2479}, "geometry": {"type": "Polygon", "coordinates": [[[15.6774902, -4.0656451, 0.0], [15.6761169, -4.0656451, 0.0], [15.6761169, -4.0670149, 0.0], [15.6774902, -4.0670149, 0.0], [15.6788635, -4.0670149, 0.0], [15.6788635, -4.0656451, 0.0], [15.6774902, -4.0656451, 0.0]]]}}, {"type": "Feature", "properties": {"id": 2480}, "geometry": {"type": "Polygon", "coordinates": [[[15.6568909, -4.0642753, 0.0], [15.6568909, -4.0656451, 0.0], [15.6582642, -4.0656451, 0.0], [15.6582642, -4.0642753, 0.0], [15.6568909, -4.0642753, 0.0]]]}}, {"type": "Feature", "properties": {"id": 2481}, "geometry": {"type": "Polygon", "coordinates": [[[15.6719971, -4.0642753, 0.0], [15.6719971, -4.0656451, 0.0], [15.6733704, -4.0656451, 0.0], [15.6733704, -4.0642753, 0.0], [15.6719971, -4.0642753, 0.0]]]}}, {"type": "Feature", "properties": {"id": 2482}, "geometry": {"type": "Polygon", "coordinates": [[[15.6747437, -4.0642753, 0.0], [15.6747437, -4.0656451, 0.0], [15.6761169, -4.0656451, 0.0], [15.6761169, -4.0642753, 0.0], [15.6747437, -4.0642753, 0.0]]]}}, {"type": "Feature", "properties": {"id": 2483}, "geometry": {"type": "Polygon", "coordinates": [[[15.6486511, -4.0642753, 0.0], [15.6472778, -4.0642753, 0.0], [15.6472778, -4.0656451, 0.0], [15.6486511, -4.0656451, 0.0], [15.6500244, -4.0656451, 0.0], [15.6500244, -4.0642753, 0.0], [15.6486511, -4.0642753, 0.0]]]}}, {"type": "Feature", "properties": {"id": 2484}, "geometry": {"type": "Polygon", "coordinates": [[[15.8189392, -4.0642753, 0.0], [15.8175659, -4.0642753, 0.0], [15.8175659, -4.0656451, 0.0], [15.8189392, -4.0656451, 0.0], [15.8203125, -4.0656451, 0.0], [15.8203125, -4.0642753, 0.0], [15.8189392, -4.0642753, 0.0]]]}}, {"type": "Feature", "properties": {"id": 2485}, "geometry": {"type": "Polygon", "coordinates": [[[15.8079529, -4.0642753, 0.0], [15.8079529, -4.0656451, 0.0], [15.8093262, -4.0656451, 0.0], [15.8093262, -4.0642753, 0.0], [15.8079529, -4.0642753, 0.0]]]}}, {"type": "Feature", "properties": {"id": 2486}, "geometry": {"type": "Polygon", "coordinates": [[[15.761261, -4.0642753, 0.0], [15.761261, -4.0656451, 0.0], [15.7626343, -4.0656451, 0.0], [15.7626343, -4.0642753, 0.0], [15.761261, -4.0642753, 0.0]]]}}, {"type": "Feature", "properties": {"id": 2487}, "geometry": {"type": "Polygon", "coordinates": [[[15.6651306, -4.0642753, 0.0], [15.6651306, -4.0629054, 0.0], [15.6637573, -4.0629054, 0.0], [15.6637573, -4.0642753, 0.0], [15.6637573, -4.0656451, 0.0], [15.6651306, -4.0656451, 0.0], [15.6651306, -4.0642753, 0.0]]]}}, {"type": "Feature", "properties": {"id": 2488}, "geometry": {"type": "Polygon", "coordinates": [[[15.6871033, -4.0642753, 0.0], [15.6871033, -4.0656451, 0.0], [15.6884766, -4.0656451, 0.0], [15.6898499, -4.0656451, 0.0], [15.6912231, -4.0656451, 0.0], [15.6912231, -4.0642753, 0.0], [15.6898499, -4.0642753, 0.0], [15.6884766, -4.0642753, 0.0], [15.6871033, -4.0642753, 0.0]]]}}, {"type": "Feature", "properties": {"id": 2489}, "geometry": {"type": "Polygon", "coordinates": [[[15.6678772, -4.0642753, 0.0], [15.6678772, -4.0656451, 0.0], [15.6692505, -4.0656451, 0.0], [15.6692505, -4.0642753, 0.0], [15.6678772, -4.0642753, 0.0]]]}}, {"type": "Feature", "properties": {"id": 2490}, "geometry": {"type": "Polygon", "coordinates": [[[15.8985901, -4.0642753, 0.0], [15.8985901, -4.0656451, 0.0], [15.8999634, -4.0656451, 0.0], [15.8999634, -4.0642753, 0.0], [15.8985901, -4.0642753, 0.0]]]}}, {"type": "Feature", "properties": {"id": 2491}, "geometry": {"type": "Polygon", "coordinates": [[[15.8848572, -4.0642753, 0.0], [15.8848572, -4.0656451, 0.0], [15.8862305, -4.0656451, 0.0], [15.8862305, -4.0642753, 0.0], [15.8848572, -4.0642753, 0.0]]]}}, {"type": "Feature", "properties": {"id": 2492}, "geometry": {"type": "Polygon", "coordinates": [[[15.6829834, -4.0629054, 0.0], [15.6829834, -4.0615356, 0.0], [15.6829834, -4.0601658, 0.0], [15.6816101, -4.0601658, 0.0], [15.6816101, -4.0615356, 0.0], [15.6816101, -4.0629054, 0.0], [15.6816101, -4.0642753, 0.0], [15.6829834, -4.0642753, 0.0], [15.6829834, -4.0629054, 0.0]]]}}, {"type": "Feature", "properties": {"id": 2493}, "geometry": {"type": "Polygon", "coordinates": [[[15.8216858, -4.0629054, 0.0], [15.8216858, -4.0642753, 0.0], [15.8230591, -4.0642753, 0.0], [15.8230591, -4.0629054, 0.0], [15.8216858, -4.0629054, 0.0]]]}}, {"type": "Feature", "properties": {"id": 2494}, "geometry": {"type": "Polygon", "coordinates": [[[15.8491516, -4.0629054, 0.0], [15.8491516, -4.0642753, 0.0], [15.8505249, -4.0642753, 0.0], [15.8518982, -4.0642753, 0.0], [15.8518982, -4.0629054, 0.0], [15.8532715, -4.0629054, 0.0], [15.8532715, -4.0615356, 0.0], [15.8518982, -4.0615356, 0.0], [15.8505249, -4.0615356, 0.0], [15.8505249, -4.0629054, 0.0], [15.8491516, -4.0629054, 0.0]]]}}, {"type": "Feature", "properties": {"id": 2495}, "geometry": {"type": "Polygon", "coordinates": [[[15.6665039, -4.0629054, 0.0], [15.6665039, -4.0642753, 0.0], [15.6678772, -4.0642753, 0.0], [15.6678772, -4.0629054, 0.0], [15.6665039, -4.0629054, 0.0]]]}}, {"type": "Feature", "properties": {"id": 2496}, "geometry": {"type": "Polygon", "coordinates": [[[15.8670044, -4.0629054, 0.0], [15.8670044, -4.0642753, 0.0], [15.8683777, -4.0642753, 0.0], [15.8683777, -4.0629054, 0.0], [15.8670044, -4.0629054, 0.0]]]}}, {"type": "Feature", "properties": {"id": 2497}, "geometry": {"type": "Polygon", "coordinates": [[[15.7365417, -4.0629054, 0.0], [15.7365417, -4.0642753, 0.0], [15.737915, -4.0642753, 0.0], [15.737915, -4.0629054, 0.0], [15.7365417, -4.0629054, 0.0]]]}}, {"type": "Feature", "properties": {"id": 2498}, "geometry": {"type": "Polygon", "coordinates": [[[15.7557678, -4.0615356, 0.0], [15.7557678, -4.0629054, 0.0], [15.7571411, -4.0629054, 0.0], [15.7571411, -4.0615356, 0.0], [15.7557678, -4.0615356, 0.0]]]}}, {"type": "Feature", "properties": {"id": 2499}, "geometry": {"type": "Polygon", "coordinates": [[[15.6733704, -4.0615356, 0.0], [15.6733704, -4.0629054, 0.0], [15.6747437, -4.0629054, 0.0], [15.6747437, -4.0615356, 0.0], [15.6733704, -4.0615356, 0.0]]]}}, {"type": "Feature", "properties": {"id": 2500}, "geometry": {"type": "Polygon", "coordinates": [[[15.5882263, -4.0615356, 0.0], [15.5882263, -4.0629054, 0.0], [15.5895996, -4.0629054, 0.0], [15.5895996, -4.0615356, 0.0], [15.5882263, -4.0615356, 0.0]]]}}, {"type": "Feature", "properties": {"id": 2501}, "geometry": {"type": "Polygon", "coordinates": [[[15.8203125, -4.0615356, 0.0], [15.8203125, -4.0629054, 0.0], [15.8216858, -4.0629054, 0.0], [15.8216858, -4.0615356, 0.0], [15.8203125, -4.0615356, 0.0]]]}}, {"type": "Feature", "properties": {"id": 2502}, "geometry": {"type": "Polygon", "coordinates": [[[15.7392883, -4.0615356, 0.0], [15.7392883, -4.0629054, 0.0], [15.7406616, -4.0629054, 0.0], [15.7406616, -4.0615356, 0.0], [15.7392883, -4.0615356, 0.0]]]}}, {"type": "Feature", "properties": {"id": 2503}, "geometry": {"type": "Polygon", "coordinates": [[[15.8848572, -4.0615356, 0.0], [15.8848572, -4.0629054, 0.0], [15.8862305, -4.0629054, 0.0], [15.8862305, -4.0615356, 0.0], [15.8848572, -4.0615356, 0.0]]]}}, {"type": "Feature", "properties": {"id": 2504}, "geometry": {"type": "Polygon", "coordinates": [[[15.8093262, -4.0615356, 0.0], [15.8093262, -4.0629054, 0.0], [15.8106995, -4.0629054, 0.0], [15.8106995, -4.0615356, 0.0], [15.8093262, -4.0615356, 0.0]]]}}, {"type": "Feature", "properties": {"id": 2505}, "geometry": {"type": "Polygon", "coordinates": [[[15.7653809, -4.0601658, 0.0], [15.7667542, -4.0601658, 0.0], [15.7667542, -4.0587959, 0.0], [15.7667542, -4.0574261, 0.0], [15.7653809, -4.0574261, 0.0], [15.7640076, -4.0574261, 0.0], [15.7640076, -4.0587959, 0.0], [15.7626343, -4.0587959, 0.0], [15.7626343, -4.0601658, 0.0], [15.7626343, -4.0615356, 0.0], [15.7640076, -4.0615356, 0.0], [15.7653809, -4.0615356, 0.0], [15.7653809, -4.0601658, 0.0]]]}}, {"type": "Feature", "properties": {"id": 2506}, "geometry": {"type": "Polygon", "coordinates": [[[15.7447815, -4.0601658, 0.0], [15.7447815, -4.0615356, 0.0], [15.7461548, -4.0615356, 0.0], [15.7461548, -4.0601658, 0.0], [15.7447815, -4.0601658, 0.0]]]}}, {"type": "Feature", "properties": {"id": 2507}, "geometry": {"type": "Polygon", "coordinates": [[[15.7104492, -4.0601658, 0.0], [15.7104492, -4.0615356, 0.0], [15.7118225, -4.0615356, 0.0], [15.7118225, -4.0601658, 0.0], [15.7104492, -4.0601658, 0.0]]]}}, {"type": "Feature", "properties": {"id": 2508}, "geometry": {"type": "Polygon", "coordinates": [[[15.6692505, -4.0601658, 0.0], [15.6678772, -4.0601658, 0.0], [15.6678772, -4.0615356, 0.0], [15.6692505, -4.0615356, 0.0], [15.6706238, -4.0615356, 0.0], [15.6706238, -4.0601658, 0.0], [15.6692505, -4.0601658, 0.0]]]}}, {"type": "Feature", "properties": {"id": 2509}, "geometry": {"type": "Polygon", "coordinates": [[[15.8175659, -4.0601658, 0.0], [15.8175659, -4.0587959, 0.0], [15.8161926, -4.0587959, 0.0], [15.8161926, -4.0601658, 0.0], [15.8161926, -4.0615356, 0.0], [15.8175659, -4.0615356, 0.0], [15.8175659, -4.0601658, 0.0]]]}}, {"type": "Feature", "properties": {"id": 2510}, "geometry": {"type": "Polygon", "coordinates": [[[15.7434082, -4.0587959, 0.0], [15.7434082, -4.0601658, 0.0], [15.7447815, -4.0601658, 0.0], [15.7447815, -4.0587959, 0.0], [15.7434082, -4.0587959, 0.0]]]}}, {"type": "Feature", "properties": {"id": 2511}, "geometry": {"type": "Polygon", "coordinates": [[[15.6967163, -4.0587959, 0.0], [15.695343, -4.0587959, 0.0], [15.695343, -4.0601658, 0.0], [15.6967163, -4.0601658, 0.0], [15.6980896, -4.0601658, 0.0], [15.6980896, -4.0587959, 0.0], [15.6967163, -4.0587959, 0.0]]]}}, {"type": "Feature", "properties": {"id": 2512}, "geometry": {"type": "Polygon", "coordinates": [[[15.6719971, -4.0587959, 0.0], [15.6719971, -4.0574261, 0.0], [15.6706238, -4.0574261, 0.0], [15.6706238, -4.0560562, 0.0], [15.6706238, -4.0546864, 0.0], [15.6706238, -4.0533165, 0.0], [15.6692505, -4.0533165, 0.0], [15.6692505, -4.0546864, 0.0], [15.6692505, -4.0560562, 0.0], [15.6678772, -4.0560562, 0.0], [15.6678772, -4.0574261, 0.0], [15.6692505, -4.0574261, 0.0], [15.6692505, -4.0587959, 0.0], [15.6706238, -4.0587959, 0.0], [15.6706238, -4.0601658, 0.0], [15.6719971, -4.0601658, 0.0], [15.6719971, -4.0587959, 0.0]]]}}, {"type": "Feature", "properties": {"id": 2513}, "geometry": {"type": "Polygon", "coordinates": [[[15.8299255, -4.0587959, 0.0], [15.8299255, -4.0574261, 0.0], [15.8285522, -4.0574261, 0.0], [15.827179, -4.0574261, 0.0], [15.827179, -4.0587959, 0.0], [15.827179, -4.0601658, 0.0], [15.8285522, -4.0601658, 0.0], [15.8299255, -4.0601658, 0.0], [15.8299255, -4.0587959, 0.0]]]}}, {"type": "Feature", "properties": {"id": 2514}, "geometry": {"type": "Polygon", "coordinates": [[[15.8958435, -4.0587959, 0.0], [15.8958435, -4.0601658, 0.0], [15.8972168, -4.0601658, 0.0], [15.8972168, -4.0587959, 0.0], [15.8958435, -4.0587959, 0.0]]]}}, {"type": "Feature", "properties": {"id": 2515}, "geometry": {"type": "Polygon", "coordinates": [[[15.8821106, -4.0587959, 0.0], [15.8821106, -4.0601658, 0.0], [15.8834839, -4.0601658, 0.0], [15.8834839, -4.0587959, 0.0], [15.8821106, -4.0587959, 0.0]]]}}, {"type": "Feature", "properties": {"id": 2516}, "geometry": {"type": "Polygon", "coordinates": [[[15.8409119, -4.0587959, 0.0], [15.8409119, -4.0601658, 0.0], [15.8422852, -4.0601658, 0.0], [15.8422852, -4.0587959, 0.0], [15.8409119, -4.0587959, 0.0]]]}}, {"type": "Feature", "properties": {"id": 2517}, "geometry": {"type": "Polygon", "coordinates": [[[15.8340454, -4.0587959, 0.0], [15.8340454, -4.0601658, 0.0], [15.8354187, -4.0601658, 0.0], [15.8354187, -4.0587959, 0.0], [15.8340454, -4.0587959, 0.0]]]}}, {"type": "Feature", "properties": {"id": 2518}, "geometry": {"type": "Polygon", "coordinates": [[[15.7955933, -4.0574261, 0.0], [15.7955933, -4.0587959, 0.0], [15.7969666, -4.0587959, 0.0], [15.7969666, -4.0574261, 0.0], [15.7955933, -4.0574261, 0.0]]]}}, {"type": "Feature", "properties": {"id": 2519}, "geometry": {"type": "Polygon", "coordinates": [[[15.8065796, -4.0574261, 0.0], [15.8065796, -4.0587959, 0.0], [15.8079529, -4.0587959, 0.0], [15.8079529, -4.0574261, 0.0], [15.8065796, -4.0574261, 0.0]]]}}, {"type": "Feature", "properties": {"id": 2520}, "geometry": {"type": "Polygon", "coordinates": [[[15.6445312, -4.0574261, 0.0], [15.6445312, -4.0560562, 0.0], [15.643158, -4.0560562, 0.0], [15.643158, -4.0546864, 0.0], [15.6417847, -4.0546864, 0.0], [15.6417847, -4.0560562, 0.0], [15.6417847, -4.0574261, 0.0], [15.643158, -4.0574261, 0.0], [15.643158, -4.0587959, 0.0], [15.6445312, -4.0587959, 0.0], [15.6445312, -4.0574261, 0.0]]]}}, {"type": "Feature", "properties": {"id": 2521}, "geometry": {"type": "Polygon", "coordinates": [[[15.8532715, -4.0574261, 0.0], [15.8518982, -4.0574261, 0.0], [15.8518982, -4.0587959, 0.0], [15.8532715, -4.0587959, 0.0], [15.8546448, -4.0587959, 0.0], [15.8546448, -4.0574261, 0.0], [15.8532715, -4.0574261, 0.0]]]}}, {"type": "Feature", "properties": {"id": 2522}, "geometry": {"type": "Polygon", "coordinates": [[[15.7997131, -4.0574261, 0.0], [15.7997131, -4.0587959, 0.0], [15.8010864, -4.0587959, 0.0], [15.8010864, -4.0574261, 0.0], [15.7997131, -4.0574261, 0.0]]]}}, {"type": "Feature", "properties": {"id": 2523}, "geometry": {"type": "Polygon", "coordinates": [[[15.6651306, -4.0574261, 0.0], [15.6651306, -4.0587959, 0.0], [15.6665039, -4.0587959, 0.0], [15.6665039, -4.0574261, 0.0], [15.6651306, -4.0574261, 0.0]]]}}, {"type": "Feature", "properties": {"id": 2524}, "geometry": {"type": "Polygon", "coordinates": [[[15.9136963, -4.0560562, 0.0], [15.9136963, -4.0574261, 0.0], [15.9150696, -4.0574261, 0.0], [15.9150696, -4.0560562, 0.0], [15.9136963, -4.0560562, 0.0]]]}}, {"type": "Feature", "properties": {"id": 2525}, "geometry": {"type": "Polygon", "coordinates": [[[15.6884766, -4.0560562, 0.0], [15.6884766, -4.0574261, 0.0], [15.6898499, -4.0574261, 0.0], [15.6912231, -4.0574261, 0.0], [15.6925964, -4.0574261, 0.0], [15.6939697, -4.0574261, 0.0], [15.6939697, -4.0560562, 0.0], [15.6925964, -4.0560562, 0.0], [15.6912231, -4.0560562, 0.0], [15.6898499, -4.0560562, 0.0], [15.6884766, -4.0560562, 0.0]]]}}, {"type": "Feature", "properties": {"id": 2526}, "geometry": {"type": "Polygon", "coordinates": [[[15.5813599, -4.0560562, 0.0], [15.5813599, -4.0546864, 0.0], [15.5799866, -4.0546864, 0.0], [15.5786133, -4.0546864, 0.0], [15.5786133, -4.0560562, 0.0], [15.5799866, -4.0560562, 0.0], [15.5799866, -4.0574261, 0.0], [15.5813599, -4.0574261, 0.0], [15.5813599, -4.0560562, 0.0]]]}}, {"type": "Feature", "properties": {"id": 2527}, "geometry": {"type": "Polygon", "coordinates": [[[15.5703735, -4.0560562, 0.0], [15.5703735, -4.0574261, 0.0], [15.5717468, -4.0574261, 0.0], [15.5717468, -4.0560562, 0.0], [15.5703735, -4.0560562, 0.0]]]}}, {"type": "Feature", "properties": {"id": 2528}, "geometry": {"type": "Polygon", "coordinates": [[[15.803833, -4.0560562, 0.0], [15.803833, -4.0546864, 0.0], [15.8024597, -4.0546864, 0.0], [15.8010864, -4.0546864, 0.0], [15.8010864, -4.0560562, 0.0], [15.8010864, -4.0574261, 0.0], [15.8024597, -4.0574261, 0.0], [15.803833, -4.0574261, 0.0], [15.803833, -4.0560562, 0.0]]]}}, {"type": "Feature", "properties": {"id": 2529}, "geometry": {"type": "Polygon", "coordinates": [[[15.6761169, -4.0546864, 0.0], [15.6761169, -4.0560562, 0.0], [15.6774902, -4.0560562, 0.0], [15.6774902, -4.0546864, 0.0], [15.6761169, -4.0546864, 0.0]]]}}, {"type": "Feature", "properties": {"id": 2530}, "geometry": {"type": "Polygon", "coordinates": [[[15.8958435, -4.0533165, 0.0], [15.8944702, -4.0533165, 0.0], [15.8944702, -4.0546864, 0.0], [15.8958435, -4.0546864, 0.0], [15.8972168, -4.0546864, 0.0], [15.8972168, -4.0533165, 0.0], [15.8958435, -4.0533165, 0.0]]]}}, {"type": "Feature", "properties": {"id": 2531}, "geometry": {"type": "Polygon", "coordinates": [[[15.6761169, -4.0533165, 0.0], [15.6761169, -4.0519466, 0.0], [15.6747437, -4.0519466, 0.0], [15.6747437, -4.0533165, 0.0], [15.6747437, -4.0546864, 0.0], [15.6761169, -4.0546864, 0.0], [15.6761169, -4.0533165, 0.0]]]}}, {"type": "Feature", "properties": {"id": 2532}, "geometry": {"type": "Polygon", "coordinates": [[[15.8999634, -4.0519466, 0.0], [15.8999634, -4.0533165, 0.0], [15.9013367, -4.0533165, 0.0], [15.9013367, -4.0519466, 0.0], [15.8999634, -4.0519466, 0.0]]]}}, {"type": "Feature", "properties": {"id": 2533}, "geometry": {"type": "Polygon", "coordinates": [[[15.68573, -4.0505768, 0.0], [15.68573, -4.0519466, 0.0], [15.6871033, -4.0519466, 0.0], [15.6871033, -4.0505768, 0.0], [15.68573, -4.0505768, 0.0]]]}}, {"type": "Feature", "properties": {"id": 2534}, "geometry": {"type": "Polygon", "coordinates": [[[15.5786133, -4.0505768, 0.0], [15.5786133, -4.0519466, 0.0], [15.5799866, -4.0519466, 0.0], [15.5799866, -4.0505768, 0.0], [15.5786133, -4.0505768, 0.0]]]}}, {"type": "Feature", "properties": {"id": 2535}, "geometry": {"type": "Polygon", "coordinates": [[[15.79422, -4.0505768, 0.0], [15.7928467, -4.0505768, 0.0], [15.7928467, -4.0519466, 0.0], [15.79422, -4.0519466, 0.0], [15.7955933, -4.0519466, 0.0], [15.7955933, -4.0505768, 0.0], [15.79422, -4.0505768, 0.0]]]}}, {"type": "Feature", "properties": {"id": 2536}, "geometry": {"type": "Polygon", "coordinates": [[[15.8532715, -4.0505768, 0.0], [15.8518982, -4.0505768, 0.0], [15.8518982, -4.0519466, 0.0], [15.8532715, -4.0519466, 0.0], [15.8546448, -4.0519466, 0.0], [15.8546448, -4.0505768, 0.0], [15.8532715, -4.0505768, 0.0]]]}}, {"type": "Feature", "properties": {"id": 2537}, "geometry": {"type": "Polygon", "coordinates": [[[15.869751, -4.0505768, 0.0], [15.869751, -4.0519466, 0.0], [15.8711243, -4.0519466, 0.0], [15.8711243, -4.0505768, 0.0], [15.869751, -4.0505768, 0.0]]]}}, {"type": "Feature", "properties": {"id": 2538}, "geometry": {"type": "Polygon", "coordinates": [[[15.8999634, -4.0492069, 0.0], [15.8999634, -4.0478371, 0.0], [15.8999634, -4.0464672, 0.0], [15.8999634, -4.0450973, 0.0], [15.8985901, -4.0450973, 0.0], [15.8972168, -4.0450973, 0.0], [15.8972168, -4.0464672, 0.0], [15.8972168, -4.0478371, 0.0], [15.8972168, -4.0492069, 0.0], [15.8972168, -4.0505768, 0.0], [15.8985901, -4.0505768, 0.0], [15.8999634, -4.0505768, 0.0], [15.9013367, -4.0505768, 0.0], [15.9013367, -4.0492069, 0.0], [15.8999634, -4.0492069, 0.0]]]}}, {"type": "Feature", "properties": {"id": 2539}, "geometry": {"type": "Polygon", "coordinates": [[[15.8821106, -4.0492069, 0.0], [15.8821106, -4.0505768, 0.0], [15.8834839, -4.0505768, 0.0], [15.8834839, -4.0492069, 0.0], [15.8821106, -4.0492069, 0.0]]]}}, {"type": "Feature", "properties": {"id": 2540}, "geometry": {"type": "Polygon", "coordinates": [[[15.8573914, -4.0492069, 0.0], [15.8573914, -4.0478371, 0.0], [15.8573914, -4.0464672, 0.0], [15.8560181, -4.0464672, 0.0], [15.8546448, -4.0464672, 0.0], [15.8532715, -4.0464672, 0.0], [15.8532715, -4.0478371, 0.0], [15.8532715, -4.0492069, 0.0], [15.8546448, -4.0492069, 0.0], [15.8560181, -4.0492069, 0.0], [15.8560181, -4.0505768, 0.0], [15.8573914, -4.0505768, 0.0], [15.8573914, -4.0492069, 0.0]]]}}, {"type": "Feature", "properties": {"id": 2541}, "geometry": {"type": "Polygon", "coordinates": [[[15.8711243, -4.0492069, 0.0], [15.8711243, -4.0505768, 0.0], [15.8724976, -4.0505768, 0.0], [15.8724976, -4.0492069, 0.0], [15.8711243, -4.0492069, 0.0]]]}}, {"type": "Feature", "properties": {"id": 2542}, "geometry": {"type": "Polygon", "coordinates": [[[15.6404114, -4.0492069, 0.0], [15.6404114, -4.0478371, 0.0], [15.6390381, -4.0478371, 0.0], [15.6390381, -4.0492069, 0.0], [15.6390381, -4.0505768, 0.0], [15.6404114, -4.0505768, 0.0], [15.6404114, -4.0492069, 0.0]]]}}, {"type": "Feature", "properties": {"id": 2543}, "geometry": {"type": "Polygon", "coordinates": [[[15.6843567, -4.0492069, 0.0], [15.68573, -4.0492069, 0.0], [15.68573, -4.0478371, 0.0], [15.6843567, -4.0478371, 0.0], [15.6829834, -4.0478371, 0.0], [15.6829834, -4.0492069, 0.0], [15.6816101, -4.0492069, 0.0], [15.6816101, -4.0505768, 0.0], [15.6829834, -4.0505768, 0.0], [15.6843567, -4.0505768, 0.0], [15.6843567, -4.0492069, 0.0]]]}}, {"type": "Feature", "properties": {"id": 2544}, "geometry": {"type": "Polygon", "coordinates": [[[15.8340454, -4.0492069, 0.0], [15.8340454, -4.0505768, 0.0], [15.8354187, -4.0505768, 0.0], [15.8354187, -4.0492069, 0.0], [15.8340454, -4.0492069, 0.0]]]}}, {"type": "Feature", "properties": {"id": 2545}, "geometry": {"type": "Polygon", "coordinates": [[[15.7296753, -4.0492069, 0.0], [15.7296753, -4.0505768, 0.0], [15.7310486, -4.0505768, 0.0], [15.7310486, -4.0492069, 0.0], [15.7296753, -4.0492069, 0.0]]]}}, {"type": "Feature", "properties": {"id": 2546}, "geometry": {"type": "Polygon", "coordinates": [[[15.6884766, -4.0492069, 0.0], [15.6884766, -4.0505768, 0.0], [15.6898499, -4.0505768, 0.0], [15.6898499, -4.0492069, 0.0], [15.6884766, -4.0492069, 0.0]]]}}, {"type": "Feature", "properties": {"id": 2547}, "geometry": {"type": "Polygon", "coordinates": [[[15.8587646, -4.0478371, 0.0], [15.8587646, -4.0492069, 0.0], [15.8601379, -4.0492069, 0.0], [15.8615112, -4.0492069, 0.0], [15.8615112, -4.0478371, 0.0], [15.8601379, -4.0478371, 0.0], [15.8587646, -4.0478371, 0.0]]]}}, {"type": "Feature", "properties": {"id": 2548}, "geometry": {"type": "Polygon", "coordinates": [[[15.8175659, -4.0478371, 0.0], [15.8175659, -4.0492069, 0.0], [15.8189392, -4.0492069, 0.0], [15.8189392, -4.0478371, 0.0], [15.8175659, -4.0478371, 0.0]]]}}, {"type": "Feature", "properties": {"id": 2549}, "geometry": {"type": "Polygon", "coordinates": [[[15.8106995, -4.0478371, 0.0], [15.8106995, -4.0492069, 0.0], [15.8120728, -4.0492069, 0.0], [15.8120728, -4.0478371, 0.0], [15.8106995, -4.0478371, 0.0]]]}}, {"type": "Feature", "properties": {"id": 2550}, "geometry": {"type": "Polygon", "coordinates": [[[15.7434082, -4.0464672, 0.0], [15.7420349, -4.0464672, 0.0], [15.7420349, -4.0478371, 0.0], [15.7434082, -4.0478371, 0.0], [15.7447815, -4.0478371, 0.0], [15.7461548, -4.0478371, 0.0], [15.7461548, -4.0464672, 0.0], [15.7475281, -4.0464672, 0.0], [15.7475281, -4.0450973, 0.0], [15.7461548, -4.0450973, 0.0], [15.7447815, -4.0450973, 0.0], [15.7447815, -4.0464672, 0.0], [15.7434082, -4.0464672, 0.0]]]}}, {"type": "Feature", "properties": {"id": 2551}, "geometry": {"type": "Polygon", "coordinates": [[[15.6733704, -4.0464672, 0.0], [15.6733704, -4.0478371, 0.0], [15.6747437, -4.0478371, 0.0], [15.6747437, -4.0464672, 0.0], [15.6733704, -4.0464672, 0.0]]]}}, {"type": "Feature", "properties": {"id": 2552}, "geometry": {"type": "Polygon", "coordinates": [[[15.6349182, -4.0464672, 0.0], [15.6362915, -4.0464672, 0.0], [15.6362915, -4.0450973, 0.0], [15.6362915, -4.0437275, 0.0], [15.6362915, -4.0423576, 0.0], [15.6349182, -4.0423576, 0.0], [15.6349182, -4.0409877, 0.0], [15.6335449, -4.0409877, 0.0], [15.6321716, -4.0409877, 0.0], [15.6321716, -4.0423576, 0.0], [15.6335449, -4.0423576, 0.0], [15.6335449, -4.0437275, 0.0], [15.6335449, -4.0450973, 0.0], [15.6335449, -4.0464672, 0.0], [15.6335449, -4.0478371, 0.0], [15.6349182, -4.0478371, 0.0], [15.6349182, -4.0464672, 0.0]]]}}, {"type": "Feature", "properties": {"id": 2553}, "geometry": {"type": "Polygon", "coordinates": [[[15.8189392, -4.0464672, 0.0], [15.8189392, -4.0478371, 0.0], [15.8203125, -4.0478371, 0.0], [15.8203125, -4.0464672, 0.0], [15.8189392, -4.0464672, 0.0]]]}}, {"type": "Feature", "properties": {"id": 2554}, "geometry": {"type": "Polygon", "coordinates": [[[15.7955933, -4.0464672, 0.0], [15.7955933, -4.0478371, 0.0], [15.7969666, -4.0478371, 0.0], [15.7969666, -4.0464672, 0.0], [15.7955933, -4.0464672, 0.0]]]}}, {"type": "Feature", "properties": {"id": 2555}, "geometry": {"type": "Polygon", "coordinates": [[[15.7269287, -4.0464672, 0.0], [15.7269287, -4.0478371, 0.0], [15.728302, -4.0478371, 0.0], [15.728302, -4.0464672, 0.0], [15.7269287, -4.0464672, 0.0]]]}}, {"type": "Feature", "properties": {"id": 2556}, "geometry": {"type": "Polygon", "coordinates": [[[15.846405, -4.0450973, 0.0], [15.846405, -4.0464672, 0.0], [15.8477783, -4.0464672, 0.0], [15.8477783, -4.0450973, 0.0], [15.846405, -4.0450973, 0.0]]]}}, {"type": "Feature", "properties": {"id": 2557}, "geometry": {"type": "Polygon", "coordinates": [[[15.8285522, -4.0450973, 0.0], [15.8285522, -4.0437275, 0.0], [15.827179, -4.0437275, 0.0], [15.827179, -4.0450973, 0.0], [15.827179, -4.0464672, 0.0], [15.8285522, -4.0464672, 0.0], [15.8285522, -4.0450973, 0.0]]]}}, {"type": "Feature", "properties": {"id": 2558}, "geometry": {"type": "Polygon", "coordinates": [[[15.7200623, -4.0450973, 0.0], [15.7200623, -4.0464672, 0.0], [15.7214355, -4.0464672, 0.0], [15.7214355, -4.0450973, 0.0], [15.7200623, -4.0450973, 0.0]]]}}, {"type": "Feature", "properties": {"id": 2559}, "geometry": {"type": "Polygon", "coordinates": [[[15.7489014, -4.0450973, 0.0], [15.7489014, -4.0464672, 0.0], [15.7502747, -4.0464672, 0.0], [15.7502747, -4.0450973, 0.0], [15.7489014, -4.0450973, 0.0]]]}}, {"type": "Feature", "properties": {"id": 2560}, "geometry": {"type": "Polygon", "coordinates": [[[15.5758667, -4.0437275, 0.0], [15.5758667, -4.0423576, 0.0], [15.5744934, -4.0423576, 0.0], [15.5744934, -4.0437275, 0.0], [15.5731201, -4.0437275, 0.0], [15.5731201, -4.0450973, 0.0], [15.5744934, -4.0450973, 0.0], [15.5758667, -4.0450973, 0.0], [15.57724, -4.0450973, 0.0], [15.57724, -4.0437275, 0.0], [15.5758667, -4.0437275, 0.0]]]}}, {"type": "Feature", "properties": {"id": 2561}, "geometry": {"type": "Polygon", "coordinates": [[[15.8106995, -4.0437275, 0.0], [15.8106995, -4.0450973, 0.0], [15.8120728, -4.0450973, 0.0], [15.8120728, -4.0437275, 0.0], [15.8106995, -4.0437275, 0.0]]]}}, {"type": "Feature", "properties": {"id": 2562}, "geometry": {"type": "Polygon", "coordinates": [[[15.6939697, -4.0450973, 0.0], [15.6939697, -4.0437275, 0.0], [15.6925964, -4.0437275, 0.0], [15.6925964, -4.0450973, 0.0], [15.6925964, -4.0464672, 0.0], [15.6939697, -4.0464672, 0.0], [15.6939697, -4.0450973, 0.0]]]}}, {"type": "Feature", "properties": {"id": 2563}, "geometry": {"type": "Polygon", "coordinates": [[[15.6898499, -4.0450973, 0.0], [15.6898499, -4.0464672, 0.0], [15.6912231, -4.0464672, 0.0], [15.6912231, -4.0450973, 0.0], [15.6898499, -4.0450973, 0.0]]]}}, {"type": "Feature", "properties": {"id": 2564}, "geometry": {"type": "Polygon", "coordinates": [[[15.7983398, -4.0437275, 0.0], [15.7983398, -4.0450973, 0.0], [15.7997131, -4.0450973, 0.0], [15.7997131, -4.0437275, 0.0], [15.7983398, -4.0437275, 0.0]]]}}, {"type": "Feature", "properties": {"id": 2565}, "geometry": {"type": "Polygon", "coordinates": [[[15.8560181, -4.0437275, 0.0], [15.8560181, -4.0423576, 0.0], [15.8546448, -4.0423576, 0.0], [15.8546448, -4.0437275, 0.0], [15.8546448, -4.0450973, 0.0], [15.8560181, -4.0450973, 0.0], [15.8560181, -4.0437275, 0.0]]]}}, {"type": "Feature", "properties": {"id": 2566}, "geometry": {"type": "Polygon", "coordinates": [[[15.6665039, -4.0423576, 0.0], [15.6665039, -4.0409877, 0.0], [15.6651306, -4.0409877, 0.0], [15.6651306, -4.0423576, 0.0], [15.6651306, -4.0437275, 0.0], [15.6665039, -4.0437275, 0.0], [15.6678772, -4.0437275, 0.0], [15.6678772, -4.0423576, 0.0], [15.6665039, -4.0423576, 0.0]]]}}, {"type": "Feature", "properties": {"id": 2567}, "geometry": {"type": "Polygon", "coordinates": [[[15.5813599, -4.0423576, 0.0], [15.5813599, -4.0409877, 0.0], [15.5799866, -4.0409877, 0.0], [15.5799866, -4.0396178, 0.0], [15.5813599, -4.0396178, 0.0], [15.5813599, -4.0382479, 0.0], [15.5799866, -4.0382479, 0.0], [15.5786133, -4.0382479, 0.0], [15.5786133, -4.0396178, 0.0], [15.57724, -4.0396178, 0.0], [15.57724, -4.0409877, 0.0], [15.57724, -4.0423576, 0.0], [15.5786133, -4.0423576, 0.0], [15.5799866, -4.0423576, 0.0], [15.5799866, -4.0437275, 0.0], [15.5813599, -4.0437275, 0.0], [15.5813599, -4.0423576, 0.0]]]}}, {"type": "Feature", "properties": {"id": 2568}, "geometry": {"type": "Polygon", "coordinates": [[[15.8409119, -4.0423576, 0.0], [15.8409119, -4.0437275, 0.0], [15.8422852, -4.0437275, 0.0], [15.8422852, -4.0423576, 0.0], [15.8409119, -4.0423576, 0.0]]]}}, {"type": "Feature", "properties": {"id": 2569}, "geometry": {"type": "Polygon", "coordinates": [[[15.90271, -4.0423576, 0.0], [15.90271, -4.0409877, 0.0], [15.9013367, -4.0409877, 0.0], [15.9013367, -4.0423576, 0.0], [15.8999634, -4.0423576, 0.0], [15.8999634, -4.0437275, 0.0], [15.9013367, -4.0437275, 0.0], [15.90271, -4.0437275, 0.0], [15.90271, -4.0423576, 0.0]]]}}, {"type": "Feature", "properties": {"id": 2570}, "geometry": {"type": "Polygon", "coordinates": [[[15.8683777, -4.0423576, 0.0], [15.8683777, -4.0437275, 0.0], [15.869751, -4.0437275, 0.0], [15.869751, -4.0423576, 0.0], [15.8683777, -4.0423576, 0.0]]]}}, {"type": "Feature", "properties": {"id": 2571}, "geometry": {"type": "Polygon", "coordinates": [[[15.7928467, -4.0423576, 0.0], [15.7928467, -4.0437275, 0.0], [15.79422, -4.0437275, 0.0], [15.79422, -4.0423576, 0.0], [15.7928467, -4.0423576, 0.0]]]}}, {"type": "Feature", "properties": {"id": 2572}, "geometry": {"type": "Polygon", "coordinates": [[[15.6829834, -4.0409877, 0.0], [15.6829834, -4.0423576, 0.0], [15.6843567, -4.0423576, 0.0], [15.6843567, -4.0409877, 0.0], [15.6829834, -4.0409877, 0.0]]]}}, {"type": "Feature", "properties": {"id": 2573}, "geometry": {"type": "Polygon", "coordinates": [[[15.7241821, -4.0409877, 0.0], [15.7228088, -4.0409877, 0.0], [15.7228088, -4.0423576, 0.0], [15.7241821, -4.0423576, 0.0], [15.7255554, -4.0423576, 0.0], [15.7255554, -4.0409877, 0.0], [15.7241821, -4.0409877, 0.0]]]}}, {"type": "Feature", "properties": {"id": 2574}, "geometry": {"type": "Polygon", "coordinates": [[[15.7461548, -4.0423576, 0.0], [15.7461548, -4.0437275, 0.0], [15.7475281, -4.0437275, 0.0], [15.7475281, -4.0423576, 0.0], [15.7461548, -4.0423576, 0.0]]]}}, {"type": "Feature", "properties": {"id": 2575}, "geometry": {"type": "Polygon", "coordinates": [[[15.7502747, -4.0423576, 0.0], [15.7502747, -4.0437275, 0.0], [15.7516479, -4.0437275, 0.0], [15.7516479, -4.0423576, 0.0], [15.7502747, -4.0423576, 0.0]]]}}, {"type": "Feature", "properties": {"id": 2576}, "geometry": {"type": "Polygon", "coordinates": [[[15.8340454, -4.0409877, 0.0], [15.8340454, -4.0423576, 0.0], [15.8354187, -4.0423576, 0.0], [15.8354187, -4.0409877, 0.0], [15.8340454, -4.0409877, 0.0]]]}}, {"type": "Feature", "properties": {"id": 2577}, "geometry": {"type": "Polygon", "coordinates": [[[15.836792, -4.0409877, 0.0], [15.836792, -4.0423576, 0.0], [15.8381653, -4.0423576, 0.0], [15.8381653, -4.0409877, 0.0], [15.836792, -4.0409877, 0.0]]]}}, {"type": "Feature", "properties": {"id": 2578}, "geometry": {"type": "Polygon", "coordinates": [[[15.7104492, -4.0409877, 0.0], [15.7104492, -4.0423576, 0.0], [15.7118225, -4.0423576, 0.0], [15.7118225, -4.0409877, 0.0], [15.7104492, -4.0409877, 0.0]]]}}, {"type": "Feature", "properties": {"id": 2579}, "geometry": {"type": "Polygon", "coordinates": [[[15.7571411, -4.0409877, 0.0], [15.7571411, -4.0423576, 0.0], [15.7585144, -4.0423576, 0.0], [15.7585144, -4.0409877, 0.0], [15.7571411, -4.0409877, 0.0]]]}}, {"type": "Feature", "properties": {"id": 2580}, "geometry": {"type": "Polygon", "coordinates": [[[15.6761169, -4.0409877, 0.0], [15.6761169, -4.0423576, 0.0], [15.6774902, -4.0423576, 0.0], [15.6788635, -4.0423576, 0.0], [15.6788635, -4.0409877, 0.0], [15.6802368, -4.0409877, 0.0], [15.6802368, -4.0396178, 0.0], [15.6788635, -4.0396178, 0.0], [15.6774902, -4.0396178, 0.0], [15.6774902, -4.0409877, 0.0], [15.6761169, -4.0409877, 0.0]]]}}, {"type": "Feature", "properties": {"id": 2581}, "geometry": {"type": "Polygon", "coordinates": [[[15.6719971, -4.0409877, 0.0], [15.6719971, -4.0396178, 0.0], [15.6706238, -4.0396178, 0.0], [15.6692505, -4.0396178, 0.0], [15.6678772, -4.0396178, 0.0], [15.6678772, -4.0409877, 0.0], [15.6678772, -4.0423576, 0.0], [15.6692505, -4.0423576, 0.0], [15.6706238, -4.0423576, 0.0], [15.6719971, -4.0423576, 0.0], [15.6733704, -4.0423576, 0.0], [15.6733704, -4.0409877, 0.0], [15.6719971, -4.0409877, 0.0]]]}}, {"type": "Feature", "properties": {"id": 2582}, "geometry": {"type": "Polygon", "coordinates": [[[15.8079529, -4.0396178, 0.0], [15.8079529, -4.0409877, 0.0], [15.8093262, -4.0409877, 0.0], [15.8093262, -4.0396178, 0.0], [15.8079529, -4.0396178, 0.0]]]}}, {"type": "Feature", "properties": {"id": 2583}, "geometry": {"type": "Polygon", "coordinates": [[[15.8161926, -4.0409877, 0.0], [15.8175659, -4.0409877, 0.0], [15.8189392, -4.0409877, 0.0], [15.8189392, -4.0396178, 0.0], [15.8189392, -4.0382479, 0.0], [15.8175659, -4.0382479, 0.0], [15.8161926, -4.0382479, 0.0], [15.8161926, -4.0368781, 0.0], [15.8148193, -4.0368781, 0.0], [15.813446, -4.0368781, 0.0], [15.813446, -4.0355082, 0.0], [15.8120728, -4.0355082, 0.0], [15.8120728, -4.0368781, 0.0], [15.8120728, -4.0382479, 0.0], [15.813446, -4.0382479, 0.0], [15.813446, -4.0396178, 0.0], [15.8148193, -4.0396178, 0.0], [15.8148193, -4.0409877, 0.0], [15.8161926, -4.0409877, 0.0]]]}}, {"type": "Feature", "properties": {"id": 2584}, "geometry": {"type": "Polygon", "coordinates": [[[15.7077026, -4.0396178, 0.0], [15.7077026, -4.0409877, 0.0], [15.7090759, -4.0409877, 0.0], [15.7090759, -4.0396178, 0.0], [15.7077026, -4.0396178, 0.0]]]}}, {"type": "Feature", "properties": {"id": 2585}, "geometry": {"type": "Polygon", "coordinates": [[[15.8216858, -4.0396178, 0.0], [15.8230591, -4.0396178, 0.0], [15.8244324, -4.0396178, 0.0], [15.8244324, -4.0382479, 0.0], [15.8230591, -4.0382479, 0.0], [15.8216858, -4.0382479, 0.0], [15.8203125, -4.0382479, 0.0], [15.8203125, -4.0396178, 0.0], [15.8203125, -4.0409877, 0.0], [15.8216858, -4.0409877, 0.0], [15.8216858, -4.0396178, 0.0]]]}}, {"type": "Feature", "properties": {"id": 2586}, "geometry": {"type": "Polygon", "coordinates": [[[15.8711243, -4.0396178, 0.0], [15.8711243, -4.0382479, 0.0], [15.869751, -4.0382479, 0.0], [15.869751, -4.0396178, 0.0], [15.869751, -4.0409877, 0.0], [15.8711243, -4.0409877, 0.0], [15.8711243, -4.0396178, 0.0]]]}}, {"type": "Feature", "properties": {"id": 2587}, "geometry": {"type": "Polygon", "coordinates": [[[15.7118225, -4.0382479, 0.0], [15.7118225, -4.0396178, 0.0], [15.7131958, -4.0396178, 0.0], [15.7131958, -4.0382479, 0.0], [15.7118225, -4.0382479, 0.0]]]}}, {"type": "Feature", "properties": {"id": 2588}, "geometry": {"type": "Polygon", "coordinates": [[[15.7324219, -4.0368781, 0.0], [15.7324219, -4.0355082, 0.0], [15.7337952, -4.0355082, 0.0], [15.7337952, -4.0341383, 0.0], [15.7351685, -4.0341383, 0.0], [15.7351685, -4.0327684, 0.0], [15.7337952, -4.0327684, 0.0], [15.7337952, -4.0313985, 0.0], [15.7337952, -4.0300286, 0.0], [15.7324219, -4.0300286, 0.0], [15.7324219, -4.0286587, 0.0], [15.7310486, -4.0286587, 0.0], [15.7296753, -4.0286587, 0.0], [15.7296753, -4.0300286, 0.0], [15.728302, -4.0300286, 0.0], [15.728302, -4.0313985, 0.0], [15.7269287, -4.0313985, 0.0], [15.7269287, -4.0327684, 0.0], [15.7255554, -4.0327684, 0.0], [15.7255554, -4.0341383, 0.0], [15.7241821, -4.0341383, 0.0], [15.7241821, -4.0327684, 0.0], [15.7228088, -4.0327684, 0.0], [15.7228088, -4.0341383, 0.0], [15.7228088, -4.0355082, 0.0], [15.7228088, -4.0368781, 0.0], [15.7241821, -4.0368781, 0.0], [15.7241821, -4.0355082, 0.0], [15.7255554, -4.0355082, 0.0], [15.7255554, -4.0368781, 0.0], [15.7269287, -4.0368781, 0.0], [15.7269287, -4.0355082, 0.0], [15.728302, -4.0355082, 0.0], [15.7296753, -4.0355082, 0.0], [15.7296753, -4.0341383, 0.0], [15.7310486, -4.0341383, 0.0], [15.7310486, -4.0355082, 0.0], [15.7310486, -4.0368781, 0.0], [15.7310486, -4.0382479, 0.0], [15.7324219, -4.0382479, 0.0], [15.7337952, -4.0382479, 0.0], [15.7337952, -4.0368781, 0.0], [15.7324219, -4.0368781, 0.0]]]}}, {"type": "Feature", "properties": {"id": 2589}, "geometry": {"type": "Polygon", "coordinates": [[[15.9082031, -4.0368781, 0.0], [15.9082031, -4.0382479, 0.0], [15.9095764, -4.0382479, 0.0], [15.9095764, -4.0368781, 0.0], [15.9082031, -4.0368781, 0.0]]]}}, {"type": "Feature", "properties": {"id": 2590}, "geometry": {"type": "Polygon", "coordinates": [[[15.6335449, -4.0368781, 0.0], [15.6335449, -4.0355082, 0.0], [15.6321716, -4.0355082, 0.0], [15.6321716, -4.0368781, 0.0], [15.6321716, -4.0382479, 0.0], [15.6335449, -4.0382479, 0.0], [15.6335449, -4.0368781, 0.0]]]}}, {"type": "Feature", "properties": {"id": 2591}, "geometry": {"type": "Polygon", "coordinates": [[[15.7598877, -4.0382479, 0.0], [15.761261, -4.0382479, 0.0], [15.761261, -4.0368781, 0.0], [15.761261, -4.0355082, 0.0], [15.761261, -4.0341383, 0.0], [15.7598877, -4.0341383, 0.0], [15.7585144, -4.0341383, 0.0], [15.7571411, -4.0341383, 0.0], [15.7571411, -4.0355082, 0.0], [15.7571411, -4.0368781, 0.0], [15.7585144, -4.0368781, 0.0], [15.7585144, -4.0382479, 0.0], [15.7585144, -4.0396178, 0.0], [15.7598877, -4.0396178, 0.0], [15.7598877, -4.0382479, 0.0]]]}}, {"type": "Feature", "properties": {"id": 2592}, "geometry": {"type": "Polygon", "coordinates": [[[15.827179, -4.0368781, 0.0], [15.827179, -4.0355082, 0.0], [15.8258057, -4.0355082, 0.0], [15.8258057, -4.0368781, 0.0], [15.8258057, -4.0382479, 0.0], [15.827179, -4.0382479, 0.0], [15.827179, -4.0368781, 0.0]]]}}, {"type": "Feature", "properties": {"id": 2593}, "geometry": {"type": "Polygon", "coordinates": [[[15.8285522, -4.0355082, 0.0], [15.8285522, -4.0368781, 0.0], [15.8299255, -4.0368781, 0.0], [15.8299255, -4.0355082, 0.0], [15.8285522, -4.0355082, 0.0]]]}}, {"type": "Feature", "properties": {"id": 2594}, "geometry": {"type": "Polygon", "coordinates": [[[15.8422852, -4.0355082, 0.0], [15.8422852, -4.0341383, 0.0], [15.8436584, -4.0341383, 0.0], [15.8436584, -4.0327684, 0.0], [15.8436584, -4.0313985, 0.0], [15.8422852, -4.0313985, 0.0], [15.8409119, -4.0313985, 0.0], [15.8395386, -4.0313985, 0.0], [15.8395386, -4.0327684, 0.0], [15.8395386, -4.0341383, 0.0], [15.8409119, -4.0341383, 0.0], [15.8409119, -4.0355082, 0.0], [15.8409119, -4.0368781, 0.0], [15.8422852, -4.0368781, 0.0], [15.8422852, -4.0355082, 0.0]]]}}, {"type": "Feature", "properties": {"id": 2595}, "geometry": {"type": "Polygon", "coordinates": [[[15.8436584, -4.0355082, 0.0], [15.8436584, -4.0368781, 0.0], [15.8450317, -4.0368781, 0.0], [15.8450317, -4.0355082, 0.0], [15.8436584, -4.0355082, 0.0]]]}}, {"type": "Feature", "properties": {"id": 2596}, "geometry": {"type": "Polygon", "coordinates": [[[15.8642578, -4.0355082, 0.0], [15.8642578, -4.0368781, 0.0], [15.8656311, -4.0368781, 0.0], [15.8656311, -4.0355082, 0.0], [15.8642578, -4.0355082, 0.0]]]}}, {"type": "Feature", "properties": {"id": 2597}, "geometry": {"type": "Polygon", "coordinates": [[[15.7447815, -4.0355082, 0.0], [15.7447815, -4.0368781, 0.0], [15.7461548, -4.0368781, 0.0], [15.7461548, -4.0355082, 0.0], [15.7447815, -4.0355082, 0.0]]]}}, {"type": "Feature", "properties": {"id": 2598}, "geometry": {"type": "Polygon", "coordinates": [[[15.7530212, -4.0355082, 0.0], [15.7543945, -4.0355082, 0.0], [15.7557678, -4.0355082, 0.0], [15.7557678, -4.0341383, 0.0], [15.7543945, -4.0341383, 0.0], [15.7530212, -4.0341383, 0.0], [15.7516479, -4.0341383, 0.0], [15.7516479, -4.0355082, 0.0], [15.7516479, -4.0368781, 0.0], [15.7530212, -4.0368781, 0.0], [15.7530212, -4.0355082, 0.0]]]}}, {"type": "Feature", "properties": {"id": 2599}, "geometry": {"type": "Polygon", "coordinates": [[[15.770874, -4.0341383, 0.0], [15.770874, -4.0355082, 0.0], [15.7722473, -4.0355082, 0.0], [15.7722473, -4.0341383, 0.0], [15.770874, -4.0341383, 0.0]]]}}, {"type": "Feature", "properties": {"id": 2600}, "geometry": {"type": "Polygon", "coordinates": [[[15.7200623, -4.0341383, 0.0], [15.7200623, -4.0355082, 0.0], [15.7214355, -4.0355082, 0.0], [15.7214355, -4.0341383, 0.0], [15.7200623, -4.0341383, 0.0]]]}}, {"type": "Feature", "properties": {"id": 2601}, "geometry": {"type": "Polygon", "coordinates": [[[15.7667542, -4.0341383, 0.0], [15.7667542, -4.0355082, 0.0], [15.7681274, -4.0355082, 0.0], [15.7681274, -4.0341383, 0.0], [15.7667542, -4.0341383, 0.0]]]}}, {"type": "Feature", "properties": {"id": 2602}, "geometry": {"type": "Polygon", "coordinates": [[[15.6871033, -4.0327684, 0.0], [15.6871033, -4.0341383, 0.0], [15.6884766, -4.0341383, 0.0], [15.6884766, -4.0327684, 0.0], [15.6871033, -4.0327684, 0.0]]]}}, {"type": "Feature", "properties": {"id": 2603}, "geometry": {"type": "Polygon", "coordinates": [[[15.5923462, -4.0327684, 0.0], [15.5923462, -4.0341383, 0.0], [15.5937195, -4.0341383, 0.0], [15.5937195, -4.0327684, 0.0], [15.5923462, -4.0327684, 0.0]]]}}, {"type": "Feature", "properties": {"id": 2604}, "geometry": {"type": "Polygon", "coordinates": [[[15.6939697, -4.0327684, 0.0], [15.6939697, -4.0341383, 0.0], [15.695343, -4.0341383, 0.0], [15.695343, -4.0327684, 0.0], [15.6939697, -4.0327684, 0.0]]]}}, {"type": "Feature", "properties": {"id": 2605}, "geometry": {"type": "Polygon", "coordinates": [[[15.8354187, -4.0327684, 0.0], [15.8354187, -4.0341383, 0.0], [15.836792, -4.0341383, 0.0], [15.836792, -4.0327684, 0.0], [15.8354187, -4.0327684, 0.0]]]}}, {"type": "Feature", "properties": {"id": 2606}, "geometry": {"type": "Polygon", "coordinates": [[[15.8203125, -4.0327684, 0.0], [15.8203125, -4.0341383, 0.0], [15.8216858, -4.0341383, 0.0], [15.8216858, -4.0327684, 0.0], [15.8203125, -4.0327684, 0.0]]]}}, {"type": "Feature", "properties": {"id": 2607}, "geometry": {"type": "Polygon", "coordinates": [[[15.7502747, -4.0327684, 0.0], [15.7502747, -4.0341383, 0.0], [15.7516479, -4.0341383, 0.0], [15.7516479, -4.0327684, 0.0], [15.7502747, -4.0327684, 0.0]]]}}, {"type": "Feature", "properties": {"id": 2608}, "geometry": {"type": "Polygon", "coordinates": [[[15.7392883, -4.0327684, 0.0], [15.7392883, -4.0341383, 0.0], [15.7406616, -4.0341383, 0.0], [15.7406616, -4.0327684, 0.0], [15.7392883, -4.0327684, 0.0]]]}}, {"type": "Feature", "properties": {"id": 2609}, "geometry": {"type": "Polygon", "coordinates": [[[15.8724976, -4.0313985, 0.0], [15.8724976, -4.0327684, 0.0], [15.8738708, -4.0327684, 0.0], [15.8752441, -4.0327684, 0.0], [15.8752441, -4.0313985, 0.0], [15.8752441, -4.0300286, 0.0], [15.8738708, -4.0300286, 0.0], [15.8738708, -4.0313985, 0.0], [15.8724976, -4.0313985, 0.0]]]}}, {"type": "Feature", "properties": {"id": 2610}, "geometry": {"type": "Polygon", "coordinates": [[[15.8573914, -4.0313985, 0.0], [15.8573914, -4.0327684, 0.0], [15.8587646, -4.0327684, 0.0], [15.8587646, -4.0313985, 0.0], [15.8573914, -4.0313985, 0.0]]]}}, {"type": "Feature", "properties": {"id": 2611}, "geometry": {"type": "Polygon", "coordinates": [[[15.9178162, -4.0313985, 0.0], [15.9178162, -4.0327684, 0.0], [15.9191895, -4.0327684, 0.0], [15.9191895, -4.0313985, 0.0], [15.9178162, -4.0313985, 0.0]]]}}, {"type": "Feature", "properties": {"id": 2612}, "geometry": {"type": "Polygon", "coordinates": [[[15.8876038, -4.0313985, 0.0], [15.8876038, -4.0327684, 0.0], [15.8889771, -4.0327684, 0.0], [15.8903503, -4.0327684, 0.0], [15.8903503, -4.0313985, 0.0], [15.8889771, -4.0313985, 0.0], [15.8876038, -4.0313985, 0.0]]]}}, {"type": "Feature", "properties": {"id": 2613}, "geometry": {"type": "Polygon", "coordinates": [[[15.662384, -4.0313985, 0.0], [15.662384, -4.0327684, 0.0], [15.6637573, -4.0327684, 0.0], [15.6637573, -4.0313985, 0.0], [15.662384, -4.0313985, 0.0]]]}}, {"type": "Feature", "properties": {"id": 2614}, "geometry": {"type": "Polygon", "coordinates": [[[15.7653809, -4.0313985, 0.0], [15.7653809, -4.0327684, 0.0], [15.7667542, -4.0327684, 0.0], [15.7667542, -4.0313985, 0.0], [15.7653809, -4.0313985, 0.0]]]}}, {"type": "Feature", "properties": {"id": 2615}, "geometry": {"type": "Polygon", "coordinates": [[[15.8848572, -4.0300286, 0.0], [15.8834839, -4.0300286, 0.0], [15.8834839, -4.0313985, 0.0], [15.8848572, -4.0313985, 0.0], [15.8862305, -4.0313985, 0.0], [15.8862305, -4.0300286, 0.0], [15.8848572, -4.0300286, 0.0]]]}}, {"type": "Feature", "properties": {"id": 2616}, "geometry": {"type": "Polygon", "coordinates": [[[15.6994629, -4.0313985, 0.0], [15.7008362, -4.0313985, 0.0], [15.7008362, -4.0300286, 0.0], [15.7008362, -4.0286587, 0.0], [15.6994629, -4.0286587, 0.0], [15.6980896, -4.0286587, 0.0], [15.6967163, -4.0286587, 0.0], [15.6967163, -4.0300286, 0.0], [15.6980896, -4.0300286, 0.0], [15.6980896, -4.0313985, 0.0], [15.6994629, -4.0313985, 0.0]]]}}, {"type": "Feature", "properties": {"id": 2617}, "geometry": {"type": "Polygon", "coordinates": [[[15.6019592, -4.0300286, 0.0], [15.6005859, -4.0300286, 0.0], [15.6005859, -4.0313985, 0.0], [15.6019592, -4.0313985, 0.0], [15.6033325, -4.0313985, 0.0], [15.6033325, -4.0300286, 0.0], [15.6019592, -4.0300286, 0.0]]]}}, {"type": "Feature", "properties": {"id": 2618}, "geometry": {"type": "Polygon", "coordinates": [[[15.5978394, -4.0300286, 0.0], [15.5978394, -4.0313985, 0.0], [15.5992126, -4.0313985, 0.0], [15.5992126, -4.0300286, 0.0], [15.5978394, -4.0300286, 0.0]]]}}, {"type": "Feature", "properties": {"id": 2619}, "geometry": {"type": "Polygon", "coordinates": [[[15.7131958, -4.0300286, 0.0], [15.7131958, -4.0286587, 0.0], [15.7118225, -4.0286587, 0.0], [15.7118225, -4.0300286, 0.0], [15.7118225, -4.0313985, 0.0], [15.7131958, -4.0313985, 0.0], [15.7131958, -4.0300286, 0.0]]]}}, {"type": "Feature", "properties": {"id": 2620}, "geometry": {"type": "Polygon", "coordinates": [[[15.879364, -4.0286587, 0.0], [15.879364, -4.0300286, 0.0], [15.8807373, -4.0300286, 0.0], [15.8807373, -4.0286587, 0.0], [15.879364, -4.0286587, 0.0]]]}}, {"type": "Feature", "properties": {"id": 2621}, "geometry": {"type": "Polygon", "coordinates": [[[15.8052063, -4.0286587, 0.0], [15.8052063, -4.0300286, 0.0], [15.8065796, -4.0300286, 0.0], [15.8065796, -4.0286587, 0.0], [15.8052063, -4.0286587, 0.0]]]}}, {"type": "Feature", "properties": {"id": 2622}, "geometry": {"type": "Polygon", "coordinates": [[[15.5992126, -4.0286587, 0.0], [15.5992126, -4.0300286, 0.0], [15.6005859, -4.0300286, 0.0], [15.6005859, -4.0286587, 0.0], [15.5992126, -4.0286587, 0.0]]]}}, {"type": "Feature", "properties": {"id": 2623}, "geometry": {"type": "Polygon", "coordinates": [[[15.9370422, -4.0272888, 0.0], [15.9370422, -4.0286587, 0.0], [15.9384155, -4.0286587, 0.0], [15.9384155, -4.0272888, 0.0], [15.9370422, -4.0272888, 0.0]]]}}, {"type": "Feature", "properties": {"id": 2624}, "geometry": {"type": "Polygon", "coordinates": [[[15.9288025, -4.0259189, 0.0], [15.9288025, -4.024549, 0.0], [15.9274292, -4.024549, 0.0], [15.9260559, -4.024549, 0.0], [15.9260559, -4.0259189, 0.0], [15.9260559, -4.0272888, 0.0], [15.9274292, -4.0272888, 0.0], [15.9288025, -4.0272888, 0.0], [15.9288025, -4.0259189, 0.0]]]}}, {"type": "Feature", "properties": {"id": 2625}, "geometry": {"type": "Polygon", "coordinates": [[[15.6967163, -4.0259189, 0.0], [15.6967163, -4.0272888, 0.0], [15.6980896, -4.0272888, 0.0], [15.6994629, -4.0272888, 0.0], [15.6994629, -4.0259189, 0.0], [15.6980896, -4.0259189, 0.0], [15.6967163, -4.0259189, 0.0]]]}}, {"type": "Feature", "properties": {"id": 2626}, "geometry": {"type": "Polygon", "coordinates": [[[15.6925964, -4.0286587, 0.0], [15.6925964, -4.0300286, 0.0], [15.6939697, -4.0300286, 0.0], [15.6939697, -4.0286587, 0.0], [15.6925964, -4.0286587, 0.0]]]}}, {"type": "Feature", "properties": {"id": 2627}, "geometry": {"type": "Polygon", "coordinates": [[[15.6637573, -4.0286587, 0.0], [15.6637573, -4.0300286, 0.0], [15.6651306, -4.0300286, 0.0], [15.6651306, -4.0286587, 0.0], [15.6637573, -4.0286587, 0.0]]]}}, {"type": "Feature", "properties": {"id": 2628}, "geometry": {"type": "Polygon", "coordinates": [[[15.6047058, -4.0272888, 0.0], [15.6033325, -4.0272888, 0.0], [15.6033325, -4.0286587, 0.0], [15.6047058, -4.0286587, 0.0], [15.6060791, -4.0286587, 0.0], [15.6060791, -4.0272888, 0.0], [15.6047058, -4.0272888, 0.0]]]}}, {"type": "Feature", "properties": {"id": 2629}, "geometry": {"type": "Polygon", "coordinates": [[[15.7104492, -4.0272888, 0.0], [15.7104492, -4.0286587, 0.0], [15.7118225, -4.0286587, 0.0], [15.7118225, -4.0272888, 0.0], [15.7104492, -4.0272888, 0.0]]]}}, {"type": "Feature", "properties": {"id": 2630}, "geometry": {"type": "Polygon", "coordinates": [[[15.7255554, -4.0272888, 0.0], [15.7255554, -4.0259189, 0.0], [15.7241821, -4.0259189, 0.0], [15.7241821, -4.0272888, 0.0], [15.7241821, -4.0286587, 0.0], [15.7255554, -4.0286587, 0.0], [15.7255554, -4.0272888, 0.0]]]}}, {"type": "Feature", "properties": {"id": 2631}, "geometry": {"type": "Polygon", "coordinates": [[[15.6170654, -4.024549, 0.0], [15.6170654, -4.0259189, 0.0], [15.6184387, -4.0259189, 0.0], [15.6184387, -4.024549, 0.0], [15.6170654, -4.024549, 0.0]]]}}, {"type": "Feature", "properties": {"id": 2632}, "geometry": {"type": "Polygon", "coordinates": [[[15.6143188, -4.024549, 0.0], [15.6143188, -4.0259189, 0.0], [15.6156921, -4.0259189, 0.0], [15.6156921, -4.024549, 0.0], [15.6143188, -4.024549, 0.0]]]}}, {"type": "Feature", "properties": {"id": 2633}, "geometry": {"type": "Polygon", "coordinates": [[[15.6211853, -4.024549, 0.0], [15.6211853, -4.0259189, 0.0], [15.6225586, -4.0259189, 0.0], [15.6225586, -4.024549, 0.0], [15.6211853, -4.024549, 0.0]]]}}, {"type": "Feature", "properties": {"id": 2634}, "geometry": {"type": "Polygon", "coordinates": [[[15.8642578, -4.024549, 0.0], [15.8642578, -4.0259189, 0.0], [15.8656311, -4.0259189, 0.0], [15.8656311, -4.024549, 0.0], [15.8642578, -4.024549, 0.0]]]}}, {"type": "Feature", "properties": {"id": 2635}, "geometry": {"type": "Polygon", "coordinates": [[[15.6239319, -4.0231791, 0.0], [15.6239319, -4.024549, 0.0], [15.6253052, -4.024549, 0.0], [15.6253052, -4.0231791, 0.0], [15.6239319, -4.0231791, 0.0]]]}}, {"type": "Feature", "properties": {"id": 2636}, "geometry": {"type": "Polygon", "coordinates": [[[15.8573914, -4.0231791, 0.0], [15.8573914, -4.024549, 0.0], [15.8587646, -4.024549, 0.0], [15.8587646, -4.0231791, 0.0], [15.8573914, -4.0231791, 0.0]]]}}, {"type": "Feature", "properties": {"id": 2637}, "geometry": {"type": "Polygon", "coordinates": [[[15.8216858, -4.0231791, 0.0], [15.8216858, -4.024549, 0.0], [15.8230591, -4.024549, 0.0], [15.8230591, -4.0231791, 0.0], [15.8216858, -4.0231791, 0.0]]]}}, {"type": "Feature", "properties": {"id": 2638}, "geometry": {"type": "Polygon", "coordinates": [[[15.6678772, -4.0231791, 0.0], [15.6678772, -4.024549, 0.0], [15.6692505, -4.024549, 0.0], [15.6692505, -4.0231791, 0.0], [15.6678772, -4.0231791, 0.0]]]}}, {"type": "Feature", "properties": {"id": 2639}, "geometry": {"type": "Polygon", "coordinates": [[[15.6596375, -4.0231791, 0.0], [15.6596375, -4.024549, 0.0], [15.6610107, -4.024549, 0.0], [15.6610107, -4.0231791, 0.0], [15.6596375, -4.0231791, 0.0]]]}}, {"type": "Feature", "properties": {"id": 2640}, "geometry": {"type": "Polygon", "coordinates": [[[15.8930969, -4.0190694, 0.0], [15.8930969, -4.0204393, 0.0], [15.8944702, -4.0204393, 0.0], [15.8944702, -4.0190694, 0.0], [15.8930969, -4.0190694, 0.0]]]}}, {"type": "Feature", "properties": {"id": 2641}, "geometry": {"type": "Polygon", "coordinates": [[[15.9150696, -4.0149596, 0.0], [15.9150696, -4.0135897, 0.0], [15.9136963, -4.0135897, 0.0], [15.9136963, -4.0149596, 0.0], [15.9136963, -4.0163295, 0.0], [15.9150696, -4.0163295, 0.0], [15.9150696, -4.0149596, 0.0]]]}}, {"type": "Feature", "properties": {"id": 2642}, "geometry": {"type": "Polygon", "coordinates": [[[15.8203125, -4.0149596, 0.0], [15.8203125, -4.0163295, 0.0], [15.8216858, -4.0163295, 0.0], [15.8216858, -4.0149596, 0.0], [15.8203125, -4.0149596, 0.0]]]}}, {"type": "Feature", "properties": {"id": 2643}, "geometry": {"type": "Polygon", "coordinates": [[[15.8615112, -4.0149596, 0.0], [15.8615112, -4.0135897, 0.0], [15.8601379, -4.0135897, 0.0], [15.8601379, -4.0149596, 0.0], [15.8601379, -4.0163295, 0.0], [15.8615112, -4.0163295, 0.0], [15.8615112, -4.0149596, 0.0]]]}}, {"type": "Feature", "properties": {"id": 2644}, "geometry": {"type": "Polygon", "coordinates": [[[15.8683777, -4.0190694, 0.0], [15.8683777, -4.0176995, 0.0], [15.8670044, -4.0176995, 0.0], [15.8656311, -4.0176995, 0.0], [15.8656311, -4.0190694, 0.0], [15.8656311, -4.0204393, 0.0], [15.8670044, -4.0204393, 0.0], [15.8683777, -4.0204393, 0.0], [15.8683777, -4.0190694, 0.0]]]}}, {"type": "Feature", "properties": {"id": 2645}, "geometry": {"type": "Polygon", "coordinates": [[[15.8299255, -4.0176995, 0.0], [15.8299255, -4.0190694, 0.0], [15.8312988, -4.0190694, 0.0], [15.8312988, -4.0176995, 0.0], [15.8299255, -4.0176995, 0.0]]]}}, {"type": "Feature", "properties": {"id": 2646}, "geometry": {"type": "Polygon", "coordinates": [[[15.6362915, -4.0176995, 0.0], [15.6362915, -4.0190694, 0.0], [15.6376648, -4.0190694, 0.0], [15.6376648, -4.0176995, 0.0], [15.6362915, -4.0176995, 0.0]]]}}, {"type": "Feature", "properties": {"id": 2647}, "geometry": {"type": "Polygon", "coordinates": [[[15.8862305, -4.0163295, 0.0], [15.8862305, -4.0176995, 0.0], [15.8876038, -4.0176995, 0.0], [15.8876038, -4.0163295, 0.0], [15.8862305, -4.0163295, 0.0]]]}}, {"type": "Feature", "properties": {"id": 2648}, "geometry": {"type": "Polygon", "coordinates": [[[15.6376648, -4.0163295, 0.0], [15.6376648, -4.0176995, 0.0], [15.6390381, -4.0176995, 0.0], [15.6390381, -4.0163295, 0.0], [15.6376648, -4.0163295, 0.0]]]}}, {"type": "Feature", "properties": {"id": 2649}, "geometry": {"type": "Polygon", "coordinates": [[[15.6459045, -4.0163295, 0.0], [15.6459045, -4.0149596, 0.0], [15.6445312, -4.0149596, 0.0], [15.6445312, -4.0135897, 0.0], [15.643158, -4.0135897, 0.0], [15.6417847, -4.0135897, 0.0], [15.6417847, -4.0149596, 0.0], [15.6404114, -4.0149596, 0.0], [15.6404114, -4.0163295, 0.0], [15.6417847, -4.0163295, 0.0], [15.643158, -4.0163295, 0.0], [15.643158, -4.0176995, 0.0], [15.6445312, -4.0176995, 0.0], [15.6459045, -4.0176995, 0.0], [15.6459045, -4.0163295, 0.0]]]}}, {"type": "Feature", "properties": {"id": 2650}, "geometry": {"type": "Polygon", "coordinates": [[[15.7104492, -4.0135897, 0.0], [15.7104492, -4.0149596, 0.0], [15.7118225, -4.0149596, 0.0], [15.7118225, -4.0135897, 0.0], [15.7104492, -4.0135897, 0.0]]]}}, {"type": "Feature", "properties": {"id": 2651}, "geometry": {"type": "Polygon", "coordinates": [[[15.6486511, -4.0135897, 0.0], [15.6486511, -4.0149596, 0.0], [15.6500244, -4.0149596, 0.0], [15.6500244, -4.0135897, 0.0], [15.6486511, -4.0135897, 0.0]]]}}, {"type": "Feature", "properties": {"id": 2652}, "geometry": {"type": "Polygon", "coordinates": [[[15.8917236, -4.0135897, 0.0], [15.8917236, -4.0149596, 0.0], [15.8930969, -4.0149596, 0.0], [15.8930969, -4.0135897, 0.0], [15.8917236, -4.0135897, 0.0]]]}}, {"type": "Feature", "properties": {"id": 2653}, "geometry": {"type": "Polygon", "coordinates": [[[15.6568909, -4.0108499, 0.0], [15.6568909, -4.0122198, 0.0], [15.6582642, -4.0122198, 0.0], [15.6582642, -4.0108499, 0.0], [15.6568909, -4.0108499, 0.0]]]}}, {"type": "Feature", "properties": {"id": 2654}, "geometry": {"type": "Polygon", "coordinates": [[[15.6747437, -4.0067401, 0.0], [15.6733704, -4.0067401, 0.0], [15.6733704, -4.00811, 0.0], [15.6747437, -4.00811, 0.0], [15.6761169, -4.00811, 0.0], [15.6761169, -4.0067401, 0.0], [15.6747437, -4.0067401, 0.0]]]}}, {"type": "Feature", "properties": {"id": 2655}, "geometry": {"type": "Polygon", "coordinates": [[[15.8395386, -4.0053701, 0.0], [15.8395386, -4.0067401, 0.0], [15.8409119, -4.0067401, 0.0], [15.8409119, -4.0053701, 0.0], [15.8395386, -4.0053701, 0.0]]]}}, {"type": "Feature", "properties": {"id": 2656}, "geometry": {"type": "Polygon", "coordinates": [[[15.9082031, -4.0053701, 0.0], [15.9082031, -4.0067401, 0.0], [15.9095764, -4.0067401, 0.0], [15.9095764, -4.0053701, 0.0], [15.9082031, -4.0053701, 0.0]]]}}, {"type": "Feature", "properties": {"id": 2657}, "geometry": {"type": "Polygon", "coordinates": [[[15.9384155, -4.0040002, 0.0], [15.9384155, -4.0053701, 0.0], [15.9397888, -4.0053701, 0.0], [15.9397888, -4.0040002, 0.0], [15.9384155, -4.0040002, 0.0]]]}}, {"type": "Feature", "properties": {"id": 2658}, "geometry": {"type": "Polygon", "coordinates": [[[15.8738708, -4.0040002, 0.0], [15.8738708, -4.0053701, 0.0], [15.8752441, -4.0053701, 0.0], [15.8752441, -4.0040002, 0.0], [15.8738708, -4.0040002, 0.0]]]}}, {"type": "Feature", "properties": {"id": 2659}, "geometry": {"type": "Polygon", "coordinates": [[[15.6843567, -4.0040002, 0.0], [15.6843567, -4.0053701, 0.0], [15.68573, -4.0053701, 0.0], [15.68573, -4.0040002, 0.0], [15.6843567, -4.0040002, 0.0]]]}}, {"type": "Feature", "properties": {"id": 2660}, "geometry": {"type": "Polygon", "coordinates": [[[15.9370422, -4.0026302, 0.0], [15.9370422, -4.0012603, 0.0], [15.9370422, -3.9998904, 0.0], [15.9370422, -3.9985204, 0.0], [15.9356689, -3.9985204, 0.0], [15.9356689, -3.9998904, 0.0], [15.9356689, -4.0012603, 0.0], [15.9342957, -4.0012603, 0.0], [15.9342957, -4.0026302, 0.0], [15.9342957, -4.0040002, 0.0], [15.9356689, -4.0040002, 0.0], [15.9370422, -4.0040002, 0.0], [15.9370422, -4.0026302, 0.0]]]}}, {"type": "Feature", "properties": {"id": 2661}, "geometry": {"type": "Polygon", "coordinates": [[[15.68573, -4.0026302, 0.0], [15.68573, -4.0040002, 0.0], [15.6871033, -4.0040002, 0.0], [15.6871033, -4.0026302, 0.0], [15.68573, -4.0026302, 0.0]]]}}, {"type": "Feature", "properties": {"id": 2662}, "geometry": {"type": "Polygon", "coordinates": [[[15.8752441, -4.0026302, 0.0], [15.8752441, -4.0040002, 0.0], [15.8766174, -4.0040002, 0.0], [15.8766174, -4.0026302, 0.0], [15.8752441, -4.0026302, 0.0]]]}}, {"type": "Feature", "properties": {"id": 2663}, "geometry": {"type": "Polygon", "coordinates": [[[15.6925964, -4.0012603, 0.0], [15.6925964, -4.0026302, 0.0], [15.6939697, -4.0026302, 0.0], [15.6939697, -4.0012603, 0.0], [15.6925964, -4.0012603, 0.0]]]}}, {"type": "Feature", "properties": {"id": 2664}, "geometry": {"type": "Polygon", "coordinates": [[[15.9397888, -4.0012603, 0.0], [15.9397888, -4.0026302, 0.0], [15.9411621, -4.0026302, 0.0], [15.9411621, -4.0012603, 0.0], [15.9397888, -4.0012603, 0.0]]]}}, {"type": "Feature", "properties": {"id": 2665}, "geometry": {"type": "Polygon", "coordinates": [[[15.9150696, -3.9998904, 0.0], [15.9136963, -3.9998904, 0.0], [15.9136963, -4.0012603, 0.0], [15.9150696, -4.0012603, 0.0], [15.9164429, -4.0012603, 0.0], [15.9164429, -3.9998904, 0.0], [15.9150696, -3.9998904, 0.0]]]}}, {"type": "Feature", "properties": {"id": 2666}, "geometry": {"type": "Polygon", "coordinates": [[[15.846405, -3.9998904, 0.0], [15.846405, -4.0012603, 0.0], [15.8477783, -4.0012603, 0.0], [15.8477783, -3.9998904, 0.0], [15.846405, -3.9998904, 0.0]]]}}, {"type": "Feature", "properties": {"id": 2667}, "geometry": {"type": "Polygon", "coordinates": [[[15.8834839, -3.9998904, 0.0], [15.8834839, -3.9985204, 0.0], [15.8821106, -3.9985204, 0.0], [15.8821106, -3.9998904, 0.0], [15.8821106, -4.0012603, 0.0], [15.8834839, -4.0012603, 0.0], [15.8834839, -3.9998904, 0.0]]]}}, {"type": "Feature", "properties": {"id": 2668}, "geometry": {"type": "Polygon", "coordinates": [[[15.6980896, -3.9998904, 0.0], [15.6980896, -3.9985204, 0.0], [15.6967163, -3.9985204, 0.0], [15.6967163, -3.9998904, 0.0], [15.6967163, -4.0012603, 0.0], [15.6980896, -4.0012603, 0.0], [15.6980896, -3.9998904, 0.0]]]}}, {"type": "Feature", "properties": {"id": 2669}, "geometry": {"type": "Polygon", "coordinates": [[[15.7928467, -3.9998904, 0.0], [15.7928467, -4.0012603, 0.0], [15.79422, -4.0012603, 0.0], [15.79422, -3.9998904, 0.0], [15.7928467, -3.9998904, 0.0]]]}}, {"type": "Feature", "properties": {"id": 2670}, "geometry": {"type": "Polygon", "coordinates": [[[15.9260559, -3.9985204, 0.0], [15.9260559, -3.9998904, 0.0], [15.9274292, -3.9998904, 0.0], [15.9274292, -3.9985204, 0.0], [15.9260559, -3.9985204, 0.0]]]}}, {"type": "Feature", "properties": {"id": 2671}, "geometry": {"type": "Polygon", "coordinates": [[[15.9164429, -3.9985204, 0.0], [15.9164429, -3.9998904, 0.0], [15.9178162, -3.9998904, 0.0], [15.9178162, -3.9985204, 0.0], [15.9164429, -3.9985204, 0.0]]]}}, {"type": "Feature", "properties": {"id": 2672}, "geometry": {"type": "Polygon", "coordinates": [[[15.6994629, -3.9985204, 0.0], [15.6994629, -3.9998904, 0.0], [15.7008362, -3.9998904, 0.0], [15.7008362, -3.9985204, 0.0], [15.6994629, -3.9985204, 0.0]]]}}, {"type": "Feature", "properties": {"id": 2673}, "geometry": {"type": "Polygon", "coordinates": [[[15.7077026, -3.9985204, 0.0], [15.7090759, -3.9985204, 0.0], [15.7090759, -3.9971505, 0.0], [15.7077026, -3.9971505, 0.0], [15.7063293, -3.9971505, 0.0], [15.7049561, -3.9971505, 0.0], [15.7049561, -3.9985204, 0.0], [15.7049561, -3.9998904, 0.0], [15.7063293, -3.9998904, 0.0], [15.7077026, -3.9998904, 0.0], [15.7077026, -3.9985204, 0.0]]]}}, {"type": "Feature", "properties": {"id": 2674}, "geometry": {"type": "Polygon", "coordinates": [[[15.8615112, -3.9985204, 0.0], [15.8615112, -3.9998904, 0.0], [15.8628845, -3.9998904, 0.0], [15.8628845, -3.9985204, 0.0], [15.8615112, -3.9985204, 0.0]]]}}, {"type": "Feature", "properties": {"id": 2675}, "geometry": {"type": "Polygon", "coordinates": [[[15.7901001, -3.9985204, 0.0], [15.7901001, -3.9998904, 0.0], [15.7914734, -3.9998904, 0.0], [15.7914734, -3.9985204, 0.0], [15.7901001, -3.9985204, 0.0]]]}}, {"type": "Feature", "properties": {"id": 2676}, "geometry": {"type": "Polygon", "coordinates": [[[15.7159424, -3.9971505, 0.0], [15.7159424, -3.9985204, 0.0], [15.7173157, -3.9985204, 0.0], [15.718689, -3.9985204, 0.0], [15.718689, -3.9971505, 0.0], [15.7173157, -3.9971505, 0.0], [15.7159424, -3.9971505, 0.0]]]}}, {"type": "Feature", "properties": {"id": 2677}, "geometry": {"type": "Polygon", "coordinates": [[[15.7228088, -3.9971505, 0.0], [15.7228088, -3.9957805, 0.0], [15.7214355, -3.9957805, 0.0], [15.7200623, -3.9957805, 0.0], [15.7200623, -3.9971505, 0.0], [15.7200623, -3.9985204, 0.0], [15.7214355, -3.9985204, 0.0], [15.7228088, -3.9985204, 0.0], [15.7241821, -3.9985204, 0.0], [15.7241821, -3.9971505, 0.0], [15.7228088, -3.9971505, 0.0]]]}}, {"type": "Feature", "properties": {"id": 2678}, "geometry": {"type": "Polygon", "coordinates": [[[15.9507751, -3.9971505, 0.0], [15.9507751, -3.9985204, 0.0], [15.9521484, -3.9985204, 0.0], [15.9521484, -3.9971505, 0.0], [15.9507751, -3.9971505, 0.0]]]}}, {"type": "Feature", "properties": {"id": 2679}, "geometry": {"type": "Polygon", "coordinates": [[[15.7118225, -3.9971505, 0.0], [15.7118225, -3.9985204, 0.0], [15.7131958, -3.9985204, 0.0], [15.7131958, -3.9971505, 0.0], [15.7118225, -3.9971505, 0.0]]]}}, {"type": "Feature", "properties": {"id": 2680}, "geometry": {"type": "Polygon", "coordinates": [[[15.7296753, -3.9971505, 0.0], [15.7296753, -3.9957805, 0.0], [15.7296753, -3.9944106, 0.0], [15.728302, -3.9944106, 0.0], [15.728302, -3.9957805, 0.0], [15.728302, -3.9971505, 0.0], [15.728302, -3.9985204, 0.0], [15.7296753, -3.9985204, 0.0], [15.7296753, -3.9971505, 0.0]]]}}, {"type": "Feature", "properties": {"id": 2681}, "geometry": {"type": "Polygon", "coordinates": [[[15.7873535, -3.9971505, 0.0], [15.7873535, -3.9957805, 0.0], [15.7859802, -3.9957805, 0.0], [15.7859802, -3.9971505, 0.0], [15.7859802, -3.9985204, 0.0], [15.7873535, -3.9985204, 0.0], [15.7873535, -3.9971505, 0.0]]]}}, {"type": "Feature", "properties": {"id": 2682}, "geometry": {"type": "Polygon", "coordinates": [[[15.9301758, -3.9971505, 0.0], [15.9301758, -3.9985204, 0.0], [15.9315491, -3.9985204, 0.0], [15.9315491, -3.9971505, 0.0], [15.9301758, -3.9971505, 0.0]]]}}, {"type": "Feature", "properties": {"id": 2683}, "geometry": {"type": "Polygon", "coordinates": [[[15.9274292, -3.9957805, 0.0], [15.9274292, -3.9971505, 0.0], [15.9288025, -3.9971505, 0.0], [15.9288025, -3.9957805, 0.0], [15.9274292, -3.9957805, 0.0]]]}}, {"type": "Feature", "properties": {"id": 2684}, "geometry": {"type": "Polygon", "coordinates": [[[15.79422, -3.9957805, 0.0], [15.79422, -3.9971505, 0.0], [15.7955933, -3.9971505, 0.0], [15.7969666, -3.9971505, 0.0], [15.7969666, -3.9957805, 0.0], [15.7955933, -3.9957805, 0.0], [15.79422, -3.9957805, 0.0]]]}}, {"type": "Feature", "properties": {"id": 2685}, "geometry": {"type": "Polygon", "coordinates": [[[15.9315491, -3.9944106, 0.0], [15.9315491, -3.9957805, 0.0], [15.9329224, -3.9957805, 0.0], [15.9329224, -3.9944106, 0.0], [15.9315491, -3.9944106, 0.0]]]}}, {"type": "Feature", "properties": {"id": 2686}, "geometry": {"type": "Polygon", "coordinates": [[[15.8876038, -3.9957805, 0.0], [15.8862305, -3.9957805, 0.0], [15.8862305, -3.9971505, 0.0], [15.8876038, -3.9971505, 0.0], [15.8889771, -3.9971505, 0.0], [15.8889771, -3.9957805, 0.0], [15.8876038, -3.9957805, 0.0]]]}}, {"type": "Feature", "properties": {"id": 2687}, "geometry": {"type": "Polygon", "coordinates": [[[15.8752441, -3.9957805, 0.0], [15.8752441, -3.9971505, 0.0], [15.8766174, -3.9971505, 0.0], [15.8766174, -3.9957805, 0.0], [15.8752441, -3.9957805, 0.0]]]}}, {"type": "Feature", "properties": {"id": 2688}, "geometry": {"type": "Polygon", "coordinates": [[[15.8779907, -3.9944106, 0.0], [15.879364, -3.9944106, 0.0], [15.879364, -3.9930406, 0.0], [15.8779907, -3.9930406, 0.0], [15.8766174, -3.9930406, 0.0], [15.8766174, -3.9944106, 0.0], [15.8766174, -3.9957805, 0.0], [15.8779907, -3.9957805, 0.0], [15.8779907, -3.9944106, 0.0]]]}}, {"type": "Feature", "properties": {"id": 2689}, "geometry": {"type": "Polygon", "coordinates": [[[15.8711243, -3.9944106, 0.0], [15.8711243, -3.9957805, 0.0], [15.8724976, -3.9957805, 0.0], [15.8724976, -3.9944106, 0.0], [15.8711243, -3.9944106, 0.0]]]}}, {"type": "Feature", "properties": {"id": 2690}, "geometry": {"type": "Polygon", "coordinates": [[[15.9535217, -3.9944106, 0.0], [15.9535217, -3.9930406, 0.0], [15.9521484, -3.9930406, 0.0], [15.9521484, -3.9944106, 0.0], [15.9521484, -3.9957805, 0.0], [15.9535217, -3.9957805, 0.0], [15.9535217, -3.9944106, 0.0]]]}}, {"type": "Feature", "properties": {"id": 2691}, "geometry": {"type": "Polygon", "coordinates": [[[15.9507751, -3.9944106, 0.0], [15.9507751, -3.9930406, 0.0], [15.9494019, -3.9930406, 0.0], [15.9494019, -3.9944106, 0.0], [15.9494019, -3.9957805, 0.0], [15.9507751, -3.9957805, 0.0], [15.9507751, -3.9944106, 0.0]]]}}, {"type": "Feature", "properties": {"id": 2692}, "geometry": {"type": "Polygon", "coordinates": [[[15.7653809, -3.9944106, 0.0], [15.7667542, -3.9944106, 0.0], [15.7681274, -3.9944106, 0.0], [15.7681274, -3.9930406, 0.0], [15.7667542, -3.9930406, 0.0], [15.7667542, -3.9916706, 0.0], [15.7667542, -3.9903007, 0.0], [15.7653809, -3.9903007, 0.0], [15.7640076, -3.9903007, 0.0], [15.7626343, -3.9903007, 0.0], [15.761261, -3.9903007, 0.0], [15.761261, -3.9916706, 0.0], [15.761261, -3.9930406, 0.0], [15.7598877, -3.9930406, 0.0], [15.7598877, -3.9944106, 0.0], [15.761261, -3.9944106, 0.0], [15.7626343, -3.9944106, 0.0], [15.7640076, -3.9944106, 0.0], [15.7640076, -3.9957805, 0.0], [15.7653809, -3.9957805, 0.0], [15.7653809, -3.9944106, 0.0]]]}}, {"type": "Feature", "properties": {"id": 2693}, "geometry": {"type": "Polygon", "coordinates": [[[15.9260559, -3.9944106, 0.0], [15.9260559, -3.9930406, 0.0], [15.9246826, -3.9930406, 0.0], [15.9246826, -3.9944106, 0.0], [15.9246826, -3.9957805, 0.0], [15.9260559, -3.9957805, 0.0], [15.9260559, -3.9944106, 0.0]]]}}, {"type": "Feature", "properties": {"id": 2694}, "geometry": {"type": "Polygon", "coordinates": [[[15.7914734, -3.9930406, 0.0], [15.7914734, -3.9944106, 0.0], [15.7928467, -3.9944106, 0.0], [15.7928467, -3.9930406, 0.0], [15.7914734, -3.9930406, 0.0]]]}}, {"type": "Feature", "properties": {"id": 2695}, "geometry": {"type": "Polygon", "coordinates": [[[15.7351685, -3.9930406, 0.0], [15.7337952, -3.9930406, 0.0], [15.7337952, -3.9944106, 0.0], [15.7351685, -3.9944106, 0.0], [15.7365417, -3.9944106, 0.0], [15.7365417, -3.9930406, 0.0], [15.7351685, -3.9930406, 0.0]]]}}, {"type": "Feature", "properties": {"id": 2696}, "geometry": {"type": "Polygon", "coordinates": [[[15.770874, -3.9930406, 0.0], [15.770874, -3.9944106, 0.0], [15.7722473, -3.9944106, 0.0], [15.7722473, -3.9930406, 0.0], [15.770874, -3.9930406, 0.0]]]}}, {"type": "Feature", "properties": {"id": 2697}, "geometry": {"type": "Polygon", "coordinates": [[[15.7434082, -3.9930406, 0.0], [15.7434082, -3.9944106, 0.0], [15.7447815, -3.9944106, 0.0], [15.7447815, -3.9930406, 0.0], [15.7434082, -3.9930406, 0.0]]]}}, {"type": "Feature", "properties": {"id": 2698}, "geometry": {"type": "Polygon", "coordinates": [[[15.9466553, -3.9930406, 0.0], [15.9466553, -3.9944106, 0.0], [15.9480286, -3.9944106, 0.0], [15.9480286, -3.9930406, 0.0], [15.9466553, -3.9930406, 0.0]]]}}, {"type": "Feature", "properties": {"id": 2699}, "geometry": {"type": "Polygon", "coordinates": [[[15.7530212, -3.9916706, 0.0], [15.7530212, -3.9930406, 0.0], [15.7543945, -3.9930406, 0.0], [15.7543945, -3.9916706, 0.0], [15.7530212, -3.9916706, 0.0]]]}}, {"type": "Feature", "properties": {"id": 2700}, "geometry": {"type": "Polygon", "coordinates": [[[15.9329224, -3.9916706, 0.0], [15.9329224, -3.9930406, 0.0], [15.9342957, -3.9930406, 0.0], [15.9356689, -3.9930406, 0.0], [15.9356689, -3.9916706, 0.0], [15.9342957, -3.9916706, 0.0], [15.9329224, -3.9916706, 0.0]]]}}, {"type": "Feature", "properties": {"id": 2701}, "geometry": {"type": "Polygon", "coordinates": [[[15.9466553, -3.9903007, 0.0], [15.9466553, -3.9916706, 0.0], [15.9480286, -3.9916706, 0.0], [15.9480286, -3.9903007, 0.0], [15.9466553, -3.9903007, 0.0]]]}}, {"type": "Feature", "properties": {"id": 2702}, "geometry": {"type": "Polygon", "coordinates": [[[15.7695007, -3.9903007, 0.0], [15.7695007, -3.9916706, 0.0], [15.770874, -3.9916706, 0.0], [15.770874, -3.9903007, 0.0], [15.7695007, -3.9903007, 0.0]]]}}, {"type": "Feature", "properties": {"id": 2703}, "geometry": {"type": "Polygon", "coordinates": [[[15.9178162, -3.9903007, 0.0], [15.9178162, -3.9916706, 0.0], [15.9191895, -3.9916706, 0.0], [15.9191895, -3.9903007, 0.0], [15.9178162, -3.9903007, 0.0]]]}}, {"type": "Feature", "properties": {"id": 2704}, "geometry": {"type": "Polygon", "coordinates": [[[15.7997131, -3.9875608, 0.0], [15.7983398, -3.9875608, 0.0], [15.7983398, -3.9889307, 0.0], [15.7997131, -3.9889307, 0.0], [15.8010864, -3.9889307, 0.0], [15.8010864, -3.9875608, 0.0], [15.7997131, -3.9875608, 0.0]]]}}, {"type": "Feature", "properties": {"id": 2705}, "geometry": {"type": "Polygon", "coordinates": [[[15.9274292, -3.9875608, 0.0], [15.9274292, -3.9889307, 0.0], [15.9288025, -3.9889307, 0.0], [15.9288025, -3.9875608, 0.0], [15.9274292, -3.9875608, 0.0]]]}}, {"type": "Feature", "properties": {"id": 2706}, "geometry": {"type": "Polygon", "coordinates": [[[15.803833, -3.9875608, 0.0], [15.803833, -3.9889307, 0.0], [15.8052063, -3.9889307, 0.0], [15.8065796, -3.9889307, 0.0], [15.8065796, -3.9875608, 0.0], [15.8065796, -3.9861908, 0.0], [15.8052063, -3.9861908, 0.0], [15.8052063, -3.9875608, 0.0], [15.803833, -3.9875608, 0.0]]]}}, {"type": "Feature", "properties": {"id": 2707}, "geometry": {"type": "Polygon", "coordinates": [[[15.7928467, -3.9861908, 0.0], [15.7928467, -3.9875608, 0.0], [15.79422, -3.9875608, 0.0], [15.79422, -3.9861908, 0.0], [15.7928467, -3.9861908, 0.0]]]}}, {"type": "Feature", "properties": {"id": 2708}, "geometry": {"type": "Polygon", "coordinates": [[[15.9191895, -3.9861908, 0.0], [15.9205627, -3.9861908, 0.0], [15.9205627, -3.9848208, 0.0], [15.9191895, -3.9848208, 0.0], [15.9178162, -3.9848208, 0.0], [15.9178162, -3.9861908, 0.0], [15.9178162, -3.9875608, 0.0], [15.9191895, -3.9875608, 0.0], [15.9191895, -3.9861908, 0.0]]]}}, {"type": "Feature", "properties": {"id": 2709}, "geometry": {"type": "Polygon", "coordinates": [[[15.9150696, -3.9875608, 0.0], [15.9150696, -3.9889307, 0.0], [15.9164429, -3.9889307, 0.0], [15.9164429, -3.9875608, 0.0], [15.9150696, -3.9875608, 0.0]]]}}, {"type": "Feature", "properties": {"id": 2710}, "geometry": {"type": "Polygon", "coordinates": [[[15.9109497, -3.9875608, 0.0], [15.9109497, -3.9889307, 0.0], [15.912323, -3.9889307, 0.0], [15.912323, -3.9875608, 0.0], [15.9109497, -3.9875608, 0.0]]]}}, {"type": "Feature", "properties": {"id": 2711}, "geometry": {"type": "Polygon", "coordinates": [[[15.8079529, -3.9875608, 0.0], [15.8079529, -3.9889307, 0.0], [15.8093262, -3.9889307, 0.0], [15.8093262, -3.9875608, 0.0], [15.8079529, -3.9875608, 0.0]]]}}, {"type": "Feature", "properties": {"id": 2712}, "geometry": {"type": "Polygon", "coordinates": [[[15.8175659, -3.9861908, 0.0], [15.8175659, -3.9875608, 0.0], [15.8189392, -3.9875608, 0.0], [15.8203125, -3.9875608, 0.0], [15.8203125, -3.9861908, 0.0], [15.8216858, -3.9861908, 0.0], [15.8230591, -3.9861908, 0.0], [15.8230591, -3.9848208, 0.0], [15.8216858, -3.9848208, 0.0], [15.8203125, -3.9848208, 0.0], [15.8189392, -3.9848208, 0.0], [15.8189392, -3.9861908, 0.0], [15.8175659, -3.9861908, 0.0]]]}}, {"type": "Feature", "properties": {"id": 2713}, "geometry": {"type": "Polygon", "coordinates": [[[15.9315491, -3.9861908, 0.0], [15.9315491, -3.9875608, 0.0], [15.9329224, -3.9875608, 0.0], [15.9329224, -3.9861908, 0.0], [15.9315491, -3.9861908, 0.0]]]}}, {"type": "Feature", "properties": {"id": 2714}, "geometry": {"type": "Polygon", "coordinates": [[[15.9205627, -3.9861908, 0.0], [15.9205627, -3.9875608, 0.0], [15.921936, -3.9875608, 0.0], [15.921936, -3.9861908, 0.0], [15.9205627, -3.9861908, 0.0]]]}}, {"type": "Feature", "properties": {"id": 2715}, "geometry": {"type": "Polygon", "coordinates": [[[15.846405, -3.9820809, 0.0], [15.846405, -3.9834508, 0.0], [15.8477783, -3.9834508, 0.0], [15.8477783, -3.9820809, 0.0], [15.846405, -3.9820809, 0.0]]]}}, {"type": "Feature", "properties": {"id": 2716}, "geometry": {"type": "Polygon", "coordinates": [[[15.8834839, -3.9793409, 0.0], [15.8834839, -3.9807109, 0.0], [15.8848572, -3.9807109, 0.0], [15.8848572, -3.9793409, 0.0], [15.8834839, -3.9793409, 0.0]]]}}, {"type": "Feature", "properties": {"id": 2717}, "geometry": {"type": "Polygon", "coordinates": [[[15.8395386, -3.9779709, 0.0], [15.8395386, -3.9793409, 0.0], [15.8409119, -3.9793409, 0.0], [15.8409119, -3.9779709, 0.0], [15.8395386, -3.9779709, 0.0]]]}}, {"type": "Feature", "properties": {"id": 2718}, "geometry": {"type": "Polygon", "coordinates": [[[15.8354187, -3.9766009, 0.0], [15.8340454, -3.9766009, 0.0], [15.8340454, -3.9779709, 0.0], [15.8354187, -3.9779709, 0.0], [15.836792, -3.9779709, 0.0], [15.836792, -3.9766009, 0.0], [15.8354187, -3.9766009, 0.0]]]}}, {"type": "Feature", "properties": {"id": 2719}, "geometry": {"type": "Polygon", "coordinates": [[[15.8656311, -3.968381, 0.0], [15.8670044, -3.968381, 0.0], [15.8670044, -3.967011, 0.0], [15.8670044, -3.965641, 0.0], [15.8656311, -3.965641, 0.0], [15.8642578, -3.965641, 0.0], [15.8642578, -3.967011, 0.0], [15.8642578, -3.968381, 0.0], [15.8642578, -3.969751, 0.0], [15.8656311, -3.969751, 0.0], [15.8656311, -3.968381, 0.0]]]}}, {"type": "Feature", "properties": {"id": 2720}, "geometry": {"type": "Polygon", "coordinates": [[[15.8917236, -3.9834508, 0.0], [15.8917236, -3.9820809, 0.0], [15.8903503, -3.9820809, 0.0], [15.8903503, -3.9834508, 0.0], [15.8903503, -3.9848208, 0.0], [15.8917236, -3.9848208, 0.0], [15.8917236, -3.9834508, 0.0]]]}}, {"type": "Feature", "properties": {"id": 2721}, "geometry": {"type": "Polygon", "coordinates": [[[15.8903503, -3.958791, 0.0], [15.8903503, -3.960161, 0.0], [15.8917236, -3.960161, 0.0], [15.8917236, -3.958791, 0.0], [15.8903503, -3.958791, 0.0]]]}}, {"type": "Feature", "properties": {"id": 2722}, "geometry": {"type": "Polygon", "coordinates": [[[15.8930969, -3.9574209, 0.0], [15.8944702, -3.9574209, 0.0], [15.8958435, -3.9574209, 0.0], [15.8972168, -3.9574209, 0.0], [15.8972168, -3.9560509, 0.0], [15.8958435, -3.9560509, 0.0], [15.8944702, -3.9560509, 0.0], [15.8944702, -3.9546809, 0.0], [15.8930969, -3.9546809, 0.0], [15.8930969, -3.9560509, 0.0], [15.8917236, -3.9560509, 0.0], [15.8917236, -3.9574209, 0.0], [15.8917236, -3.958791, 0.0], [15.8930969, -3.958791, 0.0], [15.8930969, -3.9574209, 0.0]]]}}, {"type": "Feature", "properties": {"id": 2723}, "geometry": {"type": "Polygon", "coordinates": [[[15.8985901, -3.9546809, 0.0], [15.8985901, -3.9560509, 0.0], [15.8999634, -3.9560509, 0.0], [15.8999634, -3.9546809, 0.0], [15.8985901, -3.9546809, 0.0]]]}}, {"type": "Feature", "properties": {"id": 2724}, "geometry": {"type": "Polygon", "coordinates": [[[15.9054565, -3.9519409, 0.0], [15.9068298, -3.9519409, 0.0], [15.9068298, -3.9505708, 0.0], [15.9054565, -3.9505708, 0.0], [15.9054565, -3.9492008, 0.0], [15.9040833, -3.9492008, 0.0], [15.9040833, -3.9505708, 0.0], [15.9040833, -3.9519409, 0.0], [15.9054565, -3.9519409, 0.0]]]}}, {"type": "Feature", "properties": {"id": 2725}, "geometry": {"type": "Polygon", "coordinates": [[[15.8601379, -4.0218092, 0.0], [15.8601379, -4.0231791, 0.0], [15.8615112, -4.0231791, 0.0], [15.8615112, -4.0218092, 0.0], [15.8601379, -4.0218092, 0.0]]]}}, {"type": "Feature", "properties": {"id": 2726}, "geometry": {"type": "Polygon", "coordinates": [[[15.8821106, -4.0231791, 0.0], [15.8821106, -4.0218092, 0.0], [15.8807373, -4.0218092, 0.0], [15.8807373, -4.0231791, 0.0], [15.8807373, -4.024549, 0.0], [15.8821106, -4.024549, 0.0], [15.8821106, -4.0231791, 0.0]]]}}, {"type": "Feature", "properties": {"id": 2727}, "geometry": {"type": "Polygon", "coordinates": [[[15.7859802, -4.0204393, 0.0], [15.7859802, -4.0190694, 0.0], [15.7846069, -4.0190694, 0.0], [15.7846069, -4.0204393, 0.0], [15.7846069, -4.0218092, 0.0], [15.7859802, -4.0218092, 0.0], [15.7859802, -4.0204393, 0.0]]]}}, {"type": "Feature", "properties": {"id": 2728}, "geometry": {"type": "Polygon", "coordinates": [[[15.6980896, -4.0204393, 0.0], [15.6980896, -4.0190694, 0.0], [15.6967163, -4.0190694, 0.0], [15.6967163, -4.0204393, 0.0], [15.6967163, -4.0218092, 0.0], [15.6980896, -4.0218092, 0.0], [15.6994629, -4.0218092, 0.0], [15.6994629, -4.0204393, 0.0], [15.6980896, -4.0204393, 0.0]]]}}, {"type": "Feature", "properties": {"id": 2729}, "geometry": {"type": "Polygon", "coordinates": [[[15.6335449, -4.0204393, 0.0], [15.6349182, -4.0204393, 0.0], [15.6349182, -4.0190694, 0.0], [15.6335449, -4.0190694, 0.0], [15.6321716, -4.0190694, 0.0], [15.6321716, -4.0204393, 0.0], [15.6321716, -4.0218092, 0.0], [15.6335449, -4.0218092, 0.0], [15.6335449, -4.0204393, 0.0]]]}}, {"type": "Feature", "properties": {"id": 2730}, "geometry": {"type": "Polygon", "coordinates": [[[15.921936, -4.0204393, 0.0], [15.921936, -4.0218092, 0.0], [15.9233093, -4.0218092, 0.0], [15.9233093, -4.0204393, 0.0], [15.921936, -4.0204393, 0.0]]]}}]}
